-- phpMyAdmin SQL Dump
-- version 4.5.4.1deb2ubuntu2
-- http://www.phpmyadmin.net
--
-- Host: localhost
-- Generation Time: 2018-08-28 15:30:43
-- 服务器版本： 5.7.22-0ubuntu0.16.04.1
-- PHP Version: 7.0.30-0ubuntu0.16.04.1

SET SQL_MODE = "NO_AUTO_VALUE_ON_ZERO";
SET time_zone = "+00:00";


/*!40101 SET @OLD_CHARACTER_SET_CLIENT=@@CHARACTER_SET_CLIENT */;
/*!40101 SET @OLD_CHARACTER_SET_RESULTS=@@CHARACTER_SET_RESULTS */;
/*!40101 SET @OLD_COLLATION_CONNECTION=@@COLLATION_CONNECTION */;
/*!40101 SET NAMES utf8mb4 */;

--
-- Database: `jiuqian`
--

DELIMITER $$
--
-- 存储过程
--
CREATE DEFINER=`root`@`localhost` PROCEDURE `generate_order_num` (IN `type` VARCHAR(2) CHARSET utf8, IN `num` INT(10), IN `suffix` INT(10), IN `s` TINYINT(1) UNSIGNED, OUT `newOrderNum` VARCHAR(16) CHARSET utf8, OUT `v` INT(10) UNSIGNED)  NO SQL
    COMMENT '生成订单编号'
BEGIN
 declare currentDate varchar(8);
 declare maxNum int default 0;
 declare oldOrderNum varchar(16) default '';
 if(num = 6) then
 select date_format(now(), '%Y%m') into currentDate;
 else
 select date_format(now(), '%Y%m%d') into currentDate;
 end if;
 IF (s = 1) then
select IFNULL(o_num, '') into oldOrderNum
 from j_order
 where o_num REGEXP concat('[XB]',currentDate)
 order by o_id desc limit 1;
 select concat(type, currentDate) into currentDate;
 ELSE
 select concat(type, currentDate) into currentDate;
    select IFNULL(o_num, '') into oldOrderNum
    from j_order
    where o_num REGEXP concat('^',currentDate)
    order by o_num desc limit 1;
 END IF;
 if oldOrderNum != '' then
 set maxNum = convert(substring(oldOrderNum, -1 * suffix), decimal);
 end if;
 select concat(currentDate, LPAD((maxNum+1),suffix,'0')) into newOrderNum;
 insert into j_order(o_num, o_order_type) values (newOrderNum, type);
 select LAST_INSERT_ID() into v;
END$$

CREATE DEFINER=`root`@`localhost` PROCEDURE `generate_order_product_num` (IN `id` INT(10), IN `num` INT(5), IN `code` VARCHAR(2), IN `product` VARCHAR(64), IN `product_id` SMALLINT(4), OUT `opid` VARCHAR(1024), OUT `orderProductNum` VARCHAR(1024))  begin
 declare maxNum int default 0;
 declare step int default 1;
 declare orderNum varchar(16) default '';
 declare prefix varchar(64) default '';
 declare old varchar(64) default '';
 declare new varchar(64) default '';

 select o_num into orderNum from j_order where o_id = id;
 select concat(orderNum,'-',code) into prefix;
 select ifnull(op_num, '') into old
 from j_order_product where op_num REGEXP concat('^',prefix)
 order by substring(op_num,CHAR_LENGTH(prefix) + 1)+0 desc limit 1;
 if old != '' then
 set maxNum = convert(substring(old, CHAR_LENGTH(prefix) + 1), decimal);
 end if;

 set opid = '';
 set orderProductNum = '';
 label1: LOOP
select concat(prefix, (maxNum+step)) into new;
insert into j_order_product(op_order_id, op_num,op_product_id, op_product) values (id, new, product_id, product);
    select concat(orderProductNum, ',', new) into orderProductNum;
    select concat(opid, ',', LAST_INSERT_ID()) into opid;
    if step < num then
        set step = step + 1;
        ITERATE label1;
    END IF;
    LEAVE label1;
 END LOOP label1;
 END$$

CREATE DEFINER=`root`@`localhost` PROCEDURE `update_order_num` (IN `oid` INT(10), IN `num` INT(10))  begin
declare newOrderNum varchar(16);
declare currentDate varchar(8);
declare maxNum int default 0;
declare oldOrderNum varchar(16) default '';
select date_format(now(), '%Y%m%d') into currentDate;
select IFNULL(o_num, '') into oldOrderNum
from n9_order
where substring(o_num,1,num) = currentDate && o_id != oid
order by o_num desc limit 1;
if oldOrderNum != '' then
set maxNum = convert(substring(oldOrderNum, -3), decimal);
end if;
select concat(currentDate, LPAD((maxNum+1),3,'0')) into newOrderNum;
update n9_order set o_num = newOrderNum where o_id = oid;
end$$

DELIMITER ;

-- --------------------------------------------------------

--
-- 表的结构 `j_abnormity`
--

CREATE TABLE `j_abnormity` (
  `a_name` varchar(64) NOT NULL COMMENT '名称',
  `a_print_list` tinyint(1) UNSIGNED NOT NULL DEFAULT '1' COMMENT '打印',
  `a_scan` tinyint(1) UNSIGNED NOT NULL DEFAULT '1' COMMENT '扫描'
) ENGINE=InnoDB DEFAULT CHARSET=utf8 COMMENT='异形';

--
-- 转存表中的数据 `j_abnormity`
--

INSERT INTO `j_abnormity` (`a_name`, `a_print_list`, `a_scan`) VALUES
('G型拉手', 1, 1),
('倒圆', 1, 1),
('做软包', 1, 1),
('切角', 1, 1),
('圆弧', 1, 1),
('圆角', 1, 1),
('底板挖320mm半圆', 1, 1),
('开128暗扣拉手孔', 1, 1),
('开160暗扣拉手孔', 1, 1),
('开缺', 1, 1),
('开锁孔', 1, 1),
('异形', 1, 1),
('手工封边', 1, 0),
('打圆', 1, 1),
('暗扣拉手', 1, 1),
('榻榻米拉手', 1, 1),
('裁柳', 1, 1),
('装L型拉手见图', 1, 1),
('要切', 1, 1),
('贴铝膜', 1, 1),
('贴防水铝箔', 0, 1),
('避炉', 1, 1),
('酒格', 1, 1),
('锣圆', 1, 1);

-- --------------------------------------------------------

--
-- 表的结构 `j_application`
--

CREATE TABLE `j_application` (
  `a_id` int(10) UNSIGNED NOT NULL COMMENT 'v',
  `a_type` char(16) NOT NULL COMMENT '申请类型',
  `a_source_id` int(10) UNSIGNED NOT NULL COMMENT '源ID',
  `a_source` varchar(64) DEFAULT NULL COMMENT '源值',
  `a_des` varchar(64) DEFAULT NULL COMMENT '目标值',
  `a_remark` varchar(128) NOT NULL COMMENT '备注',
  `a_status` tinyint(1) UNSIGNED NOT NULL DEFAULT '1' COMMENT '状态',
  `a_creator` int(10) UNSIGNED NOT NULL COMMENT '申请人',
  `a_create_datetime` datetime NOT NULL COMMENT '申请日期',
  `a_replyer` int(10) UNSIGNED NOT NULL COMMENT '回复人',
  `a_reply_datetime` datetime DEFAULT NULL COMMENT '回复日期'
) ENGINE=InnoDB DEFAULT CHARSET=utf8 COMMENT='申请';

-- --------------------------------------------------------

--
-- 表的结构 `j_application_status`
--

CREATE TABLE `j_application_status` (
  `as_name` tinyint(1) UNSIGNED NOT NULL COMMENT 'v',
  `as_label` varchar(16) NOT NULL COMMENT 'Label'
) ENGINE=InnoDB DEFAULT CHARSET=utf8 COMMENT='申请状态';

--
-- 转存表中的数据 `j_application_status`
--

INSERT INTO `j_application_status` (`as_name`, `as_label`) VALUES
(0, '未通过'),
(1, '正在申请'),
(2, '已通过');

-- --------------------------------------------------------

--
-- 表的结构 `j_application_type`
--

CREATE TABLE `j_application_type` (
  `at_name` char(16) NOT NULL COMMENT 'v',
  `at_label` varchar(32) NOT NULL COMMENT 'Label'
) ENGINE=InnoDB DEFAULT CHARSET=utf8 COMMENT='申请类型';

--
-- 转存表中的数据 `j_application_type`
--

INSERT INTO `j_application_type` (`at_name`, `at_label`) VALUES
('payterms', '支付条款');

-- --------------------------------------------------------

--
-- 表的结构 `j_area`
--

CREATE TABLE `j_area` (
  `a_id` int(10) UNSIGNED NOT NULL COMMENT 'v',
  `a_province` varchar(64) DEFAULT NULL COMMENT '省',
  `a_city` varchar(64) DEFAULT NULL COMMENT '市',
  `a_county` varchar(64) DEFAULT NULL COMMENT '县'
) ENGINE=InnoDB DEFAULT CHARSET=utf8;

--
-- 转存表中的数据 `j_area`
--

INSERT INTO `j_area` (`a_id`, `a_province`, `a_city`, `a_county`) VALUES
(2900, '', '下陆区', ''),
(1492, '', '丹江口', ''),
(1526, '', '云梦县', ''),
(1520, '', '京山县', ''),
(2882, '', '仙桃市', ''),
(2869, '', '十堰市', ''),
(1486, '', '十堰市', '张湾区'),
(1485, '', '十堰市', '茅箭区'),
(1509, '', '南漳', ''),
(2877, '', '咸宁市', ''),
(1548, '', '咸宁市', '咸安区'),
(1553, '', '咸宁市', '赤壁市'),
(1550, '', '咸宁市', '通城县'),
(1552, '', '咸宁市', '通山县'),
(1549, '', '嘉鱼', ''),
(2888, '', '大冶市', ''),
(1525, '', '大悟县', ''),
(2884, '', '天门市', ''),
(2874, '', '孝感市', ''),
(1523, '', '孝感市', '孝南区'),
(1529, '', '孝感市', '汉川市'),
(2890, '', '孝昌', ''),
(1524, '', '孝昌县', ''),
(1528, '', '安陆市', ''),
(2870, '', '宜昌市', ''),
(1502, '', '宜昌市', '五峰'),
(1494, '', '宜昌市', '伍家岗区'),
(1499, '', '宜昌市', '兴山县'),
(1497, '', '宜昌市', '夷陵区'),
(1495, '', '宜昌市', '点军区'),
(1496, '', '宜昌市', '猇亭区'),
(1493, '', '宜昌市', '西陵区'),
(1501, '', '宜昌市', '长阳'),
(2889, '', '宜都', ''),
(1503, '', '宜都市', ''),
(1551, '', '崇阳', ''),
(2893, '', '广华', ''),
(2896, '', '应城', ''),
(1527, '', '应城市', ''),
(2899, '', '应山', ''),
(1504, '', '当阳市', ''),
(2879, '', '恩施', ''),
(1558, '', '恩施', '利川市'),
(1562, '', '恩施', '咸丰县'),
(1561, '', '恩施', '宣恩县'),
(1560, '', '恩施', '巴东县'),
(1559, '', '恩施', '建始县'),
(1557, '', '恩施', '恩施市'),
(1563, '', '恩施', '来凤县'),
(1564, '', '恩施', '鹤峰县'),
(1491, '', '房县', ''),
(2906, '', '新沟', ''),
(2902, '', '来凤', ''),
(1537, '', '松滋市', ''),
(2897, '', '枝城', ''),
(2887, '', '枝江市', ''),
(1513, '', '枣阳', ''),
(2867, '', '武汉市', ''),
(1473, '', '武汉市', '东西湖区'),
(1478, '', '武汉市', '新洲区'),
(1470, '', '武汉市', '武昌区'),
(1474, '', '武汉市', '汉南区'),
(1469, '', '武汉市', '汉阳区'),
(1476, '', '武汉市', '江夏区'),
(1466, '', '武汉市', '江岸区'),
(1467, '', '武汉市', '江汉区'),
(1472, '', '武汉市', '洪山区'),
(1468, '', '武汉市', '硚口区'),
(1475, '', '武汉市', '蔡甸区'),
(2886, '', '武汉市', '阳逻区'),
(1471, '', '武汉市', '青山区'),
(1477, '', '武汉市', '黄陂区'),
(2907, '', '沙市', ''),
(1521, '', '沙洋县', ''),
(2903, '', '洪湖', ''),
(2891, '', '浠水', ''),
(2909, '', '温泉', ''),
(2883, '', '潜江市', ''),
(2885, '', '神农架林区', ''),
(1500, '', '秭归县', ''),
(1489, '', '竹山县', ''),
(2895, '', '竹溪', ''),
(1490, '', '竹溪县', ''),
(1540, '', '红安县', ''),
(2901, '', '罗田', ''),
(2904, '', '老河口市', ''),
(2875, '', '荆州市', ''),
(1532, '', '荆州市', '公安县'),
(1534, '', '荆州市', '江陵县'),
(1530, '', '荆州市', '沙市区'),
(1536, '', '荆州市', '洪湖市'),
(1533, '', '荆州市', '监利县'),
(1535, '', '荆州市', '石首市'),
(1531, '', '荆州市', '荆州区'),
(2873, '', '荆门市', ''),
(1518, '', '荆门市', '东宝区'),
(1519, '', '荆门市', '掇刀区'),
(2871, '', '襄阳市', ''),
(1511, '', '襄阳市', '保康县'),
(1514, '', '襄阳市', '宜城市'),
(1507, '', '襄阳市', '樊城区'),
(1512, '', '襄阳市', '老河口市'),
(1506, '', '襄阳市', '襄城区'),
(1508, '', '襄阳市', '襄州区'),
(1510, '', '襄阳市', '谷城县'),
(2908, '', '贵阳市', ''),
(1498, '', '远安县', ''),
(1487, '', '郧县', ''),
(2892, '', '郧西', ''),
(1488, '', '郧西县', ''),
(2872, '', '鄂州市', ''),
(1516, '', '鄂州市', '华容区'),
(1515, '', '鄂州市', '梁子湖区'),
(1517, '', '鄂州市', '鄂城区'),
(2898, '', '野三关', ''),
(1522, '', '钟祥市', ''),
(1482, '', '铁山区', ''),
(1483, '', '阳新县', ''),
(2878, '', '随州市', ''),
(1556, '', '随州市', '广水市'),
(1554, '', '随州市', '曾都区'),
(1555, '', '随州市', '随县'),
(2894, '', '麻城', ''),
(2876, '', '黄冈市', ''),
(1539, '', '黄冈市', '团风县'),
(1547, '', '黄冈市', '武穴市'),
(1543, '', '黄冈市', '浠水县'),
(1541, '', '黄冈市', '罗田县'),
(1542, '', '黄冈市', '英山县'),
(1544, '', '黄冈市', '蕲春县'),
(1546, '', '黄冈市', '麻城市'),
(1538, '', '黄冈市', '黄州区'),
(1545, '', '黄冈市', '黄梅县'),
(2868, '', '黄石市', ''),
(1484, '', '黄石市', '大冶市'),
(1480, '', '黄石市', '西塞山区'),
(1479, '', '黄石市', '黄石港区'),
(2905, '', '龚场', ''),
(4, '湖北省', '大冶', '阳新'),
(1, '湖北省', '武汉市', '武昌区'),
(2, '湖北省', '武汉市', '江岸区');

-- --------------------------------------------------------

--
-- 表的结构 `j_board`
--

CREATE TABLE `j_board` (
  `b_name` varchar(64) NOT NULL COMMENT '名称',
  `b_length` int(10) UNSIGNED NOT NULL DEFAULT '0' COMMENT '长',
  `b_width` int(10) UNSIGNED NOT NULL DEFAULT '0' COMMENT '宽',
  `b_thick` int(10) UNSIGNED NOT NULL COMMENT '厚',
  `b_color` varchar(64) NOT NULL COMMENT '颜色',
  `b_nature` varchar(64) NOT NULL COMMENT '材质',
  `b_class` varchar(64) NOT NULL COMMENT '等级',
  `b_purchase` float UNSIGNED NOT NULL DEFAULT '0' COMMENT '采购价格',
  `b_unit_price` float(10,2) UNSIGNED NOT NULL DEFAULT '0.00' COMMENT '单价',
  `b_amount` float UNSIGNED NOT NULL DEFAULT '0' COMMENT '数量',
  `b_supplier_id` smallint(4) UNSIGNED NOT NULL COMMENT '供应商',
  `b_remark` varchar(128) DEFAULT NULL COMMENT '备注',
  `b_creator` int(10) UNSIGNED NOT NULL DEFAULT '1' COMMENT '创建人',
  `b_create_datetime` datetime NOT NULL COMMENT '创建日期',
  `b_status` tinyint(1) NOT NULL DEFAULT '1' COMMENT '状态'
) ENGINE=InnoDB DEFAULT CHARSET=utf8 COMMENT='板材';

--
-- 转存表中的数据 `j_board`
--

INSERT INTO `j_board` (`b_name`, `b_length`, `b_width`, `b_thick`, `b_color`, `b_nature`, `b_class`, `b_purchase`, `b_unit_price`, `b_amount`, `b_supplier_id`, `b_remark`, `b_creator`, `b_create_datetime`, `b_status`) VALUES
('1001珠光咖啡', 2440, 1220, 18, '2', '2', '2', 0, 0.00, 0, 1, '', 0, '0000-00-00 00:00:00', 0),
('1002枣红', 2440, 1220, 18, '2', '2', '2', 0, 0.00, 0, 8, '', 0, '0000-00-00 00:00:00', 0),
('12中纤板素板L', 2440, 1220, 12, '76', '4', '2', 0, 0.00, 0, 7, '', 0, '0000-00-00 00:00:00', 1),
('12多层板365安全柜体R', 2440, 1220, 12, '365安全柜体', '多层板', 'E1', 0, 100.00, 0, 1, '', 1, '2018-07-31 19:26:31', 1),
('12多层板傲雪凌霜T', 2440, 1220, 12, '10', '1', '2', 0, 0.00, 0, 3, '', 0, '0000-00-00 00:00:00', 1),
('12多层板暖白T', 2440, 1220, 12, '49', '4', '2', 0, 0.00, 0, 3, '', 0, '0000-00-00 00:00:00', 1),
('12欧松板暖白L', 2440, 1220, 5, '10', '4', '1', 0, 0.00, 0, 7, '', 0, '0000-00-00 00:00:00', 1),
('12生态板兔宝宝定制S', 2440, 1220, 12, '2', '3', '2', 0, 0.00, 0, 3, '', 0, '0000-00-00 00:00:00', 1),
('12生态板实木樱桃A', 2440, 1220, 12, '68', '3', '2', 0, 0.00, 0, 8, '', 0, '0000-00-00 00:00:00', 1),
('12生态板暖白T', 2440, 1220, 12, '2', '3', '2', 0, 0.00, 0, 3, '', 0, '0000-00-00 00:00:00', 1),
('12生态板江南之韵T', 2440, 1220, 12, '54', '3', '1', 0, 0.00, 0, 3, '', 0, '0000-00-00 00:00:00', 1),
('12生态板米兰灰橡A', 2440, 1220, 12, '69', '3', '2', 0, 0.00, 0, 8, '', 0, '0000-00-00 00:00:00', 1),
('12生态板红胡桃T', 2440, 1220, 12, '27', '3', '1', 0, 0.00, 0, 3, '', 0, '0000-00-00 00:00:00', 1),
('12生态板苏香桐A', 2440, 1220, 12, '7', '3', '2', 0, 0.00, 0, 8, '', 0, '0000-00-00 00:00:00', 1),
('12颗粒板365安全柜体R', 2440, 1220, 12, '365安全柜体', '颗粒板', 'E1', 0, 100.00, 0, 1, '', 1, '2018-07-31 19:26:31', 1),
('12颗粒板古典红木R', 2440, 1220, 12, '1', '2', '2', 0, 0.00, 0, 1, '', 0, '0000-00-00 00:00:00', 1),
('12颗粒板布居一格L', 2440, 1220, 12, '3', '2', '2', 0, 0.00, 0, 7, '', 0, '0000-00-00 00:00:00', 1),
('12颗粒板暖白L', 2440, 1220, 12, '49', '4', '1', 0, 0.00, 0, 1, '', 0, '0000-00-00 00:00:00', 1),
('12颗粒板浅胡桃木R', 2440, 1220, 12, '57', '2', '2', 0, 0.00, 0, 1, '', 0, '0000-00-00 00:00:00', 1),
('12颗粒板白胡桃L', 2440, 1220, 12, '41', '2', '2', 0, 0.00, 0, 7, '', 0, '0000-00-00 00:00:00', 1),
('12颗粒板苏香桐L', 2440, 1220, 12, '7', '2', '2', 0, 0.00, 0, 7, '', 0, '0000-00-00 00:00:00', 1),
('12颗粒板苹果木L', 2440, 1220, 12, '17', '2', '2', 0, 0.00, 0, 7, '', 0, '0000-00-00 00:00:00', 1),
('16多层板365安全柜体R', 2440, 1220, 16, '365安全柜体', '多层板', 'E1', 0, 100.00, 0, 1, '', 1, '2018-07-31 19:26:31', 1),
('16颗粒板365安全柜体R', 2440, 1220, 16, '365安全柜体', '颗粒板', 'E1', 0, 100.00, 0, 1, '', 1, '2018-07-31 19:26:31', 1),
('16颗粒板暖白L', 2440, 1220, 16, '2', '2', '2', 0, 65.00, 0, 1, '', 0, '0000-00-00 00:00:00', 1),
('16颗粒板灰钻', 2440, 1220, 16, '11', '2', '2', 0, 0.00, 0, 8, '', 0, '0000-00-00 00:00:00', 1),
('16颗粒板白钻', 2440, 1220, 16, '8', '2', '2', 0, 0.00, 0, 1, '', 0, '0000-00-00 00:00:00', 1),
('18E0级生态板傲雪凌霜T', 2440, 1220, 18, '4', '3', '1', 0, 0.00, 0, 3, '', 0, '0000-00-00 00:00:00', 1),
('18多层板8156L', 2440, 1220, 18, '10', '1', '2', 85, 0.00, 0, 7, '', 0, '0000-00-00 00:00:00', 1),
('18多层板一帘幽梦R', 2440, 1220, 18, '58', '1', '2', 85, 0.00, 0, 1, '', 0, '0000-00-00 00:00:00', 1),
('18多层板傲雪凌霜R', 2440, 1220, 18, '傲雪凌霜', '多层板', 'E1', 85, 100.00, 0, 1, '', 1, '2018-07-30 17:17:01', 1),
('18多层板傲雪凌霜T', 2440, 1220, 18, '4', '1', '2', 85, 0.00, 0, 3, '', 0, '0000-00-00 00:00:00', 1),
('18多层板古典红木L', 2440, 1220, 18, '1', '1', '2', 85, 0.00, 0, 7, '', 0, '0000-00-00 00:00:00', 1),
('18多层板古典红木R', 2440, 1220, 18, '1', '1', '2', 85, 85.00, 20, 1, '', 0, '0000-00-00 00:00:00', 1),
('18多层板开罗榆木T', 2440, 1220, 18, '50', '1', '2', 85, 0.00, 0, 3, '', 0, '0000-00-00 00:00:00', 1),
('18多层板春雨银丝R', 2440, 1220, 18, '37', '1', '2', 85, 0.00, 0, 1, '', 0, '0000-00-00 00:00:00', 1),
('18多层板暖白T', 2440, 1220, 18, '2', '1', '2', 85, 85.00, 20, 3, '', 0, '0000-00-00 00:00:00', 1),
('18多层板水洗白橡L', 2440, 1220, 18, '10', '1', '2', 85, 0.00, 0, 1, '', 0, '0000-00-00 00:00:00', 1),
('18多层板江南之韵T', 2440, 1220, 18, '4', '1', '2', 85, 0.00, 0, 3, '', 0, '0000-00-00 00:00:00', 1),
('18多层板油墨枫木T', 2440, 1220, 18, '36', '1', '2', 85, 0.00, 0, 3, '', 0, '0000-00-00 00:00:00', 1),
('18多层板泰柚T', 2440, 1220, 18, '26', '1', '2', 85, 0.00, 0, 3, '', 0, '0000-00-00 00:00:00', 1),
('18多层板浅胡桃木R', 2440, 1220, 18, '57', '1', '2', 85, 0.00, 0, 1, '', 0, '0000-00-00 00:00:00', 1),
('18多层板白布纹R', 2440, 1220, 18, '45', '1', '2', 85, 0.00, 0, 1, '', 0, '0000-00-00 00:00:00', 1),
('18多层板白松T', 2440, 1220, 18, '12', '1', '2', 85, 0.00, 0, 3, '', 0, '0000-00-00 00:00:00', 1),
('18多层板红胡桃T', 2440, 1220, 18, '27', '1', '2', 85, 0.00, 0, 3, '', 0, '0000-00-00 00:00:00', 1),
('18多层板美国红橡R', 2440, 1220, 18, '62', '1', '2', 85, 0.00, 0, 1, '', 0, '0000-00-00 00:00:00', 1),
('18多层板芬兰橡木R', 2440, 1220, 18, '10', '1', '2', 85, 0.00, 0, 1, '', 0, '0000-00-00 00:00:00', 1),
('18多层板苏香桐R', 2440, 1220, 18, '7', '1', '2', 85, 0.00, 0, 1, '', 0, '0000-00-00 00:00:00', 1),
('18多层板苹果木T', 2440, 1220, 18, '17', '1', '1', 85, 0.00, 0, 3, '', 0, '0000-00-00 00:00:00', 1),
('18多层板银丝胡桃T', 2440, 1220, 18, '49', '1', '2', 85, 0.00, 0, 3, '', 0, '0000-00-00 00:00:00', 1),
('18多层板青海云杉L', 2440, 1220, 18, '49', '1', '2', 85, 0.00, 0, 7, '', 0, '0000-00-00 00:00:00', 1),
('18多层板黄胡桃T', 2440, 1220, 18, '31', '1', '1', 85, 0.00, 0, 3, '', 0, '0000-00-00 00:00:00', 1),
('18欧松板暖白L', 2440, 1220, 18, '10', '4', '1', 0, 0.00, 0, 7, '', 0, '0000-00-00 00:00:00', 1),
('18生态板傲雪凌霜T', 2440, 1220, 18, '4', '3', '2', 0, 0.00, 0, 3, '', 0, '0000-00-00 00:00:00', 1),
('18生态板兔宝宝定制S', 2440, 1220, 18, '2', '3', '2', 0, 0.00, 0, 3, '', 0, '0000-00-00 00:00:00', 1),
('18生态板实木樱桃A', 2440, 1220, 18, '68', '3', '2', 0, 0.00, 0, 8, '', 0, '0000-00-00 00:00:00', 1),
('18生态板巴黎橡木T', 2440, 1220, 18, '49', '3', '2', 0, 0.00, 0, 3, '', 0, '0000-00-00 00:00:00', 1),
('18生态板新孔雀松R', 2440, 1220, 18, '10', '3', '2', 0, 0.00, 0, 1, '', 0, '0000-00-00 00:00:00', 1),
('18生态板暖白A', 2440, 1220, 18, '2', '3', '2', 0, 0.00, 0, 8, '', 0, '0000-00-00 00:00:00', 1),
('18生态板暖白L', 2440, 1220, 18, '10', '3', '2', 0, 0.00, 0, 7, '', 0, '0000-00-00 00:00:00', 1),
('18生态板暖白T', 2440, 1220, 18, '2', '3', '1', 0, 0.00, 0, 3, '', 0, '0000-00-00 00:00:00', 1),
('18生态板江南之韵T', 2440, 1220, 18, '54', '3', '1', 0, 0.00, 0, 3, '', 0, '0000-00-00 00:00:00', 1),
('18生态板油墨枫木T', 2, 1220, 18, '36', '3', '2', 0, 0.00, 0, 3, '', 0, '0000-00-00 00:00:00', 1),
('18生态板白松T', 2440, 1220, 18, '12', '3', '2', 0, 0.00, 0, 3, '', 0, '0000-00-00 00:00:00', 1),
('18生态板米兰灰橡A', 2440, 1220, 18, '69', '3', '2', 0, 0.00, 0, 8, '', 0, '0000-00-00 00:00:00', 1),
('18生态板红胡桃T', 2440, 1220, 18, '27', '3', '1', 0, 0.00, 0, 3, '', 0, '0000-00-00 00:00:00', 1),
('18生态板苏香桐A', 2440, 1220, 18, '7', '3', '2', 0, 0.00, 0, 8, '', 0, '0000-00-00 00:00:00', 1),
('18生态板金橡T', 2440, 1220, 18, '73', '3', '2', 0, 0.00, 0, 3, '', 0, '0000-00-00 00:00:00', 1),
('18生态板雨丝银橡T', 2440, 1220, 18, '49', '3', '2', 0, 0.00, 0, 3, '', 0, '0000-00-00 00:00:00', 1),
('18生态板香檀木R', 2440, 1220, 18, '10', '3', '2', 0, 0.00, 0, 1, '', 0, '0000-00-00 00:00:00', 1),
('18颗粒板1165麻面L', 2440, 1220, 18, '10', '2', '2', 0, 0.00, 0, 1, '', 0, '0000-00-00 00:00:00', 1),
('18颗粒板1306雾麻L', 2440, 1220, 18, '10', '2', '2', 0, 0.00, 0, 1, '', 0, '0000-00-00 00:00:00', 1),
('18颗粒板1316L', 2440, 1220, 18, '10', '2', '2', 0, 0.00, 0, 1, '', 0, '0000-00-00 00:00:00', 1),
('18颗粒板1413L', 2440, 1220, 18, '10', '2', '2', 0, 0.00, 0, 7, '', 0, '0000-00-00 00:00:00', 1),
('18颗粒板211L', 2440, 1220, 18, '49', '2', '2', 0, 0.00, 0, 7, '', 0, '0000-00-00 00:00:00', 1),
('18颗粒板365安全柜体R', 2440, 1220, 18, '13', '2', '2', 0, 0.00, 0, 1, '', 0, '0000-00-00 00:00:00', 1),
('18颗粒板TB01L', 2400, 1220, 18, '40', '2', '2', 0, 0.00, 0, 7, '', 0, '0000-00-00 00:00:00', 1),
('18颗粒板TB03真木纹L', 2440, 1220, 18, '52', '2', '2', 0, 0.00, 0, 7, '', 0, '0000-00-00 00:00:00', 1),
('18颗粒板傲雪凌霜L', 2440, 1220, 18, '4', '2', '2', 0, 0.00, 0, 7, '', 0, '0000-00-00 00:00:00', 1),
('18颗粒板傲雪凌霜R', 2440, 1220, 18, '傲雪凌霜', '颗粒板', 'E1', 80, 100.00, 0, 1, '', 1, '2018-07-30 17:17:01', 1),
('18颗粒板冰岛橡木R', 2440, 1220, 18, '60', '2', '2', 0, 0.00, 0, 1, '', 0, '0000-00-00 00:00:00', 1),
('18颗粒板南美胡桃R', 2440, 1220, 18, '49', '2', '2', 0, 0.00, 0, 1, '8016-F-2', 0, '0000-00-00 00:00:00', 1),
('18颗粒板印尼布纹白R', 2440, 1220, 18, '29', '2', '2', 0, 0.00, 0, 1, '', 0, '0000-00-00 00:00:00', 1),
('18颗粒板古典樱桃R', 2440, 1220, 5, '1', '2', '2', 0, 0.00, 0, 1, '', 0, '0000-00-00 00:00:00', 1),
('18颗粒板古典红木R', 2400, 1220, 18, '1', '2', '2', 0, 0.00, 0, 1, '', 0, '0000-00-00 00:00:00', 1),
('18颗粒板吉露暖白J', 2440, 1220, 18, '40', '2', '2', 0, 0.00, 0, 2, '', 0, '0000-00-00 00:00:00', 1),
('18颗粒板吉露麻灰J', 2440, 1220, 18, '39', '2', '2', 0, 0.00, 0, 2, '', 0, '0000-00-00 00:00:00', 1),
('18颗粒板咖啡影橡R', 2440, 1220, 18, '46', '2', '2', 0, 0.00, 0, 1, '', 0, '0000-00-00 00:00:00', 1),
('18颗粒板夏特布纹R', 2440, 1220, 18, '30', '2', '2', 0, 0.00, 0, 1, '', 0, '0000-00-00 00:00:00', 1),
('18颗粒板巴拉圭橡木R', 2440, 1220, 18, '15', '2', '2', 0, 0.00, 0, 1, '', 0, '0000-00-00 00:00:00', 1),
('18颗粒板布居一格L', 2440, 1220, 18, '3', '2', '2', 0, 0.00, 0, 1, '', 0, '0000-00-00 00:00:00', 1),
('18颗粒板幻彩陶胚R', 2440, 1220, 18, '35', '2', '2', 0, 0.00, 0, 1, '', 0, '0000-00-00 00:00:00', 1),
('18颗粒板新孔雀松R', 2440, 1220, 18, '25', '2', '2', 0, 0.00, 0, 1, '', 0, '0000-00-00 00:00:00', 1),
('18颗粒板暖白J', 2440, 1220, 18, '10', '2', '2', 0, 0.00, 0, 2, '', 0, '0000-00-00 00:00:00', 1),
('18颗粒板暖白L', 2440, 1220, 18, '2', '2', '2', 0, 0.00, 0, 1, '', 0, '0000-00-00 00:00:00', 1),
('18颗粒板暖白水曲柳R', 2440, 1220, 18, '33', '2', '2', 0, 0.00, 0, 1, '', 0, '0000-00-00 00:00:00', 1),
('18颗粒板枫木L', 2440, 1220, 18, '47', '2', '2', 0, 0.00, 0, 7, '', 0, '0000-00-00 00:00:00', 1),
('18颗粒板欧洲松木J', 2440, 1220, 18, '65', '2', '2', 0, 0.00, 0, 1, '', 0, '0000-00-00 00:00:00', 1),
('18颗粒板水洗白橡L', 2440, 1220, 18, '61', '2', '2', 0, 0.00, 0, 7, '', 0, '0000-00-00 00:00:00', 1),
('18颗粒板浅胡桃木R', 2440, 1220, 18, '57', '2', '2', 0, 0.00, 0, 1, '', 0, '0000-00-00 00:00:00', 1),
('18颗粒板田园橡木R', 2440, 1220, 18, '21', '2', '2', 0, 0.00, 0, 1, '', 0, '0000-00-00 00:00:00', 1),
('18颗粒板白布纹R', 2440, 1220, 18, '10', '2', '2', 0, 0.00, 0, 1, '', 0, '0000-00-00 00:00:00', 1),
('18颗粒板白桦木L', 2440, 1220, 18, '28', '2', '2', 0, 0.00, 0, 7, '', 0, '0000-00-00 00:00:00', 1),
('18颗粒板白水曲R', 2440, 1220, 18, '75', '2', '2', 0, 0.00, 0, 1, '', 0, '0000-00-00 00:00:00', 1),
('18颗粒板白牡丹R', 2440, 1220, 18, '38', '2', '2', 0, 0.00, 0, 1, '', 0, '0000-00-00 00:00:00', 1),
('18颗粒板白胡桃L', 2440, 1220, 18, '41', '2', '2', 0, 0.00, 0, 7, '', 0, '0000-00-00 00:00:00', 1),
('18颗粒板索菲亚红L', 2440, 1220, 18, '5', '2', '2', 0, 0.00, 0, 1, '', 0, '0000-00-00 00:00:00', 1),
('18颗粒板索菲樱桃R', 2440, 1220, 18, '44', '2', '2', 0, 0.00, 0, 1, '', 0, '0000-00-00 00:00:00', 1),
('18颗粒板红樱桃L', 2440, 1220, 18, '72', '2', '2', 0, 0.00, 0, 1, '', 0, '0000-00-00 00:00:00', 1),
('18颗粒板美国红橡R', 2440, 1220, 18, '62', '2', '2', 0, 0.00, 0, 1, '', 0, '0000-00-00 00:00:00', 1),
('18颗粒板芬兰橡木R', 2440, 1220, 18, '48', '2', '2', 0, 0.00, 0, 1, '', 0, '0000-00-00 00:00:00', 1),
('18颗粒板苏香桐L', 2440, 1220, 18, '7', '2', '2', 0, 0.00, 0, 1, '', 0, '0000-00-00 00:00:00', 1),
('18颗粒板苹果木L', 2440, 1220, 18, '17', '2', '2', 0, 0.00, 0, 7, '', 0, '0000-00-00 00:00:00', 1),
('18颗粒板蒙特灰橡L', 2440, 1220, 18, '22', '2', '2', 0, 0.00, 0, 1, '', 0, '0000-00-00 00:00:00', 1),
('18颗粒板铁木R', 2440, 1220, 18, '10', '2', '2', 0, 0.00, 0, 1, '', 0, '0000-00-00 00:00:00', 1),
('18颗粒板雄色百汇R', 2440, 1220, 18, '23', '2', '2', 0, 0.00, 0, 1, '', 0, '0000-00-00 00:00:00', 1),
('18颗粒板雪松L', 2440, 1220, 18, '10', '2', '2', 0, 0.00, 0, 7, '', 0, '0000-00-00 00:00:00', 1),
('18颗粒板雪橡R', 2440, 1220, 18, '13', '2', '2', 0, 0.00, 0, 1, '', 0, '0000-00-00 00:00:00', 1),
('18颗粒板青海云杉L', 2440, 1220, 18, '9', '2', '2', 0, 0.00, 0, 1, '', 0, '0000-00-00 00:00:00', 1),
('18颗粒板香檀木R', 2440, 1220, 18, '14', '2', '2', 0, 0.00, 0, 1, '', 0, '0000-00-00 00:00:00', 1),
('18颗粒板黄水曲柳R', 2440, 1220, 18, '34', '2', '2', 0, 0.00, 0, 1, '', 0, '0000-00-00 00:00:00', 1),
('18颗粒板黑色真木纹R', 2440, 1220, 18, '77', '2', '2', 0, 0.00, 0, 1, '', 0, '0000-00-00 00:00:00', 1),
('18马六甲板黑胡桃木肌肤板T', 2440, 1220, 18, '49', '3', '2', 0, 0.00, 0, 3, '马六甲生态板', 0, '0000-00-00 00:00:00', 1),
('2010绿玫瑰', 2440, 1220, 18, '2', '2', '2', 0, 0.00, 0, 8, '', 0, '0000-00-00 00:00:00', 1),
('2015经典布纹', 2440, 1220, 18, '2', '2', '2', 0, 0.00, 0, 8, '', 0, '0000-00-00 00:00:00', 1),
('2118 红松', 2440, 1220, 18, '63', '2', '2', 0, 0.00, 0, 7, '', 0, '0000-00-00 00:00:00', 1),
('25多层板一帘幽梦R', 2440, 1220, 25, '58', '1', '2', 0, 0.00, 0, 1, '', 0, '0000-00-00 00:00:00', 1),
('25多层板春雨银丝R', 2440, 1220, 25, '37', '1', '2', 0, 0.00, 0, 1, '', 0, '0000-00-00 00:00:00', 1),
('25多层板暖白T', 2440, 1220, 25, '10', '4', '1', 0, 0.00, 0, 1, '', 0, '0000-00-00 00:00:00', 1),
('25多层板芬兰橡木R', 2440, 1220, 25, '10', '1', '2', 0, 0.00, 0, 1, '', 0, '0000-00-00 00:00:00', 1),
('25多层板苏香桐R', 2440, 1220, 25, '7', '1', '2', 0, 0.00, 0, 1, '', 0, '0000-00-00 00:00:00', 1),
('25颗粒板1306雾麻L', 2440, 1220, 25, '10', '2', '2', 0, 0.00, 0, 1, '', 0, '0000-00-00 00:00:00', 1),
('25颗粒板TB01L', 2400, 1220, 25, '10', '2', '2', 0, 0.00, 0, 7, '', 0, '0000-00-00 00:00:00', 1),
('25颗粒板古典红木R', 2440, 1220, 25, '1', '2', '2', 0, 0.00, 0, 1, '', 0, '0000-00-00 00:00:00', 1),
('25颗粒板布居一格L', 2440, 1220, 25, '10', '2', '2', 0, 0.00, 0, 7, '', 0, '0000-00-00 00:00:00', 1),
('25颗粒板新孔雀松R', 2440, 1220, 25, '10', '2', '2', 0, 0.00, 0, 1, '', 0, '0000-00-00 00:00:00', 1),
('25颗粒板暖白L', 2440, 1220, 25, '2', '2', '2', 0, 0.00, 0, 1, '', 0, '0000-00-00 00:00:00', 1),
('25颗粒板水洗白橡L', 2440, 1220, 25, '61', '2', '2', 0, 0.00, 0, 7, '', 0, '0000-00-00 00:00:00', 1),
('25颗粒板浅胡桃木R', 2440, 1220, 25, '57', '2', '2', 0, 0.00, 0, 1, '', 0, '0000-00-00 00:00:00', 1),
('25颗粒板田园橡木R', 2400, 1200, 25, '21', '2', '2', 0, 0.00, 0, 1, '', 0, '0000-00-00 00:00:00', 1),
('25颗粒板白胡桃L', 2440, 1220, 25, '41', '2', '2', 0, 0.00, 0, 7, '', 0, '0000-00-00 00:00:00', 1),
('25颗粒板美国红橡R', 2440, 1220, 25, '62', '2', '2', 0, 0.00, 0, 1, '', 0, '0000-00-00 00:00:00', 1),
('25颗粒板芬兰橡木R', 2440, 1220, 25, '49', '2', '2', 0, 0.00, 0, 1, '', 0, '0000-00-00 00:00:00', 1),
('25颗粒板苏香桐L', 2440, 1220, 25, '7', '2', '2', 0, 0.00, 0, 7, '', 0, '0000-00-00 00:00:00', 1),
('25颗粒板苹果木L', 2440, 1220, 25, '17', '2', '2', 0, 0.00, 0, 7, '', 0, '0000-00-00 00:00:00', 1),
('25颗粒板铁木R', 2440, 1220, 25, '10', '2', '2', 0, 0.00, 0, 1, '', 0, '0000-00-00 00:00:00', 1),
('25颗粒板雪松L', 2440, 1220, 25, '10', '2', '2', 0, 0.00, 0, 7, '', 0, '0000-00-00 00:00:00', 1),
('25颗粒板黑色真木纹R', 2440, 1220, 25, '77', '2', '2', 0, 0.00, 0, 1, '', 0, '0000-00-00 00:00:00', 1),
('2811黑条纹', 2440, 1220, 18, '2', '2', '2', 0, 0.00, 0, 8, '', 0, '0000-00-00 00:00:00', 1),
('2812白条纹', 2440, 1220, 18, '2', '2', '2', 0, 0.00, 0, 8, '', 0, '0000-00-00 00:00:00', 1),
('3125巴西紫橡', 2440, 1220, 18, '2', '2', '2', 0, 0.00, 0, 1, '', 0, '0000-00-00 00:00:00', 1),
('36多层板傲雪凌霜T', 2440, 1220, 36, '4', '1', '2', 0, 0.00, 0, 3, '', 0, '0000-00-00 00:00:00', 1),
('36多层板暖白T', 2440, 1220, 36, '49', '1', '2', 0, 0.00, 0, 3, '', 0, '0000-00-00 00:00:00', 1),
('36多层板银丝胡桃T', 2440, 1220, 36, '10', '1', '2', 0, 0.00, 0, 3, '', 0, '0000-00-00 00:00:00', 1),
('36生态板傲雪凌霜T', 2400, 1200, 36, '4', '3', '2', 0, 0.00, 0, 3, '', 0, '0000-00-00 00:00:00', 1),
('36生态板暖白T', 2440, 1220, 36, '2', '3', '1', 0, 0.00, 0, 3, '', 0, '0000-00-00 00:00:00', 1),
('36生态板江南之韵T', 2440, 1220, 36, '54', '3', '1', 0, 0.00, 0, 3, '', 0, '0000-00-00 00:00:00', 1),
('36生态板雨丝银橡T', 2440, 1220, 36, '49', '3', '2', 0, 0.00, 0, 3, '', 0, '0000-00-00 00:00:00', 1),
('36颗粒板暖白L', 2440, 1220, 36, '2', '2', '2', 0, 0.00, 0, 7, '', 0, '0000-00-00 00:00:00', 1),
('3920春雨银丝', 2440, 1220, 18, '37', '2', '2', 0, 0.00, 0, 8, '', 0, '0000-00-00 00:00:00', 1),
('3922彩色沙漠', 2440, 1220, 18, '2', '2', '2', 0, 0.00, 0, 8, '', 0, '0000-00-00 00:00:00', 1),
('3923松木', 2440, 1220, 18, '2', '2', '2', 0, 0.00, 0, 1, '', 0, '0000-00-00 00:00:00', 1),
('4027香草绿', 2440, 1220, 18, '2', '2', '2', 0, 0.00, 0, 8, '', 0, '0000-00-00 00:00:00', 1),
('4029酒红', 2440, 1220, 18, '2', '2', '2', 0, 0.00, 0, 8, '', 0, '0000-00-00 00:00:00', 1),
('5031红宝石', 2440, 1220, 18, '2', '2', '2', 0, 0.00, 0, 8, '', 0, '0000-00-00 00:00:00', 1),
('5033黄金甲', 2440, 1220, 18, '2', '2', '2', 0, 0.00, 0, 8, '', 0, '0000-00-00 00:00:00', 1),
('5034银装素裹', 2440, 1220, 18, '18', '2', '2', 0, 0.00, 0, 8, '', 0, '0000-00-00 00:00:00', 1),
('5035宝马金', 2440, 1220, 18, '19', '2', '2', 0, 0.00, 0, 8, '', 0, '0000-00-00 00:00:00', 1),
('5036土豪金', 2400, 1220, 18, '2', '4', '2', 0, 0.00, 0, 8, '', 0, '0000-00-00 00:00:00', 1),
('5037丝绸醉银', 2440, 1220, 18, '2', '2', '2', 0, 0.00, 0, 8, '', 0, '0000-00-00 00:00:00', 1),
('5038咖啡宝石', 2440, 1220, 18, '2', '4', '2', 0, 0.00, 0, 8, '', 0, '0000-00-00 00:00:00', 1),
('5E0级生态板傲雪凌霜T', 2440, 1220, 5, '4', '3', '1', 0, 0.00, 0, 3, '', 0, '0000-00-00 00:00:00', 1),
('5多层板8156L', 2440, 1220, 5, '49', '1', '2', 0, 0.00, 0, 7, '', 0, '0000-00-00 00:00:00', 1),
('5多层板一帘幽梦R', 2440, 1220, 5, '58', '1', '2', 0, 0.00, 0, 1, '', 0, '0000-00-00 00:00:00', 1),
('5多层板傲雪凌霜T', 2440, 1220, 5, '4', '1', '1', 0, 0.00, 0, 3, '', 0, '0000-00-00 00:00:00', 1),
('5多层板古典红木L', 2440, 1220, 5, '1', '1', '2', 0, 0.00, 0, 7, '', 0, '0000-00-00 00:00:00', 1),
('5多层板古典红木R', 2440, 1220, 5, '1', '1', '2', 0, 0.00, 0, 1, '', 0, '0000-00-00 00:00:00', 1),
('5多层板开罗榆木T', 2440, 1220, 5, '50', '1', '2', 0, 0.00, 0, 3, '', 0, '0000-00-00 00:00:00', 1),
('5多层板春雨银丝R', 2440, 1220, 5, '37', '1', '2', 0, 0.00, 0, 1, '', 0, '0000-00-00 00:00:00', 1),
('5多层板暖白T', 2440, 1220, 5, '2', '1', '2', 0, 0.00, 0, 3, '', 0, '0000-00-00 00:00:00', 1),
('5多层板水洗白橡L', 2440, 1220, 5, '61', '1', '2', 0, 0.00, 0, 7, '', 0, '0000-00-00 00:00:00', 1),
('5多层板江南之韵T', 2440, 1220, 5, '4', '1', '2', 0, 0.00, 0, 3, '', 0, '0000-00-00 00:00:00', 1),
('5多层板油墨枫木T', 2440, 1220, 5, '36', '1', '2', 0, 0.00, 0, 3, '', 0, '0000-00-00 00:00:00', 1),
('5多层板泰柚T', 2440, 1220, 5, '26', '1', '2', 0, 0.00, 0, 3, '', 0, '0000-00-00 00:00:00', 1),
('5多层板浅胡桃木R', 2440, 1220, 5, '57', '1', '2', 0, 0.00, 0, 1, '', 0, '0000-00-00 00:00:00', 1),
('5多层板白布纹R', 2440, 1220, 5, '45', '1', '2', 0, 0.00, 0, 1, '', 0, '0000-00-00 00:00:00', 1),
('5多层板白松T', 2440, 1220, 5, '12', '1', '2', 0, 0.00, 0, 3, '', 0, '0000-00-00 00:00:00', 1),
('5多层板红胡桃T', 2440, 1220, 5, '27', '1', '2', 0, 0.00, 0, 3, '', 0, '0000-00-00 00:00:00', 1),
('5多层板美国红橡R', 2440, 1220, 5, '62', '1', '2', 0, 0.00, 0, 1, '', 0, '0000-00-00 00:00:00', 1),
('5多层板芬兰橡木R', 2440, 1220, 5, '10', '1', '2', 0, 0.00, 0, 1, '', 0, '0000-00-00 00:00:00', 1),
('5多层板苏香桐R', 2440, 1220, 5, '7', '1', '2', 0, 0.00, 0, 1, '', 0, '0000-00-00 00:00:00', 1),
('5多层板苹果木T', 2440, 1220, 5, '17', '1', '2', 0, 0.00, 0, 3, '', 0, '0000-00-00 00:00:00', 1),
('5多层板银丝胡桃T', 2440, 1220, 5, '10', '1', '2', 0, 0.00, 0, 3, '', 0, '0000-00-00 00:00:00', 1),
('5多层板青海云杉L', 2440, 1220, 5, '10', '1', '2', 0, 0.00, 0, 7, '', 0, '0000-00-00 00:00:00', 1),
('5多层板黄胡桃T', 2440, 1220, 5, '31', '1', '1', 0, 0.00, 0, 3, '', 0, '0000-00-00 00:00:00', 1),
('5欧松板暖白L', 2440, 1220, 5, '10', '4', '1', 0, 0.00, 0, 1, '', 0, '0000-00-00 00:00:00', 1),
('5生态板傲雪凌霜T', 2440, 1220, 5, '4', '3', '2', 0, 0.00, 0, 3, '', 0, '0000-00-00 00:00:00', 1),
('5生态板兔宝宝定制S', 2440, 1220, 5, '2', '3', '2', 0, 0.00, 0, 3, '', 0, '0000-00-00 00:00:00', 1),
('5生态板实木樱桃A', 2440, 1220, 5, '68', '3', '2', 0, 0.00, 0, 8, '', 0, '0000-00-00 00:00:00', 1),
('5生态板巴黎橡木T', 2440, 1220, 5, '10', '3', '2', 0, 0.00, 0, 3, '', 0, '0000-00-00 00:00:00', 1),
('5生态板新孔雀松R', 2440, 1220, 5, '10', '4', '2', 0, 0.00, 0, 1, '', 0, '0000-00-00 00:00:00', 1),
('5生态板暖白A', 2440, 1220, 5, '2', '3', '2', 0, 0.00, 0, 8, '', 0, '0000-00-00 00:00:00', 1),
('5生态板暖白L', 2440, 1220, 5, '10', '4', '2', 0, 0.00, 0, 7, '', 0, '0000-00-00 00:00:00', 1),
('5生态板暖白T', 2440, 1220, 5, '2', '3', '2', 0, 0.00, 0, 3, '', 0, '0000-00-00 00:00:00', 1),
('5生态板江南之韵T', 2440, 1220, 5, '54', '3', '1', 0, 0.00, 0, 3, '', 0, '0000-00-00 00:00:00', 1),
('5生态板白松T', 2440, 1220, 5, '12', '3', '2', 0, 0.00, 0, 3, '', 0, '0000-00-00 00:00:00', 1),
('5生态板米兰灰橡A', 2440, 1220, 5, '69', '3', '2', 0, 0.00, 0, 8, '', 0, '0000-00-00 00:00:00', 1),
('5生态板红胡桃T', 2440, 1220, 5, '27', '3', '1', 0, 0.00, 0, 3, '', 0, '0000-00-00 00:00:00', 1),
('5生态板苏香桐A', 2440, 1220, 5, '7', '3', '2', 0, 0.00, 0, 8, '', 0, '0000-00-00 00:00:00', 1),
('5生态板金橡T', 2440, 1220, 5, '73', '3', '2', 0, 0.00, 0, 3, '', 0, '0000-00-00 00:00:00', 1),
('5生态板雨丝银橡T', 2440, 1220, 5, '49', '3', '2', 0, 0.00, 0, 3, '', 0, '0000-00-00 00:00:00', 1),
('5生态板香檀木R', 2440, 1220, 5, '10', '4', '2', 0, 0.00, 0, 1, '', 0, '0000-00-00 00:00:00', 1),
('5颗粒板1165麻面L', 2440, 1220, 5, '10', '2', '2', 0, 0.00, 0, 7, '', 0, '0000-00-00 00:00:00', 1),
('5颗粒板1306雾麻L', 2440, 1220, 5, '49', '4', '2', 0, 0.00, 0, 7, '', 0, '0000-00-00 00:00:00', 1),
('5颗粒板1413L', 2440, 1220, 5, '49', '4', '2', 0, 0.00, 0, 7, '', 0, '0000-00-00 00:00:00', 1),
('5颗粒板365安全柜体R', 2440, 1220, 5, '13', '2', '2', 0, 0.00, 0, 1, '', 0, '0000-00-00 00:00:00', 1),
('5颗粒板TB01L', 2400, 1220, 5, '40', '4', '2', 0, 0.00, 0, 7, '', 0, '0000-00-00 00:00:00', 1),
('5颗粒板TB03真木纹L', 2440, 1220, 5, '52', '2', '2', 0, 0.00, 0, 7, '', 0, '0000-00-00 00:00:00', 1),
('5颗粒板傲雪凌霜L', 2440, 1220, 5, '4', '2', '2', 0, 0.00, 0, 7, '', 0, '0000-00-00 00:00:00', 1),
('5颗粒板南美胡桃R', 2440, 1220, 5, '49', '2', '2', 0, 0.00, 0, 1, '', 0, '0000-00-00 00:00:00', 1),
('5颗粒板古典樱桃R', 2440, 1220, 5, '1', '4', '2', 0, 0.00, 0, 1, '', 0, '0000-00-00 00:00:00', 1),
('5颗粒板古典红木R', 2440, 1220, 5, '1', '4', '2', 0, 0.00, 0, 1, '', 0, '0000-00-00 00:00:00', 1),
('5颗粒板吉露暖白J', 2440, 1220, 5, '40', '2', '2', 0, 0.00, 0, 8, '', 0, '0000-00-00 00:00:00', 1),
('5颗粒板吉露麻灰J', 2440, 1220, 5, '39', '4', '2', 0, 0.00, 0, 8, '', 0, '0000-00-00 00:00:00', 1),
('5颗粒板夏特布纹R', 2440, 1220, 5, '30', '2', '2', 0, 0.00, 0, 1, '', 0, '0000-00-00 00:00:00', 1),
('5颗粒板巴拉圭橡木R', 2440, 1220, 5, '15', '2', '2', 0, 0.00, 0, 1, '', 0, '0000-00-00 00:00:00', 1),
('5颗粒板布居一格L', 2440, 1220, 5, '3', '2', '2', 0, 0.00, 0, 7, '', 0, '0000-00-00 00:00:00', 1),
('5颗粒板新孔雀松R', 2440, 1220, 5, '25', '2', '2', 0, 0.00, 0, 1, '', 0, '0000-00-00 00:00:00', 1),
('5颗粒板暖白J', 2440, 1220, 5, '10', '2', '2', 0, 0.00, 0, 2, '', 0, '0000-00-00 00:00:00', 1),
('5颗粒板暖白L', 2440, 1220, 5, '2', '2', '2', 0, 0.00, 0, 7, '', 0, '0000-00-00 00:00:00', 1),
('5颗粒板暖白水曲柳R', 2440, 1220, 5, '33', '2', '2', 0, 0.00, 0, 1, '', 0, '0000-00-00 00:00:00', 1),
('5颗粒板枫木L', 2440, 1220, 5, '47', '2', '2', 0, 0.00, 0, 7, '', 0, '0000-00-00 00:00:00', 1),
('5颗粒板欧洲松木J', 2440, 1220, 5, '65', '2', '2', 0, 0.00, 0, 1, '', 0, '0000-00-00 00:00:00', 1),
('5颗粒板水洗白橡L', 2440, 1220, 5, '61', '2', '2', 0, 0.00, 0, 7, '', 0, '0000-00-00 00:00:00', 1),
('5颗粒板浅胡桃L', 2440, 1220, 5, '4', '2', '2', 0, 0.00, 0, 7, '', 0, '0000-00-00 00:00:00', 1),
('5颗粒板浅胡桃木R', 2440, 1220, 5, '57', '2', '2', 0, 0.00, 0, 1, '', 0, '0000-00-00 00:00:00', 1),
('5颗粒板灰钻', 2440, 1220, 5, '11', '2', '2', 0, 0.00, 0, 8, '', 0, '0000-00-00 00:00:00', 1),
('5颗粒板田园橡木R', 2440, 1220, 5, '21', '2', '2', 0, 0.00, 0, 1, '', 0, '0000-00-00 00:00:00', 1),
('5颗粒板白布纹R', 2440, 1220, 5, '10', '2', '2', 0, 0.00, 0, 1, '', 0, '0000-00-00 00:00:00', 1),
('5颗粒板白桦木L', 2440, 1220, 5, '28', '2', '2', 0, 0.00, 0, 7, '', 0, '0000-00-00 00:00:00', 1),
('5颗粒板白水曲R', 2440, 1220, 5, '75', '2', '2', 0, 0.00, 0, 1, '', 0, '0000-00-00 00:00:00', 1),
('5颗粒板白胡桃L', 2440, 1220, 5, '41', '2', '2', 0, 0.00, 0, 7, '', 0, '0000-00-00 00:00:00', 1),
('5颗粒板白钻', 2440, 1220, 5, '8', '2', '2', 0, 0.00, 0, 8, '', 0, '0000-00-00 00:00:00', 1),
('5颗粒板索菲亚红L', 2440, 1220, 5, '5', '2', '2', 0, 0.00, 0, 7, '', 0, '0000-00-00 00:00:00', 1),
('5颗粒板索菲樱桃R', 2440, 1220, 5, '44', '2', '2', 0, 0.00, 0, 1, '', 0, '0000-00-00 00:00:00', 1),
('5颗粒板红樱桃L', 2440, 1220, 5, '72', '2', '2', 0, 0.00, 0, 7, '', 0, '0000-00-00 00:00:00', 1),
('5颗粒板美国红橡R', 2440, 1220, 5, '62', '2', '2', 0, 0.00, 0, 1, '', 0, '0000-00-00 00:00:00', 1),
('5颗粒板芬兰橡木R', 2440, 1220, 5, '48', '2', '2', 0, 0.00, 0, 1, '', 0, '0000-00-00 00:00:00', 1),
('5颗粒板苏香桐L', 2440, 1220, 5, '7', '2', '2', 0, 0.00, 0, 7, '', 0, '0000-00-00 00:00:00', 1),
('5颗粒板苹果木L', 2440, 1220, 5, '17', '2', '2', 0, 0.00, 0, 7, '', 0, '0000-00-00 00:00:00', 1),
('5颗粒板蒙特灰橡L', 2440, 1220, 5, '22', '2', '2', 0, 0.00, 0, 7, '', 0, '0000-00-00 00:00:00', 1),
('5颗粒板铁木R', 2440, 1220, 5, '38', '2', '2', 0, 0.00, 0, 1, '', 0, '0000-00-00 00:00:00', 1),
('5颗粒板雄色百汇R', 2440, 1220, 5, '23', '2', '2', 0, 0.00, 0, 1, '', 0, '0000-00-00 00:00:00', 1),
('5颗粒板雪松L', 2440, 1220, 5, '10', '2', '2', 0, 0.00, 0, 7, '', 0, '0000-00-00 00:00:00', 1),
('5颗粒板青海云杉L', 2440, 1220, 5, '9', '2', '2', 0, 0.00, 0, 7, '', 0, '0000-00-00 00:00:00', 1),
('5颗粒板香檀木R', 2440, 1220, 5, '14', '2', '2', 0, 0.00, 0, 1, '', 0, '0000-00-00 00:00:00', 1),
('5颗粒板黄水曲柳R', 2440, 1220, 5, '34', '2', '2', 0, 0.00, 0, 1, '', 0, '0000-00-00 00:00:00', 1),
('5颗粒板黑色真木纹R', 2440, 1220, 5, '77', '2', '2', 0, 0.00, 0, 1, '', 0, '0000-00-00 00:00:00', 1),
('6941山舞银色黑', 2440, 1220, 18, '2', '4', '2', 0, 0.00, 0, 8, '', 0, '0000-00-00 00:00:00', 1),
('6942山舞银色白', 2440, 1220, 18, '2', '2', '2', 0, 0.00, 0, 8, '', 0, '0000-00-00 00:00:00', 1),
('6943琵琶行', 2440, 1220, 18, '2', '2', '2', 0, 0.00, 0, 8, '', 0, '0000-00-00 00:00:00', 1),
('6946波罗的海滩', 2440, 1220, 18, '64', '2', '2', 0, 0.00, 0, 11, '', 0, '0000-00-00 00:00:00', 1),
('6947秦川', 2440, 1220, 18, '2', '2', '2', 0, 0.00, 0, 8, '', 0, '0000-00-00 00:00:00', 1),
('6950波罗的海', 2440, 1220, 18, '2', '2', '2', 0, 0.00, 0, 8, '', 0, '0000-00-00 00:00:00', 1),
('7053红网格', 2440, 1220, 18, '2', '4', '2', 0, 0.00, 0, 8, '', 0, '0000-00-00 00:00:00', 1),
('7060金网格', 2440, 1220, 18, '24', '4', '2', 0, 0.00, 0, 8, '', 0, '0000-00-00 00:00:00', 1),
('7857金宽条纹', 2440, 1220, 18, '2', '2', '2', 0, 0.00, 0, 8, '', 0, '0000-00-00 00:00:00', 1),
('9多层板傲雪凌霜R', 2440, 1220, 9, '傲雪凌霜', '多层板', 'E1', 0, 100.00, 0, 1, '', 1, '2018-07-30 17:17:01', 1),
('9颗粒板傲雪凌霜R', 2440, 1220, 9, '傲雪凌霜', '颗粒板', 'E1', 0, 100.00, 0, 1, '', 1, '2018-07-30 17:17:01', 1),
('9颗粒板暖白L', 2440, 1220, 9, '2', '2', '2', 0, 0.00, 0, 7, '', 0, '0000-00-00 00:00:00', 1),
('9颗粒板水洗白橡L', 2440, 1220, 9, '13', '2', '2', 0, 0.00, 0, 1, '', 0, '0000-00-00 00:00:00', 1),
('9颗粒板白胡桃L', 2440, 1220, 9, '41', '2', '2', 0, 0.00, 0, 7, '', 0, '0000-00-00 00:00:00', 1),
('9颗粒板苹果木L', 2440, 1220, 9, '17', '2', '2', 0, 0.00, 0, 7, '', 0, '0000-00-00 00:00:00', 1),
('纯白4026', 2440, 1220, 18, '2', '4', '2', 0, 0.00, 0, 1, '', 0, '0000-00-00 00:00:00', 1);

-- --------------------------------------------------------

--
-- 表的结构 `j_board_class`
--

CREATE TABLE `j_board_class` (
  `bc_name` varchar(4) NOT NULL COMMENT '名称'
) ENGINE=InnoDB DEFAULT CHARSET=utf8 COMMENT='板材环保等级';

--
-- 转存表中的数据 `j_board_class`
--

INSERT INTO `j_board_class` (`bc_name`) VALUES
('E0'),
('E1'),
('E2'),
('E3');

-- --------------------------------------------------------

--
-- 表的结构 `j_board_color`
--

CREATE TABLE `j_board_color` (
  `bc_name` varchar(64) NOT NULL COMMENT '名称'
) ENGINE=InnoDB DEFAULT CHARSET=utf8 COMMENT='板材颜色';

--
-- 转存表中的数据 `j_board_color`
--

INSERT INTO `j_board_color` (`bc_name`) VALUES
('1165麻面'),
('211'),
('365安全柜体'),
('TB03真木纹'),
('一帘幽梦'),
('傲雪凌霜'),
('冰岛橡木'),
('印尼布纹白'),
('古典樱桃'),
('古典红木'),
('吉露暖白'),
('吉露欧洲松木'),
('吉露麻灰'),
('咖啡宝石'),
('咖啡影橡'),
('夏特布纹'),
('孔雀松'),
('宝马金'),
('实木樱桃'),
('巴拉圭橡木'),
('布居一格'),
('幻彩陶胚'),
('开罗榆木'),
('新孔雀松'),
('春雨银丝'),
('暖白'),
('暖白水曲柳'),
('枫木'),
('水洗白橡'),
('江南之韵'),
('油墨枫木'),
('波罗的海滩'),
('泰柚'),
('浅胡桃木'),
('灰钻'),
('田园橡木'),
('白布纹'),
('白松'),
('白桦木'),
('白水曲'),
('白牡丹'),
('白胡桃'),
('白钻'),
('米兰灰橡'),
('素板'),
('索菲亚红'),
('索菲樱桃'),
('红松'),
('红樱桃'),
('红胡桃'),
('美国红橡'),
('芬兰橡木'),
('苏香桐'),
('苹果木'),
('蒙特灰橡'),
('酒红'),
('金橡'),
('金网格'),
('银装素裹'),
('雄色百汇'),
('雪橡'),
('青海云杉'),
('香檀木'),
('黄水曲柳'),
('黄胡桃'),
('黑色真木纹');

-- --------------------------------------------------------

--
-- 表的结构 `j_board_nature`
--

CREATE TABLE `j_board_nature` (
  `bn_name` varchar(64) NOT NULL COMMENT '名称'
) ENGINE=InnoDB DEFAULT CHARSET=utf8 COMMENT='板材材质';

--
-- 转存表中的数据 `j_board_nature`
--

INSERT INTO `j_board_nature` (`bn_name`) VALUES
('中纤板'),
('多层板'),
('生态板'),
('颗粒板');

-- --------------------------------------------------------

--
-- 表的结构 `j_board_thick`
--

CREATE TABLE `j_board_thick` (
  `bt_name` int(10) NOT NULL COMMENT '名称',
  `bt_thicker` tinyint(1) DEFAULT '0' COMMENT '是否是厚板'
) ENGINE=InnoDB DEFAULT CHARSET=utf8 COMMENT='板材厚度';

--
-- 转存表中的数据 `j_board_thick`
--

INSERT INTO `j_board_thick` (`bt_name`, `bt_thicker`) VALUES
(5, 0),
(9, 0),
(12, 0),
(16, 0),
(18, 0),
(25, 0),
(36, 0),
(50, 0);

-- --------------------------------------------------------

--
-- 表的结构 `j_boolean_type`
--

CREATE TABLE `j_boolean_type` (
  `bt_name` tinyint(1) NOT NULL COMMENT 'v',
  `bt_label` varchar(8) NOT NULL COMMENT 'Label'
) ENGINE=InnoDB DEFAULT CHARSET=utf8 COMMENT='布尔值类型';

--
-- 转存表中的数据 `j_boolean_type`
--

INSERT INTO `j_boolean_type` (`bt_name`, `bt_label`) VALUES
(0, '否'),
(1, '是');

-- --------------------------------------------------------

--
-- 表的结构 `j_card`
--

CREATE TABLE `j_card` (
  `c_id` smallint(4) UNSIGNED NOT NULL COMMENT 'v',
  `c_menu_id` smallint(4) UNSIGNED NOT NULL COMMENT '菜单',
  `c_card_type` char(32) DEFAULT NULL COMMENT '卡片类型',
  `c_name` varchar(64) NOT NULL COMMENT '名称',
  `c_label` varchar(64) DEFAULT NULL COMMENT 'Label',
  `c_url` varchar(128) DEFAULT NULL COMMENT 'Url',
  `c_card_setting` char(32) DEFAULT NULL COMMENT '卡片设置',
  `c_lazy_load` tinyint(1) UNSIGNED NOT NULL DEFAULT '0' COMMENT '懒加载'
) ENGINE=InnoDB DEFAULT CHARSET=utf8 COMMENT='卡片';

--
-- 转存表中的数据 `j_card`
--

INSERT INTO `j_card` (`c_id`, `c_menu_id`, `c_card_type`, `c_name`, `c_label`, `c_url`, `c_card_setting`, `c_lazy_load`) VALUES
(1, 12, 'table', 'order_table', '订单列表', '/order/order/read', 'checkbox\n', 0),
(2, 103, 'table', 'usergroup_table', '用户组', '/permission/usergroup/read', 'checkbox\n', 0),
(3, 105, 'table', 'menu_table', '菜单', '/permission/menu/read', 'checkbox\n', 0),
(4, 107, 'table', 'func_table', '功能管理', '/permission/func/read', 'checkbox\n', 0),
(5, 108, 'table', 'card_table', '卡片管理', '/permission/card/read', 'checkbox\n', 0),
(6, 109, 'table', 'page_search_table', '页面搜索', '/permission/page_search/read', 'checkbox', 0),
(7, 110, 'table', 'page_form_table', '页面表单', '/permission/page_form/read', 'checkbox\n', 0),
(8, 111, 'table', 'boolean_type_table', '布尔', '/data/boolean_type/read', 'checkbox\n', 0),
(9, 112, 'table', 'card_setting_table', '卡片设置', '/data/card_setting/read', 'checkbox\n', 0),
(10, 113, 'table', 'card_type_table', '卡片类型', '/data/card_type/read', 'checkbox\n', 0),
(11, 114, 'table', 'form_type_table', '表单类型', '/data/form_type/read', 'checkbox\n', 0),
(12, 115, 'table', 'modal_type_table', '模态类型', '/data/modal_type/read', 'checkbox\n', 0),
(13, 116, 'table', 'page_type_table', '页面类型', '/data/page_type/read', 'checkbox\n', 0),
(14, 117, 'table', 'tag_type_table', '标签类型', '/data/tag_type/read', 'checkbox\n', 0),
(15, 118, 'table', 'toggle_type_table', 'Toggle类型', '/data/toggle_type/read', 'checkbox\n', 0),
(16, 101, 'table', 'warehouse_table', '库位列表', '/warehouse/warehouse/read', 'checkbox\n', 0),
(18, 120, 'table', 'warehouse_shelve_table', '货架', '/warehouse/warehouse_shelve/read', 'checkbox\n', 0),
(19, 121, 'table', 'warehouse_order_product_table', '库位订单', '/warehouse/warehouse_order_product/read', 'checkbox\n', 0),
(20, 122, 'table', 'warehouse_waiting_in_table', '等待入库', '/warehouse/warehouse_waiting_in/read', 'checkbox\n', 0),
(21, 123, 'table', 'warehouse_waiting_out_table', '等待出库', '/warehouse/warehouse_waiting_out/read', 'checkbox\n', 0),
(22, 124, 'table', 'pick_sheet_table', '拣货单', '/warehouse/pick_sheet/read', 'checkbox\n', 0),
(23, 126, 'table', 'pick_sheet_detail_table', '拣货单明细', '/warehouse/pick_sheet_detail/read', 'checkbox\n', 0),
(24, 125, 'table', 'outted_sheet_table', '出库单', '/warehouse/outted_sheet/read', 'checkbox\n', 0),
(25, 127, 'table', 'outted_sheet_detail_table', '出货单明细', '/warehouse/outted_sheet_detail/read', 'checkbox\n', 0),
(26, 128, 'table', 'user_table', '用户管理', '/manage/user/read', 'checkbox', 0),
(27, 129, 'table', 'usergroup_role_table', '用户组角色', '/permission/usergroup_role/read', 'checkbox', 0),
(28, 104, 'table', 'role_table', '角色', '/permission/role/read', 'checkbox', 0),
(29, 130, 'table', 'role_menu_table', '角色菜单权限', '/permission/role_menu/read', 'checkbox', 0),
(30, 134, 'table', 'role_card_table', '角色卡片权限', '/permission/role_card/read', 'checkbox', 0),
(31, 135, 'table', 'role_element_table', '角色元素权限', '/permission/role_element/read', 'checkbox', 0),
(32, 132, 'table', 'role_func_table', '角色功能权限', '/permission/role_func/read', 'checkbox', 0),
(33, 133, 'table', 'role_form_table', '角色表单权限', '/permission/role_form/read', 'checkbox', 0),
(34, 136, 'table', 'role_page_search_table', '页面搜索权限', '/permission/role_page_search/read', 'checkbox', 0),
(35, 131, 'table', 'role_visit_table', '角色访问控制权限', '/permission/role_visit/read', 'checkbox', 0),
(36, 137, 'table', 'role_page_form_table', '角色页面表单权限', '/permission/role_page_form/read', 'checkbox', 0),
(37, 138, 'table', 'form_page_table', '表单页面', '/permission/form_page/read', 'checkbox', 0),
(38, 139, 'table', 'role_form_page_table', '角色表单页面权限', '/permission/role_form_page/read', 'checkbox', 0),
(39, 140, 'table', 'form_table', '功能表单', '/permission/form/read', 'checkbox', 0),
(41, 141, 'table', 'element_table', '卡片元素', '/permission/element/read', 'checkbox', 0),
(42, 106, 'table', 'visit_table', '访问控制', '/permission/visit/read', 'checkbox', 0),
(43, 95, 'table', 'signin_table', '登录信息', '/manage/signin/read', 'checkbox', 0),
(45, 145, 'table', 'produce_process_tracking_table', '生产过程跟踪', '/order/produce_process_tracking/read', 'checkbox', 0),
(46, 146, 'table', 'mrp_table', 'MRP', '/order/mrp/read', 'checkbox', 0),
(47, 147, 'table', 'workflow_mrp_table', 'MRP工作流', '/workflow/workflow_mrp/read', 'checkbox', 0),
(48, 148, 'table', 'workflow_mrp_msg', 'MRP工作流信息', '/workflow/workflow_mrp_msg/read', 'checkbox', 0),
(49, 87, 'table', 'electronic_saw_table', '电子锯', '/order/electronic_saw/read', 'checkbox', 0),
(50, 149, 'table', 'workflow_order_product_msg_table', 'OP工作流信息', '/workflow/workflow_order_product_msg/read', 'checkbox', 0),
(51, 62, 'table', 'lack_table', '差板块', '/order/lack/read', 'checkbox', 0),
(52, 150, 'table', 'lack_detail_table', '差板块', '/order/lack_detail/read', 'checkbox', 0),
(54, 152, 'table', 'workflow_order_product_board_table', 'OPB工作流', '/workflow/workflow_order_product_board/read', 'checkbox', 0),
(55, 89, 'table', 'edge_table', '封边', '/order/edge/read', 'checkbox', 0),
(56, 90, 'table', 'punch_table', '打孔', '/order/punch/read', 'checkbox', 0),
(57, 154, 'table', 'scan_table', '扫描', '/order/scan/read', 'checkbox', 1),
(58, 155, 'table', 'pack_table', '打包', '/order/pack/read', 'checkbox', 0),
(59, 156, 'table', 'electronic_saw_statistic_table', '电子锯统计信息', '/order/electronic_saw_statistic/read', 'checkbox', 0),
(60, 157, 'table', 'edge_statistic_table', '封边统计信息', '/order/edge_statistic/read', 'checkbox', 0),
(61, 158, 'table', 'punch_statistic_table', '打孔统计信息', '/order/punch_statistic/read', 'checkbox', 0),
(62, 159, 'table', 'scan_statistic_table', '扫描统计信息', '/order/scan_statistic/read', 'checkbox', 0),
(63, 160, 'table', 'pack_statistic_table', '打包统计信息', '/order/pack_statistic/read', 'checkbox', 0),
(64, 161, 'table', 'warehouse_area_table', '仓库列表', '/warehouse/warehouse_area/read', 'checkbox', 0),
(65, 162, 'table', 'unqrcode_table', '无码入库列表', '/warehouse/unqrcode/read', 'checkbox', 0),
(66, 81, 'table', 'produce_door_table', '生产门板列表', '/order/produce_door/read', 'checkbox', 1),
(67, 82, 'table', 'produce_wood_table', '木框门列表', '/order/produce_wood/read', 'checkbox', 1),
(68, 163, 'table', 'configs_table', '配置信息', '/data/configs/read', 'checkbox', 0),
(69, 14, 'table', 'dealer_table', '经销商列表', '/dealer/dealer/read', 'checkbox', 0),
(70, 16, 'table', 'shop_table', '店面列表', '/dealer/shop/read', 'checkbox', 0),
(71, 164, 'table', 'dealer_linker_table', '客户联系人列表', '/dealer/dealer_linker/read', 'checkbox', 0),
(72, 165, 'table', 'dealer_delivery_table', '客户收货列表', '/dealer/dealer_delivery/read', 'checkbox', 0),
(73, 166, 'table', 'dealer_owner_table', '客户属主列表', '/dealer/dealer_owner/read', 'checkbox', 0),
(74, 167, 'table', 'dealer_track_table', '客户跟踪信息', '/dealer/dealer_track/read', 'checkbox', 0),
(75, 168, 'table', 'dealer_linker_shop_table', '店面联系人列表', '/dealer/dealer_linker_shop/read', 'checkbox', 0),
(76, 169, 'table', 'dealer_delivery_shop_table', '店面收货列表', '/dealer/dealer_delivery_shop/read', 'checkbox', 0),
(77, 15, 'table', 'my_dealer_table', '我的客户列表', '/dealer/dealer/read', 'checkbox', 0),
(78, 171, 'table', 'workflow_order_table', '订单工作流列表', '/workflow/workflow_order/read', 'checkbox', 0),
(79, 173, 'table', 'workflow_order_product_table', 'OP工作流列表', '/workflow/workflow_order_product/read', 'checkbox', 0),
(80, 174, 'table', 'workflow_order_product_classify_table', 'OPC工作流列表', '/workflow/workflow_order_product_classify/read', 'checkbox', 0),
(81, 175, 'table', 'workflow_order_product_classify_msg_table', 'OPC工作流信息列表', '/workflow/workflow_order_product_classify_msg/read', 'checkbox', 0),
(82, 172, 'table', 'workflow_order_msg_table', '订单工作流信息列表', '/workflow/workflow_order_msg_msg/read', 'checkbox', 0),
(83, 23, 'table', 'area_table', '地区列表', '/data/area/read', 'checkbox', 0),
(84, 24, 'table', 'logistics_table', '物流列表', '/data/logistics/read', 'checkbox', 0),
(86, 17, 'table', 'position_table', '客户组织结构列表', '/data/position/read', 'checkbox', 0),
(87, 176, 'table', 'track_title_table', '跟踪主题', '/data/track_title/read', 'checkbox', 0),
(88, 32, 'table', '板材颜色列表', 'board_color_table', '/data/board_color/read', 'checkbox', 0),
(89, 31, 'table', '板材厚度列表', 'board_thick_table', '/data/board_thick/read', 'checkbox', 0),
(90, 33, 'table', '板材材质列表', 'board_nature_table', '/data/board_nature/read', 'checkbox', 0),
(91, 34, 'table', '板材环保级别列表', 'board_class_table', '/data/board_class/read', 'checkbox', 0),
(92, 39, 'table', 'board_table', '板材清单', '/product/board/read', 'checkbox', 0),
(93, 36, 'table', 'supplier_table', '供应商列表', '/supplier/supplier/read', 'checkbox', 0),
(94, 177, 'table', 'saler_board_price_table', '板材定价列表', '/product/saler_board_price/read', 'checkbox', 0),
(95, 178, 'table', 'unit_table', '单位', '/data/unit/read', 'checkbox', 0),
(96, 38, 'table', 'product_table', '产品分类', '/product/product/read', 'checkbox', 0),
(97, 179, 'table', 'goods_table', '商品列表', '/product/goods/read', 'checkbox', 0),
(98, 180, 'table', 'speci_table', '产品规格列表', '/product/speci/read', 'checkbox', 0),
(99, 181, 'table', 'goods_speci_table', '商品规格清单', '/product/goods_speci/read', 'checkbox', 0),
(100, 182, 'table', 'saler_goods_price_table', '商品定价', '/product/saler_goods_price/read', 'checkbox', 0),
(101, 21, 'table', 'task_level_table', '任务等级', '/data/task_level/read', 'checkbox', 0),
(102, 183, 'table', 'order_finance_flow_table', '订单扣款流水记录', '/order/order_finance_flow/read', 'checkbox', 0),
(103, 184, 'table', 'order_remark_table', '订单备注记录', '/order/order_remark/read', 'checkbox', 0),
(104, 185, 'table', 'order_product_remark_table', '订单产品备注列表', '/order/order_product_remark/read', 'checkbox', 0),
(105, 186, 'table', 'door_edge_table', '门板封边类型', '/data/door_edge/read', 'checkbox', 0),
(106, 187, 'table', 'handle_table', '封边拉手列表', '/data/handle/read', 'checkbox', 0),
(107, 188, 'table', 'procedure_table', '工序列表', '/data/procedure/read', 'checkbox', 0),
(108, 189, 'table', 'production_line_table', '生产线清单', '/data/production_line/read', 'checkbox', 0),
(109, 190, 'table', 'production_line_procedure_table', '生产线工序', '/data/production_line_procedure/read', 'checkbox', 0),
(110, 70, 'table', 'income_pay_table', '收支类型清单', '/finance/income_pay/read', 'checkbox', 0),
(111, 191, 'table', 'workflow_procedure_table', '工序工作流清单', '/workflow/workflow_procedure/read', 'checkbox', 0),
(112, 43, 'table', 'workflow_table', '流程', '/workflow/workflow/read', 'checkbox', 0),
(113, 44, 'table', 'order_product_table', '产品拆单', '/order/order_product/read', 'checkbox', 0),
(114, 193, 'table', 'order_detail_order_table', '订单基本信息', '/order/order/detail', 'checkbox', 0),
(115, 193, 'table', 'order_detail_order_product_board_cabinet_table', '橱柜板材信息', '/order/order_product_board/cabinet', 'checkbox', 0),
(119, 193, 'table', 'order_detail_order_product_fitting_table', '订单产品配件信息', '/order/order_product_fitting/read', 'checkbox', 0),
(120, 193, 'table', 'order_detail_order_product_other_table', '订单产品外购信息', '/order/order_product_other/read', 'checkbox', 0),
(121, 193, 'table', 'order_detail_order_product_server_table', '订单产品服务信息', '/order/order_product_server/read', 'checkbox', 0),
(122, 193, 'table', 'order_detail_order_product_board_wardrobe_table', '衣柜板材信息', '/order/order_product_board/wardrobe', 'checkbox', 0),
(123, 193, 'table', 'order_detail_order_product_board_door_table', '门板板材信息', '/order/order_product_board/door', 'checkbox', 0),
(124, 193, 'table', 'order_detail_order_product_board_wood_table', '木框门板材信息', '/order/order_product_board/wood', 'checkbox', 0),
(125, 46, 'table', 'valuate_table', '计价清单', '/order/valuate/read', 'checkbox', 0),
(126, 194, 'table', 'valuate_add_table', '订单计价清单', '/order/valuate/read', 'checkbox', 0),
(127, 47, 'table', 'check_table', '财务审核列表', '/order/check/read', 'checkbox', 0),
(128, 69, 'table', 'wait_sure_table', '等待确认列表', '/order/wait_sure/read', 'checkbox', 0),
(129, 86, 'table', 'classify_table', '板块分类清单', '/data/classify/read', 'checkbox', 0),
(130, 195, 'h1', 'mrp_count_h1', 'MRP计数', '/order/mrp/count', 'checkbox', 0),
(131, 196, 'list', 'electronic_sawed_list', 'E统计表格', '/order/electronic_saw_statistic/electronic_sawed', 'checkbox', 0),
(132, 197, 'table', 'procedure_workflow_table', '工作流工序', '/data/procedure_workflow/read', 'checkbox', 0),
(133, 198, 'table', 'produce_table', '等待生产表格', '/order/produce/read', 'checkbox', 0),
(134, 49, 'table', 'application_table', '申请列表', '/order/application/read', 'checkbox', 0),
(135, 199, 'table', 'order_product_board_plate_table', '板块清单', '/order/order_product_board_plate/read', 'checkbox', 0),
(136, 54, 'table', 'drawing_table', '图纸库', '/drawing/drawing/read', 'checkbox', 0),
(137, 200, 'image', 'print_drawing_image', '打印图纸', '/drawing/print_drawing/read', 'checkbox', 0),
(138, 201, 'table', 'print_opbp_basic_info', '基本信息', '/order/order_product/detail', 'checkbox', 0),
(139, 201, 'table', 'print_order_product_board_plate_table', '板块清单', '/order/order_product_board_plate/prints', 'checkbox', 0),
(140, 202, 'table', 'order_product_board_door_table', '门板清单', '/order/order_product_board_door/read', 'checkbox', 0),
(141, 203, 'table', 'print_opbd_basic_info', '基本信息', '/order/order_product/detail', 'checkbox', 0),
(142, 203, 'table', 'print_order_product_board_door_table', '门板板块清单', '/order/order_product_board_door/prints', 'checkbox', 0),
(143, 204, 'table', 'order_product_board_wood_table', '木框门清单', '/order/order_product_board_wood/read', 'checkbox', 0),
(144, 205, 'table', 'print_opbw_basic_info', '基本信息', '/order/order_product/detail', 'checkbox', 0),
(145, 205, 'table', 'print_order_product_board_wood_table', '木框门清单', '/order/order_product_board_wood/prints', 'checkbox', 0),
(146, 206, 'table', 'order_product_fitting_table', '配件清单', '/order/order_product_fitting/read', 'checkbox', 0),
(147, 207, 'table', 'print_opf_basic_info', '基本信息', '/order/order_product/detail', 'checkbox', 0),
(148, 207, 'table', 'print_order_product_fitting_table', '配件清单', '/order/order_product_fitting/prints', 'checkbox', 0),
(149, 208, 'table', 'order_product_other_table', '外购清单', '/order/order_product_other/read', 'checkbox', 0),
(150, 209, 'table', 'print_opo_basic_info', '基本信息', '/order/order_product/detail', 'checkbox', 0),
(151, 209, 'table', 'print_order_product_other_table', '外购清单', '/order/order_product_other/prints', 'checkbox', 0),
(152, 210, 'table', 'order_product_server_table', '服务清单', '/order/order_product_server/read', 'checkbox', 0),
(153, 57, 'table', 'optimize_table', '优化列表', '/order/optimize/read', 'checkbox', 0),
(154, 58, 'table', 'print_list_table', '打印清单', '/order/print_list/read', 'checkbox', 0),
(155, 211, 'table', 'remark_list_table', '备忘单列表', '/chart/remark_list/read', 'checkbox', 0),
(157, 94, 'table', 'pre_produce_table', '生产准备', '/order/pre_produce/read', 'checkbox', 0),
(159, 60, 'table', 'scan_board_table', '板件扫描清单', '/order/scan_board/read', 'checkbox', 1),
(160, 63, 'table', 'packed_statistic_table', '包装统计清单', '/order/packed_statistic/read', 'checkbox', 0),
(161, 212, 'table', 'packed_history_table', '打包记录', '/order/packed_history/read', 'checkbox', 0);

-- --------------------------------------------------------

--
-- 表的结构 `j_card_setting`
--

CREATE TABLE `j_card_setting` (
  `cs_name` char(32) NOT NULL COMMENT 'v',
  `cs_label` varchar(16) DEFAULT NULL COMMENT 'Label'
) ENGINE=InnoDB DEFAULT CHARSET=utf8 COMMENT='卡片设置';

--
-- 转存表中的数据 `j_card_setting`
--

INSERT INTO `j_card_setting` (`cs_name`, `cs_label`) VALUES
('checkbox', 'CHECKBOX');

-- --------------------------------------------------------

--
-- 表的结构 `j_card_type`
--

CREATE TABLE `j_card_type` (
  `ct_name` char(32) NOT NULL COMMENT 'v',
  `ct_label` varchar(16) DEFAULT NULL COMMENT 'Label'
) ENGINE=InnoDB DEFAULT CHARSET=utf8 COMMENT='卡片类型';

--
-- 转存表中的数据 `j_card_type`
--

INSERT INTO `j_card_type` (`ct_name`, `ct_label`) VALUES
('form', '表单'),
('h1', '计数'),
('image', '图片'),
('list', '列表'),
('table', '表格');

-- --------------------------------------------------------

--
-- 表的结构 `j_classify`
--

CREATE TABLE `j_classify` (
  `c_id` smallint(4) UNSIGNED NOT NULL COMMENT 'v',
  `c_class` tinyint(2) UNSIGNED NOT NULL COMMENT '等级',
  `c_parent` smallint(4) UNSIGNED NOT NULL COMMENT '父类',
  `c_flag` varchar(8) NOT NULL DEFAULT '0' COMMENT '标志',
  `c_name` varchar(32) NOT NULL COMMENT '名称',
  `c_print_list` tinyint(1) UNSIGNED NOT NULL DEFAULT '1' COMMENT '打印',
  `c_label` tinyint(1) UNSIGNED NOT NULL DEFAULT '1' COMMENT '标签',
  `c_optimize` tinyint(1) UNSIGNED NOT NULL DEFAULT '1' COMMENT '优化',
  `c_plate` varchar(64) DEFAULT NULL COMMENT '板块名称',
  `c_width_min` float(6,2) UNSIGNED NOT NULL DEFAULT '0.00' COMMENT '最窄',
  `c_width_max` float(6,2) UNSIGNED NOT NULL DEFAULT '0.00' COMMENT '最宽',
  `c_length_min` float(6,2) UNSIGNED NOT NULL DEFAULT '0.00' COMMENT '最短',
  `c_length_max` float(6,2) UNSIGNED NOT NULL DEFAULT '0.00' COMMENT '最长',
  `c_thick` int(10) UNSIGNED NOT NULL DEFAULT '0' COMMENT '厚度',
  `c_edge` varchar(32) DEFAULT NULL COMMENT '封边',
  `c_slot` varchar(64) DEFAULT NULL COMMENT '开槽',
  `c_decide_size` varchar(64) DEFAULT NULL COMMENT '尺寸判定',
  `c_abnormity` tinyint(1) UNSIGNED NOT NULL DEFAULT '0' COMMENT '异形',
  `c_remark` varchar(128) DEFAULT NULL COMMENT '备注',
  `c_production_line` smallint(4) UNSIGNED NOT NULL DEFAULT '0' COMMENT '生产线',
  `c_status` tinyint(1) UNSIGNED NOT NULL DEFAULT '1' COMMENT '状态'
) ENGINE=InnoDB DEFAULT CHARSET=utf8 COMMENT='板块分类';

--
-- 转存表中的数据 `j_classify`
--

INSERT INTO `j_classify` (`c_id`, `c_class`, `c_parent`, `c_flag`, `c_name`, `c_print_list`, `c_label`, `c_optimize`, `c_plate`, `c_width_min`, `c_width_max`, `c_length_min`, `c_length_max`, `c_thick`, `c_edge`, `c_slot`, `c_decide_size`, `c_abnormity`, `c_remark`, `c_production_line`, `c_status`) VALUES
(1, 0, 0, '0', '标准板块', 0, 0, 1, '', 0.00, 0.00, 0.00, 0.00, 0, '', '', '', 0, '', 23, 1),
(2, 0, 0, '1', '薄板', 0, 0, 1, '', 0.00, 0.00, 0.00, 0.00, 0, '', '', '', 0, '', 6, 1),
(3, 1, 2, '1', '5mm背板', 0, 0, 1, '', 0.00, 0.00, 0.00, 0.00, 5, '', '', '', 0, '', 6, 1),
(4, 0, 0, '2', '小板块', 1, 1, 0, '', 0.00, 0.00, 0.00, 0.00, 0, '', '', NULL, 0, '', 1, 0),
(5, 1, 4, '2', '前后脚线', 1, 1, 0, '前后脚线', 1.00, 80.00, 1.00, 800.00, 0, '', '', NULL, 0, '', 1, 0),
(6, 1, 4, '2', '脚条', 1, 1, 0, '脚条', 0.00, 0.00, 0.00, 0.00, 0, '', '', NULL, 0, '', 1, 0),
(8, 1, 4, '2', '竖脚条', 1, 1, 0, '竖脚条', 0.00, 0.00, 0.00, 0.00, 0, '', '', NULL, 0, '', 1, 0),
(9, 1, 4, '2', '后拉条', 1, 1, 0, '后拉条', 0.00, 0.00, 0.00, 0.00, 0, '', '', NULL, 0, '', 1, 0),
(10, 1, 4, '2', '背拉条', 1, 1, 0, '背拉条', 0.00, 0.00, 0.00, 0.00, 0, '', '', NULL, 0, '', 1, 0),
(11, 1, 4, '2', '前脚条', 1, 1, 0, '前脚条', 0.00, 0.00, 0.00, 0.00, 0, '', '', NULL, 0, '', 1, 0),
(12, 1, 4, '2', '抽屉封板', 1, 1, 0, '抽屉封板', 0.00, 0.00, 0.00, 0.00, 0, '', '', NULL, 0, '', 1, 0),
(13, 1, 4, '2', '普通抽屉', 1, 1, 0, '普通抽屉', 0.00, 0.00, 0.00, 0.00, 0, '', '', NULL, 0, '', 1, 0),
(14, 1, 4, '2', '右抽侧', 1, 1, 0, '右抽侧', 0.00, 0.00, 0.00, 0.00, 0, '', '', NULL, 0, '', 1, 0),
(15, 1, 4, '2', '左抽侧', 1, 1, 0, '左抽侧', 0.00, 0.00, 0.00, 0.00, 0, '', '', NULL, 0, '', 1, 0),
(16, 1, 4, '2', '抽后', 1, 1, 0, '抽后', 0.00, 0.00, 0.00, 0.00, 0, '', '', NULL, 0, '', 1, 0),
(17, 1, 4, '2', '竖格', 1, 1, 0, '竖格', 0.00, 0.00, 0.00, 0.00, 0, '', '', NULL, 0, '', 1, 0),
(18, 1, 4, '2', '横格', 1, 1, 0, '横格', 0.00, 0.00, 0.00, 0.00, 0, '', '', NULL, 0, '', 1, 0),
(19, 1, 4, '2', '裤架', 1, 1, 0, '裤架', 0.00, 0.00, 0.00, 0.00, 0, '', '', NULL, 0, '', 1, 0),
(20, 1, 4, '2', '裤侧', 1, 1, 0, '裤侧', 0.00, 0.00, 0.00, 0.00, 0, '', '', NULL, 0, '', 1, 0),
(21, 1, 4, '2', '裤后', 1, 1, 0, '裤后', 0.00, 0.00, 0.00, 0.00, 0, '', '', NULL, 0, '', 1, 0),
(22, 1, 4, '2', '侧板(圆)', 1, 1, 0, '侧板（圆）', 0.00, 0.00, 0.00, 0.00, 0, '', '', NULL, 0, '', 1, 0),
(23, 1, 4, '2', '格架', 1, 1, 0, '格架', 0.00, 0.00, 0.00, 0.00, 0, '', '', NULL, 0, '', 1, 0),
(24, 1, 4, '2', '格架(圆)', 1, 1, 0, '格架（圆）', 0.00, 0.00, 0.00, 0.00, 0, '', '', NULL, 0, '', 1, 0),
(25, 1, 4, '2', '后板', 1, 1, 0, '后板', 0.00, 0.00, 0.00, 0.00, 0, '', '', NULL, 0, '', 1, 0),
(26, 1, 4, '2', '格子抽面板', 1, 1, 0, '格子抽面板', 0.00, 0.00, 0.00, 0.00, 0, '', '', NULL, 0, '', 1, 0),
(27, 1, 4, '2', '裤架面板', 1, 1, 0, '裤架面板', 0.00, 0.00, 0.00, 0.00, 0, '', '', NULL, 0, '', 1, 0),
(28, 1, 4, '2', '裤架-圆', 1, 1, 0, '裤架-圆', 0.00, 0.00, 0.00, 0.00, 0, '', '', NULL, 0, '', 1, 0),
(29, 1, 4, '2', '裤侧(圆)', 1, 1, 0, '裤侧（圆）', 0.00, 0.00, 0.00, 0.00, 0, '', '', NULL, 0, '', 1, 0),
(30, 1, 4, '2', '键盘抽抽面', 1, 1, 0, '键盘抽抽面', 0.00, 0.00, 0.00, 0.00, 0, '', '', NULL, 0, '', 1, 0),
(32, 1, 4, '2', '键盘抽抽侧', 1, 1, 0, '键盘抽抽侧', 0.00, 0.00, 0.00, 0.00, 0, '', '', NULL, 0, '', 1, 0),
(33, 1, 4, '2', '键盘抽拉条', 1, 1, 0, '键盘抽拉条', 0.00, 0.00, 0.00, 0.00, 0, '', '', NULL, 0, '', 1, 0),
(34, 1, 4, '2', '键盘抽拉后', 1, 1, 0, '键盘抽拉后', 0.00, 0.00, 0.00, 0.00, 0, '', '', NULL, 0, '', 1, 0),
(35, 1, 4, '2', '抽底拉条', 1, 1, 0, '抽底拉条', 0.00, 0.00, 0.00, 0.00, 0, '', '', NULL, 0, '', 1, 0),
(36, 1, 4, '2', '侧封板L型', 1, 1, 0, '侧封板L型', 0.00, 0.00, 0.00, 0.00, 0, '', '', NULL, 0, '', 1, 0),
(37, 1, 4, '2', '侧封板', 1, 1, 0, '侧封板', 0.00, 0.00, 0.00, 0.00, 0, '', '', NULL, 0, '', 1, 0),
(38, 1, 4, '2', '收口板', 1, 1, 0, '收口板', 0.00, 0.00, 0.00, 0.00, 0, '', '', NULL, 0, '', 1, 0),
(39, 1, 4, '2', '垫侧', 1, 1, 0, '垫侧', 0.00, 0.00, 0.00, 0.00, 0, '', '', NULL, 0, '', 1, 0),
(40, 1, 4, '2', '顶线L型', 1, 1, 0, '顶线L型', 0.00, 0.00, 0.00, 0.00, 0, '', '', NULL, 0, '', 1, 0),
(41, 1, 4, '2', '顶线', 1, 1, 0, '顶线', 0.00, 0.00, 0.00, 0.00, 0, '', '', NULL, 0, '', 1, 0),
(42, 1, 4, '2', '加固板', 1, 1, 0, '加固板', 0.00, 0.00, 0.00, 0.00, 0, '', '', NULL, 0, '', 1, 0),
(43, 1, 4, '2', '加固板L型', 1, 1, 0, '加固板L型', 0.00, 0.00, 0.00, 0.00, 0, '', '', NULL, 0, '', 1, 0),
(45, 1, 4, '2', '后档条', 1, 1, 0, '后档条', 0.00, 0.00, 0.00, 0.00, 0, '', '', NULL, 0, '', 1, 0),
(46, 1, 4, '2', '铰链条', 1, 1, 0, '铰链条', 0.00, 0.00, 0.00, 0.00, 0, '', '', NULL, 0, '', 1, 0),
(47, 1, 4, '2', '圆弧脚线', 1, 1, 0, '圆弧脚线', 0.00, 0.00, 0.00, 0.00, 0, '', '', NULL, 0, '', 1, 0),
(48, 1, 4, '2', '圆弧顶线', 1, 1, 0, '圆弧顶线', 0.00, 0.00, 0.00, 0.00, 0, '', '', NULL, 0, '', 1, 0),
(49, 1, 4, '2', '斜脚线', 1, 1, 0, '斜脚线', 0.00, 0.00, 0.00, 0.00, 0, '', '', NULL, 0, '', 1, 0),
(50, 1, 4, '2', '后脚线', 1, 1, 0, '后脚线', 0.00, 0.00, 0.00, 0.00, 0, '', '', NULL, 0, '', 1, 0),
(51, 1, 4, '2', '斜顶线', 1, 1, 0, '斜顶线', 0.00, 0.00, 0.00, 0.00, 0, '', '', NULL, 0, '', 1, 0),
(52, 1, 4, '2', '抽前', 1, 1, 0, '抽前', 0.00, 0.00, 0.00, 0.00, 0, '', '', NULL, 0, '', 1, 0),
(53, 1, 4, '2', '挡板', 1, 1, 0, '挡板', 0.00, 0.00, 0.00, 0.00, 0, '', '', NULL, 0, '', 1, 0),
(54, 1, 4, '2', '前撑', 1, 1, 0, '前撑', 0.00, 0.00, 0.00, 0.00, 0, '', '', NULL, 0, '', 1, 0),
(55, 1, 4, '2', '后撑', 1, 1, 0, '后撑', 0.00, 0.00, 0.00, 0.00, 0, '', '', NULL, 0, '', 1, 0),
(56, 1, 4, '2', '吊柜背拉条', 1, 1, 0, '吊柜背拉条', 0.00, 0.00, 0.00, 0.00, 0, '', '', NULL, 0, '', 1, 0),
(57, 1, 4, '2', '定位条', 1, 1, 0, '定位条', 0.00, 0.00, 0.00, 0.00, 0, '', '', NULL, 0, '', 1, 0),
(58, 1, 4, '2', '左板', 1, 1, 0, '左板', 0.00, 0.00, 0.00, 0.00, 0, '', '', NULL, 0, '', 1, 0),
(59, 1, 4, '2', '右板', 1, 1, 0, '右板', 0.00, 0.00, 0.00, 0.00, 0, '', '', NULL, 0, '', 1, 0),
(60, 1, 4, '2', '前板', 1, 1, 0, '前板', 0.00, 0.00, 0.00, 0.00, 0, '', '', NULL, 0, '', 1, 0),
(61, 1, 4, '2', '后板', 1, 1, 0, '后板', 0.00, 0.00, 0.00, 0.00, 0, '', '', NULL, 0, '', 1, 0),
(62, 1, 4, '2', '竖脚线', 1, 1, 0, '竖脚线', 0.00, 0.00, 0.00, 0.00, 0, '', '', NULL, 0, '', 1, 0),
(63, 1, 4, '2', '脚线', 1, 1, 0, '脚线', 0.00, 0.00, 0.00, 0.00, 0, '', '', NULL, 0, '', 1, 0),
(64, 1, 4, '2', '抽面', 1, 1, 0, '抽面', 0.00, 0.00, 0.00, 0.00, 0, '', '', NULL, 0, '', 1, 0),
(65, 1, 4, '2', '封板', 1, 1, 0, '封板', 0.00, 0.00, 0.00, 0.00, 0, '', '', NULL, 0, '', 1, 0),
(66, 1, 4, '2', '垫条', 1, 1, 0, '垫条', 0.00, 0.00, 0.00, 0.00, 0, '', '', NULL, 0, '', 3, 0),
(67, 1, 4, '2', '定位板', 1, 1, 0, '定位板', 0.00, 0.00, 0.00, 0.00, 0, '', '', NULL, 0, '', 3, 0),
(68, 1, 4, '2', '垫板', 1, 1, 0, '垫板', 0.00, 0.00, 0.00, 0.00, 0, '', '', NULL, 0, '', 1, 0),
(69, 1, 4, '2', '竖-格架(圆)', 1, 1, 0, '竖-格架(圆)', 0.00, 0.00, 0.00, 0.00, 0, '', '', NULL, 0, '', 1, 0),
(71, 1, 4, '2', '前拉条', 1, 1, 0, '前拉条', 0.00, 0.00, 0.00, 0.00, 0, '', '', NULL, 0, '', 1, 0),
(72, 1, 2, '1', '9mm背板', 0, 0, 0, '', 0.00, 0.00, 0.00, 0.00, 9, '', '', '', 0, '', 6, 1),
(73, 0, 0, '3', '异形', 0, 0, 0, '', 0.00, 0.00, 0.00, 0.00, 0, '', '', '', 0, '', 53, 1),
(74, 1, 73, '3', '16异形', 0, 0, 0, '', 0.00, 0.00, 0.00, 0.00, 16, '', '', '', 1, '', 53, 1),
(75, 1, 73, '3', '18异形', 0, 0, 0, '', 0.00, 0.00, 0.00, 0.00, 18, '', '', '', 1, '', 53, 1),
(76, 1, 73, '3', '25异形', 0, 0, 0, '', 0.00, 0.00, 0.00, 0.00, 25, '', '', '', 1, '', 53, 1),
(77, 1, 73, '3', '36异形', 0, 0, 0, '', 0.00, 0.00, 0.00, 0.00, 36, '', '', '', 1, '', 53, 1),
(78, 1, 73, '3', '50异形', 0, 0, 0, '', 0.00, 0.00, 0.00, 0.00, 50, '', '', '', 1, '', 53, 1);

-- --------------------------------------------------------

--
-- 表的结构 `j_company_type`
--

CREATE TABLE `j_company_type` (
  `ct_name` char(32) NOT NULL COMMENT 'v'
) ENGINE=InnoDB DEFAULT CHARSET=utf8 COMMENT='企业类型';

--
-- 转存表中的数据 `j_company_type`
--

INSERT INTO `j_company_type` (`ct_name`) VALUES
('个人'),
('实体店面'),
('设计师');

-- --------------------------------------------------------

--
-- 表的结构 `j_configs`
--

CREATE TABLE `j_configs` (
  `c_id` smallint(4) UNSIGNED NOT NULL COMMENT 'v',
  `c_type` varchar(32) NOT NULL DEFAULT 'system' COMMENT '配置类型',
  `c_name` varchar(64) NOT NULL COMMENT '名称',
  `c_label` varchar(64) DEFAULT NULL COMMENT 'Label',
  `c_config` varchar(1024) NOT NULL COMMENT '值',
  `c_remark` varchar(128) DEFAULT NULL COMMENT '备注'
) ENGINE=InnoDB DEFAULT CHARSET=utf8 COMMENT='系统配置';

--
-- 转存表中的数据 `j_configs`
--

INSERT INTO `j_configs` (`c_id`, `c_type`, `c_name`, `c_label`, `c_config`, `c_remark`) VALUES
(1, 'system', 'title', '系统名称', '九千定制管理系统', NULL),
(2, 'system', 'version', '版本', '2.0', NULL),
(3, 'produce', 'scan_group_method', '扫描分组方案', '0', NULL),
(4, 'produce', 'pack_group_method', '打包分组方案', '0', NULL),
(5, 'produce', 'edge_auto_get', '封边自动分配', '0', '1: 自动分配, 0: 关闭自动分配'),
(6, 'finance', 'allow_zero_valuate', '允许零元订单', '1', '计价的时候是否允许零元订单'),
(7, 'finance', 'min_check_sum', '核价最低金额', '500', '最低金额以内不需要走财务核价流程'),
(8, 'finance', 'max_easy_produce', '宽松生产最高差额', '1000', '宽松生产时应付金额和实际可付金额之差，如果低于则自动通过'),
(9, 'finance', 'easy_produce_auto_pass', '宽松生产自动通过', '0', '如果客服申请宽松生产，不需要人工检查，自动通过，但是需要留下记录');

-- --------------------------------------------------------

--
-- 表的结构 `j_configs_type`
--

CREATE TABLE `j_configs_type` (
  `ct_name` varchar(32) NOT NULL COMMENT 'v',
  `ct_label` varchar(32) NOT NULL COMMENT 'Label'
) ENGINE=InnoDB DEFAULT CHARSET=utf8 COMMENT='配置类型';

--
-- 转存表中的数据 `j_configs_type`
--

INSERT INTO `j_configs_type` (`ct_name`, `ct_label`) VALUES
('customer', '客服'),
('finance', '财务'),
('produce', '生产'),
('system', '系统');

-- --------------------------------------------------------

--
-- 表的结构 `j_dealer`
--

CREATE TABLE `j_dealer` (
  `d_id` int(10) UNSIGNED NOT NULL COMMENT 'v',
  `d_num` varchar(64) DEFAULT NULL COMMENT '经销商编号',
  `d_uuid` varchar(16) NOT NULL COMMENT '唯一码',
  `d_dealer_rank` enum('普通客户','主要客户','重点客户','潜力客户','失联客户') NOT NULL DEFAULT '普通客户' COMMENT '客户编号',
  `d_company_type` varchar(32) NOT NULL COMMENT '企业类型',
  `d_name` varchar(64) NOT NULL COMMENT '名称',
  `d_area_id` int(10) UNSIGNED NOT NULL COMMENT '所在地区',
  `d_address` varchar(64) NOT NULL COMMENT '地址',
  `d_discount` float UNSIGNED NOT NULL DEFAULT '1' COMMENT '折扣',
  `d_credit` float UNSIGNED DEFAULT '0' COMMENT '信誉度',
  `d_payterms` varchar(64) NOT NULL DEFAULT '款到生产1' COMMENT '支付条款',
  `d_down_payment` float(5,2) UNSIGNED NOT NULL DEFAULT '1.00' COMMENT '首付比例',
  `d_remark` varchar(128) DEFAULT NULL COMMENT '备注',
  `d_creator` int(10) UNSIGNED NOT NULL COMMENT '创建人',
  `d_create_datetime` int(10) UNSIGNED NOT NULL COMMENT '创建时间',
  `d_debt1` float(10,2) UNSIGNED NOT NULL DEFAULT '0.00' COMMENT '下单欠款',
  `d_produce` float(10,2) UNSIGNED NOT NULL DEFAULT '0.00' COMMENT '正在生产',
  `d_debt3` float(10,2) UNSIGNED NOT NULL DEFAULT '0.00' COMMENT '出厂欠款',
  `d_delivered` float(10,2) UNSIGNED NOT NULL DEFAULT '0.00' COMMENT '已经发货',
  `d_received` float(10,2) UNSIGNED NOT NULL DEFAULT '0.00' COMMENT '收款金额',
  `d_balance` float(10,2) NOT NULL DEFAULT '0.00' COMMENT '账户余额',
  `d_status` tinyint(2) UNSIGNED DEFAULT '1' COMMENT '状态',
  `d_start_date` date DEFAULT NULL COMMENT '期初开始日期',
  `d_start` float(10,2) NOT NULL DEFAULT '0.00' COMMENT '期初金额'
) ENGINE=InnoDB DEFAULT CHARSET=utf8 COMMENT='经销商基本信息表';

--
-- 转存表中的数据 `j_dealer`
--

INSERT INTO `j_dealer` (`d_id`, `d_num`, `d_uuid`, `d_dealer_rank`, `d_company_type`, `d_name`, `d_area_id`, `d_address`, `d_discount`, `d_credit`, `d_payterms`, `d_down_payment`, `d_remark`, `d_creator`, `d_create_datetime`, `d_debt1`, `d_produce`, `d_debt3`, `d_delivered`, `d_received`, `d_balance`, `d_status`, `d_start_date`, `d_start`) VALUES
(1, '90002', '', '普通客户', '实体店面', '德润家居', 2, '德润大厦2201', 0, 0, '款到发货', 1.00, 'testtest', 1, 2018, 0.00, 0.00, 0.00, 0.00, 0.00, 0.00, 1, NULL, 0.00),
(2, '90001', '', '普通客户', '实体店面', '武汉华帝王燕', 2, '', 0, 0, '款到生产', 1.00, '', 1, 2018, 0.00, 0.00, 0.00, 0.00, 0.00, 0.00, 1, NULL, 0.00),
(3, '90003', '', '普通客户', '实体店面', '欧宝宅配', 2867, '', 0, 0, '款到生产', 1.00, '', 1, 2018, 0.00, 0.00, 0.00, 0.00, 0.00, 0.00, 1, NULL, 0.00);

-- --------------------------------------------------------

--
-- 表的结构 `j_dealer_balance`
--

CREATE TABLE `j_dealer_balance` (
  `db_id` int(10) UNSIGNED NOT NULL COMMENT 'v',
  `db_dealer_id` int(10) UNSIGNED NOT NULL COMMENT '经销商',
  `db_start` float(10,2) NOT NULL DEFAULT '0.00' COMMENT '期初金额',
  `db_end` float(10,2) NOT NULL DEFAULT '0.00' COMMENT '期末金额',
  `db_start_date` date NOT NULL COMMENT '开始日期',
  `db_end_date` date NOT NULL COMMENT '截止日期',
  `db_asured` float(10,2) UNSIGNED NOT NULL DEFAULT '0.00' COMMENT '本期应收',
  `db_received` float(10,2) UNSIGNED NOT NULL DEFAULT '0.00' COMMENT '本期实收',
  `db_orders` mediumblob NOT NULL COMMENT '期间订单',
  `db_finance_received` mediumblob NOT NULL COMMENT '期间收款单',
  `db_difference` float(10,2) NOT NULL COMMENT '期间应收差额',
  `db_remark` mediumblob COMMENT '备注',
  `db_creator` int(10) NOT NULL COMMENT '创建人',
  `db_create_datetime` datetime NOT NULL COMMENT '创建日期'
) ENGINE=InnoDB DEFAULT CHARSET=utf8 COMMENT=' 经销商对账记录';

-- --------------------------------------------------------

--
-- 表的结构 `j_dealer_delivery`
--

CREATE TABLE `j_dealer_delivery` (
  `dd_id` int(10) UNSIGNED NOT NULL COMMENT 'v',
  `dd_dealer_id` int(10) UNSIGNED NOT NULL COMMENT '经销商',
  `dd_area_id` int(10) UNSIGNED NOT NULL COMMENT '地区',
  `dd_address` varchar(64) DEFAULT NULL COMMENT '地址',
  `dd_logistics` varchar(64) DEFAULT NULL COMMENT '物流',
  `dd_out_method` varchar(64) NOT NULL DEFAULT '发货物流' COMMENT '要求出厂方式',
  `dd_linker` varchar(32) NOT NULL COMMENT '收货人',
  `dd_phone` varchar(64) NOT NULL COMMENT '联系电话',
  `dd_primary` tinyint(1) UNSIGNED NOT NULL DEFAULT '1' COMMENT '首要发货方式',
  `dd_creator` int(10) UNSIGNED NOT NULL DEFAULT '0' COMMENT '创建人',
  `dd_create_datetime` datetime NOT NULL COMMENT '创建时间'
) ENGINE=InnoDB DEFAULT CHARSET=utf8 COMMENT='经销商发货信息';

--
-- 转存表中的数据 `j_dealer_delivery`
--

INSERT INTO `j_dealer_delivery` (`dd_id`, `dd_dealer_id`, `dd_area_id`, `dd_address`, `dd_logistics`, `dd_out_method`, `dd_linker`, `dd_phone`, `dd_primary`, `dd_creator`, `dd_create_datetime`) VALUES
(1, 1, 1467, '德润大厦2201', '', '到厂自提', '张闯创', '15927114502', 1, 0, '2018-07-18 09:32:18'),
(2, 2, 1466, '', '', '到厂自提', '王燕', '18086631390', 0, 0, '2018-07-18 11:07:04'),
(3, 2, 1467, '', '', '到厂自提', '王燕', '18086631390', 0, 1, '2018-07-18 19:52:35'),
(4, 2, 1470, '', '', '到厂自提', '王燕', '18086631390', 1, 1, '2018-07-19 16:59:21'),
(5, 2, 1, '八一路', '', '到厂自提', '王二', '18086631391', 0, 1, '2018-07-19 17:06:38'),
(6, 2, 1470, '八一路', '', '到厂自提', '王三', '18086631392', 0, 1, '2018-07-19 17:11:31'),
(7, 2, 1470, '八一路', '', '到厂自提', '王四', '18086631393', 0, 1, '2018-07-19 17:13:27'),
(9, 2, 1470, '八一路', '', '到厂自提', '王六', '18086631396', 0, 1, '2018-07-19 17:15:25'),
(10, 3, 2867, '', '', '发货物流', '周明', '13657216118', 1, 1, '2018-07-19 21:26:09');

-- --------------------------------------------------------

--
-- 表的结构 `j_dealer_delivery_shop`
--

CREATE TABLE `j_dealer_delivery_shop` (
  `dds_id` int(10) UNSIGNED NOT NULL COMMENT 'v',
  `dds_dealer_delivery_id` int(10) UNSIGNED NOT NULL COMMENT '经销商发货',
  `dds_shop_id` int(10) UNSIGNED NOT NULL COMMENT '店面',
  `dds_primary` tinyint(1) UNSIGNED NOT NULL DEFAULT '1' COMMENT '首要发货方式'
) ENGINE=InnoDB DEFAULT CHARSET=utf8 COMMENT='店面发货';

--
-- 转存表中的数据 `j_dealer_delivery_shop`
--

INSERT INTO `j_dealer_delivery_shop` (`dds_id`, `dds_dealer_delivery_id`, `dds_shop_id`, `dds_primary`) VALUES
(1, 1, 1, 1),
(2, 2, 2, 0),
(3, 2, 3, 1),
(4, 2, 4, 0),
(6, 4, 4, 1),
(8, 9, 4, 0),
(9, 10, 5, 1);

-- --------------------------------------------------------

--
-- 表的结构 `j_dealer_linker`
--

CREATE TABLE `j_dealer_linker` (
  `dl_id` int(10) UNSIGNED NOT NULL COMMENT 'v',
  `dl_dealer_id` int(10) UNSIGNED NOT NULL COMMENT '经销商id',
  `dl_name` varchar(32) NOT NULL COMMENT '店员用户名',
  `dl_truename` varchar(64) NOT NULL COMMENT '真实姓名',
  `dl_password` varchar(128) NOT NULL COMMENT '密码',
  `dl_salt` varchar(128) DEFAULT NULL COMMENT '盐',
  `dl_uniqid` varchar(128) NOT NULL COMMENT '唯一码',
  `dl_session` varchar(128) DEFAULT NULL COMMENT '会话',
  `dl_position` varchar(64) DEFAULT NULL COMMENT '职位',
  `dl_mobilephone` varchar(16) DEFAULT NULL COMMENT '店员联系移动电话',
  `dl_telephone` varchar(16) DEFAULT NULL COMMENT '店员联系座机',
  `dl_email` varchar(64) DEFAULT NULL COMMENT '店员联系email',
  `dl_qq` varchar(16) DEFAULT NULL COMMENT '店员联系qq',
  `dl_fax` varchar(16) DEFAULT NULL COMMENT '店员联系传真',
  `dl_primary` tinyint(1) UNSIGNED NOT NULL DEFAULT '1' COMMENT '首要联系人',
  `dl_creator` int(10) UNSIGNED NOT NULL COMMENT '创建者',
  `dl_create_datetime` datetime NOT NULL COMMENT '创建时间'
) ENGINE=InnoDB DEFAULT CHARSET=utf8 COMMENT='经销商联系人的信息';

--
-- 转存表中的数据 `j_dealer_linker`
--

INSERT INTO `j_dealer_linker` (`dl_id`, `dl_dealer_id`, `dl_name`, `dl_truename`, `dl_password`, `dl_salt`, `dl_uniqid`, `dl_session`, `dl_position`, `dl_mobilephone`, `dl_telephone`, `dl_email`, `dl_qq`, `dl_fax`, `dl_primary`, `dl_creator`, `dl_create_datetime`) VALUES
(1, 1, '15927114502', '张闯创', '90009000', '', '', NULL, '老板', '15927114502', '', '', '', '', 1, 1, '2018-07-18 09:32:18'),
(2, 2, '18086631390', '王燕', '123456', '', '', NULL, '老板', '18086631390', '18086631390', '', '', '', 1, 1, '2018-07-18 11:07:04'),
(3, 2, '15171454511', '王二', '$2y$11$71e2eefe79f13482ca1ecO1NYzcEtSMwcdXXLhK9Ob1jN2tYrcmLa', '$2y$11$71e2eefe79f13482ca1ecc', '', NULL, '设计师', '15171454511', '', '', '', '', 0, 1, '2018-07-19 14:58:23'),
(4, 2, '15171454001', '李三', '$2y$11$20fda22d38fb6c525dcfaORgH3UlM1XKarxQTeNn5bDND.61h.Jhy', '$2y$11$20fda22d38fb6c525dcfac', '', NULL, '设计师', '15171454001', '', '', '', '', 0, 1, '2018-07-19 15:43:45'),
(5, 3, '13657216118', '周明', '$2y$11$3f33df77df4fe539e96dbumpe1WJdHvHdFkT..ClO5SlpU7pbVxBi', '$2y$11$3f33df77df4fe539e96db1', '', NULL, '', '13657216118', '', '', '', '', 1, 1, '2018-07-19 21:26:09'),
(6, 1, '15927114599', '刘三', '$2y$11$951d83e9b3cbec8341c57u.PqFJW5jCI5BKdXFtlcRFl9/3a7mUju', '$2y$11$951d83e9b3cbec8341c570', '', NULL, '设计师', '15927114599', '', '', '', '', 0, 1, '2018-07-27 15:43:47'),
(7, 1, '15927114600', '六六', '$2y$11$af18eca59dba2ebe45f4fuPoA1AqKV7DMHX6XzcFELqP88ayMaTcu', '$2y$11$af18eca59dba2ebe45f4f5', '', NULL, '财务', '15927114600', '', '', '', '', 0, 1, '2018-07-27 15:44:09');

-- --------------------------------------------------------

--
-- 表的结构 `j_dealer_linker_shop`
--

CREATE TABLE `j_dealer_linker_shop` (
  `dls_id` int(10) UNSIGNED NOT NULL COMMENT 'v',
  `dls_dealer_linker_id` int(10) UNSIGNED NOT NULL COMMENT '经销商联系人',
  `dls_shop_id` int(10) UNSIGNED NOT NULL COMMENT '店面',
  `dls_primary` tinyint(1) UNSIGNED NOT NULL DEFAULT '1' COMMENT '首要联系人'
) ENGINE=InnoDB DEFAULT CHARSET=utf8 COMMENT='经销商联系人店面';

--
-- 转存表中的数据 `j_dealer_linker_shop`
--

INSERT INTO `j_dealer_linker_shop` (`dls_id`, `dls_dealer_linker_id`, `dls_shop_id`, `dls_primary`) VALUES
(1, 1, 1, 1),
(2, 2, 2, 0),
(3, 2, 3, 1),
(4, 2, 4, 1),
(5, 4, 3, 0),
(6, 5, 5, 1),
(7, 6, 1, 0),
(8, 7, 1, 0);

-- --------------------------------------------------------

--
-- 表的结构 `j_dealer_owner`
--

CREATE TABLE `j_dealer_owner` (
  `do_id` int(10) UNSIGNED NOT NULL COMMENT 'v',
  `do_dealer_id` int(10) UNSIGNED NOT NULL COMMENT '经销商',
  `do_owner_id` int(10) UNSIGNED NOT NULL COMMENT '客服',
  `do_primary` tinyint(1) UNSIGNED DEFAULT '0' COMMENT '首要'
) ENGINE=InnoDB DEFAULT CHARSET=utf8 COMMENT='分组经销商';

--
-- 转存表中的数据 `j_dealer_owner`
--

INSERT INTO `j_dealer_owner` (`do_id`, `do_dealer_id`, `do_owner_id`, `do_primary`) VALUES
(1, 1, 1, 1),
(2, 1, 27, 0),
(3, 3, 1, 1),
(4, 2, 1, 1);

-- --------------------------------------------------------

--
-- 表的结构 `j_dealer_status`
--

CREATE TABLE `j_dealer_status` (
  `ds_name` tinyint(2) UNSIGNED NOT NULL COMMENT 'v',
  `ds_label` varchar(64) NOT NULL COMMENT 'Label'
) ENGINE=InnoDB DEFAULT CHARSET=utf8 COMMENT='经销商状态';

--
-- 转存表中的数据 `j_dealer_status`
--

INSERT INTO `j_dealer_status` (`ds_name`, `ds_label`) VALUES
(0, '停用'),
(1, '正常');

-- --------------------------------------------------------

--
-- 表的结构 `j_dealer_track`
--

CREATE TABLE `j_dealer_track` (
  `dt_id` int(10) UNSIGNED NOT NULL COMMENT 'v',
  `dt_shop_id` int(10) UNSIGNED NOT NULL COMMENT '店面',
  `dt_track_title` varchar(128) NOT NULL COMMENT '跟踪主题',
  `dt_dealer_id` int(10) UNSIGNED NOT NULL COMMENT '经销商',
  `dt_track` blob COMMENT '跟踪',
  `dt_creator` int(10) NOT NULL COMMENT '创建人',
  `dt_create_datetime` datetime NOT NULL COMMENT '创建时间'
) ENGINE=InnoDB DEFAULT CHARSET=utf8 COMMENT='跟踪经销商';

--
-- 转存表中的数据 `j_dealer_track`
--

INSERT INTO `j_dealer_track` (`dt_id`, `dt_shop_id`, `dt_track_title`, `dt_dealer_id`, `dt_track`, `dt_creator`, `dt_create_datetime`) VALUES
(1, 4, '客户回访', 2, 0xe8bf99e698afe4b880e6aca1e6b58be8af95, 1, '2018-07-19 11:07:19'),
(2, 4, '客户回访', 2, 0xe8bf99e698afe58fa6e4b880e6aca1e6b58be8af95, 1, '2018-07-19 11:12:12'),
(3, 4, '客户回访', 2, 0xe6b58be8af95e4b889, 1, '2018-07-19 11:58:41'),
(4, 2, '客户回访', 2, 0xe6b58be8af95e59b9b, 1, '2018-07-19 11:58:53'),
(5, 3, '客户回访', 2, 0x74657364736466, 1, '2018-07-19 14:09:43'),
(6, 3, '客户回访', 2, 0x7863627863766278637662, 1, '2018-07-19 14:10:24'),
(7, 4, '客户回访', 2, 0x66736466676473667367, 1, '2018-07-19 14:10:47'),
(8, 1, '客户回访', 1, 0x74657374, 1, '2018-07-19 19:37:36'),
(9, 1, '基本跟踪', 1, 0x7a767a7863767a7863, 1, '2018-07-31 15:31:55');

-- --------------------------------------------------------

--
-- 表的结构 `j_door_edge`
--

CREATE TABLE `j_door_edge` (
  `de_name` varchar(64) NOT NULL COMMENT 'v'
) ENGINE=InnoDB DEFAULT CHARSET=utf8 COMMENT='门板封边';

--
-- 转存表中的数据 `j_door_edge`
--

INSERT INTO `j_door_edge` (`de_name`) VALUES
('PVC白色封边'),
('亚光窄边'),
('亚光窄边带封头'),
('亮光圆边'),
('刷银封边'),
('同色PVC'),
('土豪金双色亚克力'),
('红白刷银'),
('香槟碰角封边'),
('黑色刷银');

-- --------------------------------------------------------

--
-- 表的结构 `j_drawing`
--

CREATE TABLE `j_drawing` (
  `d_id` int(10) UNSIGNED NOT NULL COMMENT 'v',
  `d_name` varchar(64) NOT NULL COMMENT '名称',
  `d_type` tinyint(1) UNSIGNED NOT NULL DEFAULT '0' COMMENT '类型',
  `d_order_product_id` int(10) NOT NULL COMMENT '产品',
  `d_path` varchar(256) NOT NULL COMMENT '路径',
  `d_create_datetime` datetime DEFAULT NULL COMMENT '创建时间',
  `d_creator` int(10) NOT NULL DEFAULT '0' COMMENT '创建人'
) ENGINE=InnoDB DEFAULT CHARSET=utf8 COMMENT='图纸';

--
-- 转存表中的数据 `j_drawing`
--

INSERT INTO `j_drawing` (`d_id`, `d_name`, `d_type`, `d_order_product_id`, `d_path`, `d_create_datetime`, `d_creator`) VALUES
(1, 'X2017090001-W1', 0, 102, '/usr/local/share/test_365huijia/upload/2017/12/06/X2017090001-W1.jpg', '2017-12-06 21:43:29', 1);

-- --------------------------------------------------------

--
-- 表的结构 `j_edge`
--

CREATE TABLE `j_edge` (
  `e_name` varchar(64) NOT NULL COMMENT '名称',
  `e_thick` smallint(4) UNSIGNED NOT NULL DEFAULT '0' COMMENT '厚度',
  `e_up` float UNSIGNED NOT NULL DEFAULT '0' COMMENT '上',
  `e_down` float UNSIGNED NOT NULL DEFAULT '0' COMMENT '下',
  `e_left` float UNSIGNED NOT NULL DEFAULT '0' COMMENT '左',
  `e_right` float UNSIGNED NOT NULL DEFAULT '0' COMMENT '右'
) ENGINE=InnoDB DEFAULT CHARSET=utf8 COMMENT='封边';

--
-- 转存表中的数据 `j_edge`
--

INSERT INTO `j_edge` (`e_name`, `e_thick`, `e_up`, `e_down`, `e_left`, `e_right`) VALUES
('4H', 0, 1.5, 1.5, 1.5, 1.5),
('bb', 0, 0.7, 0.7, 0.7, 0.7),
('bbbb', 0, 0.7, 0.7, 0.7, 0.7),
('Hb', 0, 1.5, 0.7, 0.7, 0.7),
('Hbbb', 0, 1.5, 0.7, 0.7, 0.7),
('HHHH', 0, 1.5, 1.5, 1.5, 1.5),
('一长b一短b', 0, 0.7, 0.7, 0.7, 0.7);

-- --------------------------------------------------------

--
-- 表的结构 `j_element`
--

CREATE TABLE `j_element` (
  `e_id` smallint(4) UNSIGNED NOT NULL COMMENT 'v',
  `e_card_id` smallint(4) UNSIGNED NOT NULL COMMENT '卡片',
  `e_label` varchar(64) NOT NULL COMMENT 'Label',
  `e_name` varchar(64) NOT NULL COMMENT '名称',
  `e_classes` varchar(64) DEFAULT NULL COMMENT '样式',
  `e_dv` varchar(128) DEFAULT NULL COMMENT '默认值',
  `e_displayorder` smallint(4) UNSIGNED NOT NULL DEFAULT '0' COMMENT '显示顺序',
  `e_checked` tinyint(1) UNSIGNED NOT NULL DEFAULT '1' COMMENT '默认显示',
  `e_url` varchar(256) DEFAULT NULL COMMENT 'URL',
  `e_query` varchar(128) DEFAULT NULL COMMENT 'URL参数'
) ENGINE=InnoDB DEFAULT CHARSET=utf8 COMMENT='element';

--
-- 转存表中的数据 `j_element`
--

INSERT INTO `j_element` (`e_id`, `e_card_id`, `e_label`, `e_name`, `e_classes`, `e_dv`, `e_displayorder`, `e_checked`, `e_url`, `e_query`) VALUES
(3, 1, '等级', 'icon', '', '', 3, 1, '', ''),
(4, 1, '订单编号', 'num', '', '', 4, 1, '/order/order_detail', 'v'),
(5, 1, '#', 'v', 'd-none', '', 1, 1, NULL, NULL),
(6, 1, '业主', 'owner', '', '', 8, 1, '', ''),
(7, 1, '客户', 'dealer', '', '', 7, 1, '', ''),
(8, 1, '金额', 'sum', '', '', 9, 1, '', ''),
(9, 1, '支付状态#', 'pay_status', 'd-none', '', 11, 1, NULL, NULL),
(10, 1, '创建人', 'creator', '', '', 13, 1, '', ''),
(11, 1, '状态#', 'status', 'd-none', '', 15, 1, NULL, NULL),
(12, 2, '#', 'v', 'd-none', '', 1, 1, NULL, NULL),
(13, 2, '层级', 'class_alien', '', '', 2, 1, NULL, NULL),
(14, 2, '名称', 'name', '', '', 3, 1, NULL, NULL),
(15, 2, '层级', 'class', 'd-none', '', 4, 1, NULL, NULL),
(16, 3, '#', 'v', 'd-none', '', 1, 1, NULL, NULL),
(17, 3, '层级', 'class_alien', '', '', 2, 1, NULL, NULL),
(18, 3, '名称', 'name', '', '', 3, 1, NULL, NULL),
(19, 3, '标签', 'label', '', '', 4, 1, NULL, NULL),
(20, 3, 'URI', 'url', '', '', 5, 1, NULL, NULL),
(21, 3, '显示顺序', 'displayorder', '', '', 6, 1, NULL, NULL),
(22, 3, '图像', 'img', '', '', 7, 1, NULL, NULL),
(23, 3, '页面类型', 'page_type_name', '', '', 8, 1, NULL, NULL),
(24, 3, '移动端', 'mobile_name', '', '', 9, 1, NULL, NULL),
(25, 3, '父级', 'parent', 'd-none', '', 10, 1, NULL, NULL),
(26, 4, '#', 'v', 'd-none', '', 1, 1, NULL, NULL),
(27, 4, '名称', 'name', '', '', 2, 1, NULL, NULL),
(28, 4, 'Label', 'label', '', '', 3, 1, NULL, NULL),
(29, 4, 'URL', 'url', '', '', 4, 1, NULL, NULL),
(30, 4, '显示顺序', 'displayorder', '', '', 5, 1, NULL, NULL),
(31, 4, '图像', 'img', '', '', 6, 1, NULL, NULL),
(32, 4, '组号', 'group_no', '', '', 7, 1, NULL, NULL),
(34, 4, 'Target', 'target', '', '', 9, 1, NULL, NULL),
(37, 4, '数据源', 'source', '', '', 12, 1, NULL, NULL),
(39, 4, 'Toggle类型', 'toggle_v', '', '', 14, 1, NULL, NULL),
(40, 4, 'Tag', 'tag_v', '', '', 15, 1, NULL, NULL),
(41, 4, '多选', 'multiple_v', '', '', 16, 1, NULL, NULL),
(42, 4, 'Modal', 'modal_type_v', '', '', 17, 1, NULL, NULL),
(43, 5, '#', 'v', 'd-none', '', 1, 1, NULL, NULL),
(44, 5, '名称', 'name', '', '', 2, 1, NULL, NULL),
(45, 5, 'Label', 'label', '', '', 3, 1, NULL, NULL),
(46, 5, 'Url', 'url', '', '', 4, 1, NULL, NULL),
(47, 5, '卡片类型', 'card_type_v', '', '', 5, 1, NULL, NULL),
(48, 5, '设置方式', 'card_setting_v', '', '', 6, 1, NULL, NULL),
(51, 6, '#', 'v', 'd-none', '', 1, 1, NULL, NULL),
(52, 6, '名称', 'name', '', '', 2, 1, NULL, NULL),
(53, 6, '标签', 'label', '', '', 3, 1, NULL, NULL),
(54, 6, '表单类型', 'form_type_v', '', '', 4, 1, NULL, NULL),
(55, 6, '类型名称', 'type_v', '', '', 5, 1, NULL, NULL),
(56, 6, 'URL', 'url', '', '', 6, 1, NULL, NULL),
(57, 6, '默认值', 'dv', '', '', 7, 1, NULL, NULL),
(58, 6, 'Placeholder', 'placeholder', '', '', 8, 1, NULL, NULL),
(59, 6, '样式', 'classes', '', '', 9, 1, NULL, NULL),
(60, 6, '只读', 'readonly_v', '', '', 10, 1, NULL, NULL),
(61, 6, '必存', 'required_v', '', '', 11, 1, NULL, NULL),
(62, 6, '多选', 'multiple_v', '', '', 12, 1, NULL, NULL),
(63, 6, '最大', 'max', '', '', 13, 1, NULL, NULL),
(64, 6, '最小', 'min', '', '', 14, 1, NULL, NULL),
(65, 6, '最长', 'maxlength', '', '', 15, 1, NULL, NULL),
(66, 6, '模式', 'pattern', '', '', 16, 1, NULL, NULL),
(67, 6, 'ID', 'ide', '', '', 17, 1, NULL, NULL),
(73, 7, 'URL', 'url', '', '', 6, 1, NULL, NULL),
(75, 7, '标签', 'label', '', '', 3, 1, NULL, NULL),
(76, 7, '名称', 'name', '', '', 2, 1, NULL, NULL),
(77, 7, '#', 'v', 'd-none', '', 1, 1, NULL, NULL),
(80, 7, '样式', 'classes', '', '', 9, 1, NULL, NULL),
(81, 7, 'Placeholder', 'placeholder', '', '', 8, 1, NULL, NULL),
(82, 7, '默认值', 'dv', '', '', 7, 1, NULL, NULL),
(83, 7, '模式', 'pattern', '', '', 16, 1, NULL, NULL),
(84, 7, '最长', 'maxlength', '', '', 15, 1, NULL, NULL),
(85, 7, '最小', 'min', '', '', 14, 1, NULL, NULL),
(86, 7, '最大', 'max', '', '', 13, 1, NULL, NULL),
(88, 7, '多选', 'multiple_v', '', '', 22, 1, NULL, NULL),
(89, 7, '必存', 'required_v', '', '', 21, 1, NULL, NULL),
(90, 7, '只读', 'readonly_v', '', '', 20, 1, NULL, NULL),
(92, 7, '表单类型', 'form_type_v', '', '', 18, 1, NULL, NULL),
(93, 7, 'ID', 'ide', '', '', 17, 1, NULL, NULL),
(94, 3, 'class', 'class', 'd-none', '', 11, 1, NULL, NULL),
(95, 3, '页面类型#', 'page_type_v', 'd-none', '', 12, 1, NULL, NULL),
(96, 3, '移动端#', 'mobile_v', 'd-none', '', 13, 1, NULL, NULL),
(97, 3, '隐形', 'invisible_name', '', '', 14, 1, NULL, NULL),
(98, 3, '隐形#', 'invisible_v', 'd-none', '', 15, 1, NULL, NULL),
(99, 8, 'Label', 'label', '', '', 0, 1, NULL, NULL),
(100, 8, '值', 'v', '', '', 2, 1, NULL, NULL),
(101, 9, 'Label', 'label', '', '', 1, 1, NULL, NULL),
(102, 9, '值', 'v', '', '', 2, 1, NULL, NULL),
(103, 10, 'Label', 'label', '', '', 1, 1, NULL, NULL),
(104, 10, '值', 'v', '', '', 2, 1, NULL, NULL),
(105, 11, 'Label', 'label', '', '', 1, 1, NULL, NULL),
(106, 11, '值', 'v', '', '', 2, 1, NULL, NULL),
(107, 12, 'Label', 'label', '', '', 1, 1, NULL, NULL),
(108, 12, '值', 'v', '', '', 2, 1, NULL, NULL),
(109, 13, 'Label', 'label', '', '', 1, 1, NULL, NULL),
(110, 13, '值', 'v', '', '', 2, 1, NULL, NULL),
(111, 14, 'Label', 'label', '', '', 1, 1, NULL, NULL),
(112, 14, '值', 'v', '', '', 2, 1, NULL, NULL),
(113, 15, 'Label', 'label', '', '', 1, 1, NULL, NULL),
(114, 15, '值', 'v', '', '', 2, 1, NULL, NULL),
(115, 16, '#', 'v', 'd-none', '', 1, 1, NULL, NULL),
(116, 16, '货架编号', 'warehouse_shelve_num', '', '', 3, 1, NULL, NULL),
(118, 16, '列编号', 'width', '', '', 4, 1, NULL, NULL),
(119, 16, '层编号', 'height', '', '', 5, 1, NULL, NULL),
(120, 16, '状态', 'status_label', '', '', 6, 1, NULL, NULL),
(122, 16, '库位编号', 'num', '', '', 2, 1, NULL, NULL),
(124, 18, '#', 'v', 'd-none', '', 1, 1, NULL, NULL),
(125, 18, '货架编号', 'num', '', '', 2, 1, NULL, NULL),
(126, 18, '货架列数', 'width', '', '', 3, 1, NULL, NULL),
(127, 18, '货架层数', 'height', '', '', 4, 1, NULL, NULL),
(128, 18, '所属仓库', 'warehouse_area_num', '', '', 5, 1, NULL, NULL),
(129, 18, '备注', 'remark', '', '', 6, 1, NULL, NULL),
(130, 19, '#', 'v', 'd-none', '', 1, 1, NULL, NULL),
(131, 19, '库位编号', 'warehouse_v', '', '', 2, 1, NULL, NULL),
(132, 19, '订单产品编号', 'order_product_num', '', '', 3, 1, NULL, NULL),
(133, 19, '入库人', 'creator', '', '', 6, 1, NULL, NULL),
(134, 19, '入库时间', 'create_datetime', '', '', 7, 1, NULL, NULL),
(135, 19, '拣货人', 'picker', '', '', 8, 1, NULL, NULL),
(136, 19, '拣货时间', 'pick_datetime', '', '', 9, 1, NULL, NULL),
(137, 20, '#', 'v', 'd-none', '', 1, 1, NULL, NULL),
(138, 20, '订单产品编号', 'order_product_num', '', '', 2, 1, NULL, NULL),
(139, 20, '经销商', 'dealer', '', '', 4, 1, NULL, NULL),
(140, 20, '等待时间', 'pack_datetime', '', '', 5, 1, NULL, NULL),
(141, 21, '#', 'v', 'd-none', '', 1, 1, NULL, NULL),
(142, 21, '订单产品编号', 'order_product_num', '', '', 3, 1, NULL, NULL),
(143, 21, '入库人', 'creator', '', '', 6, 1, NULL, NULL),
(144, 21, '入库时间', 'create_datetime', '', '', 7, 1, NULL, NULL),
(145, 21, '库位编码', 'warehouse_num', '', '', 2, 1, NULL, NULL),
(146, 22, '#', 'v', 'd-none', '', 1, 1, NULL, NULL),
(147, 22, '编号', 'num', 'd-none', '', 2, 1, NULL, NULL),
(148, 22, '车辆', 'truck', '', '', 3, 1, NULL, NULL),
(149, 22, '车次', 'train', '', '', 4, 1, NULL, NULL),
(150, 22, '日期', 'end_datetime', '', '', 5, 1, NULL, NULL),
(151, 22, '预估件数', 'pack', '', '', 6, 1, NULL, NULL),
(152, 22, '物流', 'logistics', '', '', 7, 1, NULL, NULL),
(153, 22, '创建人', 'creator', '', '', 8, 1, NULL, NULL),
(154, 22, '创建日期', 'create_datetime', '', '', 9, 1, NULL, NULL),
(155, 23, '#', 'no', 'd-none', '', 1, 1, NULL, NULL),
(156, 23, '订单产品编号', 'order_product_num', '', '', 3, 1, NULL, NULL),
(157, 23, '库位编号', 'warehouse_v', '', '', 2, 1, NULL, NULL),
(158, 24, '#', 'v', '', '', 1, 1, NULL, NULL),
(159, 24, '发货日期', 'end_datetime', '', '', 2, 1, NULL, NULL),
(160, 24, '车辆', 'truck', '', '', 3, 1, NULL, NULL),
(161, 24, '车次', 'train', '', '', 4, 1, NULL, NULL),
(162, 24, '实发件数', 'amount', '', '', 5, 1, NULL, NULL),
(163, 24, '代收', 'collection', '', '', 6, 1, NULL, NULL),
(164, 24, '出货人', 'creator', '', '', 7, 1, NULL, NULL),
(165, 24, '出货时间', 'create_datetime', '', '', 8, 1, NULL, NULL),
(166, 25, '#', 'no', '', '', 1, 1, NULL, NULL),
(167, 25, '订单编号', 'order_num', '', '', 2, 1, NULL, NULL),
(168, 25, '产品编号', 'order_product_num', '', '', 3, 1, NULL, NULL),
(169, 25, '包装件数', 'amount', '', '', 4, 1, NULL, NULL),
(170, 25, '包装编号', 'num', '', '', 5, 1, NULL, NULL),
(171, 25, '包装类型', 'classify', '', '', 6, 1, NULL, NULL),
(172, 26, '#', 'v', 'd-none', '', 1, 1, NULL, NULL),
(173, 26, '用户名', 'name', '', '', 2, 1, NULL, NULL),
(174, 26, '真实姓名', 'truename', '', '', 3, 1, NULL, NULL),
(175, 26, '移动电话', 'mobilephone', '', '', 4, 1, NULL, NULL),
(176, 26, '用户组id', 'usergroup_v', 'd-none', '', 5, 1, NULL, NULL),
(177, 26, '用户组', 'usergroup_name', '', '', 6, 1, NULL, NULL),
(178, 26, '创建人', 'creator', '', '', 7, 1, NULL, NULL),
(179, 26, '创建时间', 'create_datetime', '', '', 8, 1, NULL, NULL),
(180, 2, '父类', 'parent', 'd-none', '', 5, 1, NULL, NULL),
(181, 27, '#', 'v', 'd-none', '', 1, 1, NULL, NULL),
(182, 27, '角色名称', 'name', '', '', 2, 1, NULL, NULL),
(183, 28, '#', 'v', 'd-none', '', 1, 1, NULL, NULL),
(184, 28, '角色名称', 'name', '', '', 2, 1, NULL, NULL),
(185, 29, '#', 'v', 'd-none', '', 1, 1, NULL, NULL),
(186, 29, '层级', 'class_alien', '', '', 2, 1, NULL, NULL),
(187, 29, '菜单名称', 'label', '', '', 3, 1, NULL, NULL),
(188, 30, '#', 'v', 'd-none', '', 1, 1, NULL, NULL),
(190, 30, '菜单', 'menu_label', '', '', 3, 1, NULL, NULL),
(191, 30, '卡片', 'label', '', '', 4, 1, NULL, NULL),
(192, 31, '#', 'v', 'd-none', '', 1, 1, NULL, NULL),
(193, 31, '菜单名称', 'menu_label', '', '', 2, 1, NULL, NULL),
(194, 31, '卡片名称', 'card_label', '', '', 3, 1, NULL, NULL),
(195, 31, '元素名称', 'label', '', '', 4, 1, NULL, NULL),
(196, 32, '#', 'v', 'd-none', '', 1, 1, NULL, NULL),
(197, 32, '菜单名称', 'menu_label', '', '', 2, 1, NULL, NULL),
(199, 32, '功能', 'label', '', '', 3, 1, NULL, NULL),
(200, 33, '#', 'v', 'd-none', '', 1, 1, NULL, NULL),
(201, 33, '菜单名称', 'menu_label', '', '', 2, 1, NULL, NULL),
(202, 33, '功能名称', 'func_label', '', '', 3, 1, NULL, NULL),
(203, 33, '表单名称', 'label', '', '', 4, 1, NULL, NULL),
(204, 34, '#', 'v', 'd-none', '', 1, 1, NULL, NULL),
(205, 34, '菜单名称', 'menu_label', '', '', 2, 1, NULL, NULL),
(206, 34, '页面搜索', 'label', '', '', 3, 1, NULL, NULL),
(207, 35, '#', 'v', '', '', 1, 1, NULL, NULL),
(208, 35, '目录', 'director', '', '', 2, 1, NULL, NULL),
(209, 35, '控制器', 'controller', '', '', 3, 1, NULL, NULL),
(210, 35, '方法', 'method', '', '', 4, 1, NULL, NULL),
(211, 35, '名称', 'name', '', '', 5, 1, NULL, NULL),
(212, 35, 'URL', 'url', '', '', 6, 1, NULL, NULL),
(213, 36, '#', 'v', 'd-none', '', 1, 1, NULL, NULL),
(214, 36, '菜单名称', 'menu_label', '', '', 2, 1, NULL, NULL),
(215, 36, '页面表单名称', 'label', '', '', 4, 1, NULL, NULL),
(216, 37, '#', 'v', 'd-none', '', 1, 1, NULL, NULL),
(217, 37, '名称', 'name', '', '', 2, 1, NULL, NULL),
(218, 37, '标签', 'label', '', '', 3, 1, NULL, NULL),
(219, 37, 'URL', 'url', '', '', 4, 1, NULL, NULL),
(220, 37, '源URL', 'source_url', '', '', 5, 1, NULL, NULL),
(221, 37, '源Query', 'source_query', '', '', 6, 1, NULL, NULL),
(222, 38, '#', 'v', 'd-none', '', 1, 1, NULL, NULL),
(223, 38, '菜单名称', 'menu_label', '', '', 2, 1, NULL, NULL),
(224, 38, '表单页面', 'label', '', '', 3, 1, NULL, NULL),
(225, 36, '表单页面名称', 'form_page_label', '', '', 3, 1, NULL, NULL),
(226, 37, '菜单', 'menu_v', 'd-none', '', 7, 1, NULL, NULL),
(227, 39, '#', 'v', 'd-none', '', 1, 1, NULL, NULL),
(228, 39, '名称', 'name', '', '', 2, 1, NULL, NULL),
(229, 39, 'Label', 'label', '', '', 3, 1, NULL, NULL),
(230, 39, '表单类型', 'form_type_v', '', '', 4, 1, NULL, NULL),
(231, 39, 'URL', 'url', '', '', 5, 1, NULL, NULL),
(232, 39, 'Query', 'query', '', '', 6, 1, NULL, NULL),
(233, 39, '默认值', 'dv', '', '', 7, 1, NULL, NULL),
(234, 39, 'Placeholder', 'placeholder', '', '', 8, 1, NULL, NULL),
(235, 39, '样式', 'classes', '', '', 9, 1, NULL, NULL),
(236, 39, '只读', 'readlonly_v', '', '', 10, 1, NULL, NULL),
(237, 39, '必存', 'required_v', '', '', 11, 1, NULL, NULL),
(238, 39, '多选', 'multiple_v', '', '', 12, 1, NULL, NULL),
(239, 39, '最大', 'max', '', '', 13, 1, NULL, NULL),
(240, 39, '最小', 'min', '', '', 14, 1, NULL, NULL),
(241, 39, '最长', 'maxlength', '', '', 15, 1, NULL, NULL),
(242, 39, '模式', 'pattern', '', '', 16, 1, NULL, NULL),
(243, 39, 'ID', 'ide', '', '', 18, 1, NULL, NULL),
(244, 41, '#', 'v', 'd-none', '', 1, 1, NULL, NULL),
(245, 41, '名称', 'name', '', '', 2, 1, NULL, NULL),
(246, 41, 'Label', 'label', '', '', 3, 1, NULL, NULL),
(247, 41, '样式', 'classes', '', '', 4, 1, NULL, NULL),
(248, 41, '默认值', 'dv', '', '', 5, 1, NULL, NULL),
(249, 41, '显示顺序', 'displayorder', '', '', 6, 1, NULL, NULL),
(250, 41, '显示', 'checked_v', '', '', 7, 1, NULL, NULL),
(252, 42, '#', 'v', 'd-none', '', 1, 1, NULL, NULL),
(253, 42, '目录', 'directory', '', '', 2, 1, NULL, NULL),
(254, 42, '控制器', 'controller', '', '', 3, 1, NULL, NULL),
(255, 42, '方法', 'method', '', '', 4, 1, NULL, NULL),
(256, 42, '名称', 'name', '', '', 5, 1, NULL, NULL),
(257, 42, 'URL', 'url', '', '', 6, 1, NULL, NULL),
(258, 43, '#', 'v', 'd-none', '', 1, 1, NULL, NULL),
(259, 43, '登录时间', 'create_datetime', '', '', 2, 1, NULL, NULL),
(260, 43, '登录IP', 'ip', '', '', 3, 1, NULL, NULL),
(261, 43, '登录主机', 'host', '', '', 4, 1, NULL, NULL),
(262, 4, '单选', 'single_v', '', '', 16, 1, NULL, NULL),
(264, 18, '状态', 'status', '', '', 7, 1, NULL, NULL),
(265, 4, 'Query', 'query', '', '', 10, 1, NULL, NULL),
(267, 16, 'status_v', '状态V', 'd-none', '', 7, 1, NULL, NULL),
(268, 19, '件数', 'amount', '', '', 4, 1, NULL, NULL),
(269, 19, '包装类别', 'classify', '', '', 5, 1, NULL, NULL),
(270, 21, '包装件数', 'amount', '', '', 4, 1, NULL, NULL),
(271, 21, '包装类型', 'classify', '', '', 5, 1, NULL, NULL),
(272, 21, '出库人', 'picker', '', '', 8, 1, NULL, NULL),
(273, 21, '出库时间', 'pick_datetime', '', '', 9, 1, NULL, NULL),
(274, 20, '包装件数', 'pack_detail', '', '', 3, 1, NULL, NULL),
(275, 22, '扫描件数', 'deliveried_pack', '', '', 10, 1, NULL, NULL),
(276, 22, '代收金额', 'collection', '', '', 11, 1, NULL, NULL),
(277, 22, '打印员', 'printer', '', '', 12, 1, NULL, NULL),
(278, 22, '打印时间', 'print_datetime', '', '', 13, 1, NULL, NULL),
(280, 23, '包装件数', 'pack_detail', '', '', 4, 1, NULL, NULL),
(281, 23, '已扫描', 'scanned', '', '', 5, 1, NULL, NULL),
(282, 7, 'Query', 'query', '', '', 10, 1, NULL, NULL),
(292, 45, '#', 'v', 'd-none', '', 1, 1, NULL, NULL),
(293, 45, '订单产品编号', 'order_product_num', '', '', 2, 1, NULL, NULL),
(294, 45, '产品名称', 'product', '', '', 3, 1, NULL, NULL),
(295, 45, '客户', 'dealer', '', '', 4, 1, NULL, NULL),
(296, 45, '业主', 'owner', '', '', 5, 1, NULL, NULL),
(297, 45, '客服', 'creator', '', '', 6, 1, NULL, NULL),
(298, 45, '排产日期', 'electronic_saw_datetime', '', '', 7, 1, NULL, NULL),
(301, 46, '#', 'v', 'd-none', '', 1, 1, NULL, NULL),
(302, 46, '批次号', 'batch_num', '', '', 2, 1, NULL, NULL),
(303, 46, '板材', 'board', 'd-none', '', 3, 1, NULL, NULL),
(304, 46, '数量', 'num', '', '', 4, 1, NULL, NULL),
(305, 46, '状态', 'status', '', '', 5, 1, NULL, NULL),
(306, 47, '#', 'v', 'd-none', '', 1, 1, NULL, NULL),
(307, 47, '名称', 'name', '', '', 2, 1, NULL, NULL),
(308, 47, 'Label', 'label', '', '', 3, 1, NULL, NULL),
(309, 47, '前置节点', 'previous', '', '', 4, 1, NULL, NULL),
(310, 47, '后置节点', 'next', '', '', 5, 1, NULL, NULL),
(311, 47, '执行文件', 'file', '', '', 6, 1, NULL, NULL),
(312, 47, '类型', 'type', '', '', 7, 1, NULL, NULL),
(313, 46, '分配', 'distribution', '', '', 6, 1, NULL, NULL),
(314, 48, '时间', 'create_datetime', '', '', 3, 1, NULL, NULL),
(315, 48, '操作人', 'creator', '', '', 2, 1, NULL, NULL),
(316, 48, '批次号', 'batch_num', '', '', 4, 1, NULL, NULL),
(317, 48, 'Message', 'msg', '', '', 5, 1, NULL, NULL),
(318, 48, '状态', 'workflow_mrp_label', '', '', 1, 1, NULL, NULL),
(319, 49, '#', 'v', 'd-none', '', 1, 1, NULL, NULL),
(320, 49, '批次号', 'batch_num', '', '', 2, 1, NULL, NULL),
(321, 49, '板材', 'board', 'd-none', '', 3, 1, NULL, NULL),
(322, 49, '块数', 'num', '', '', 4, 1, NULL, NULL),
(323, 49, '分配开始日期', 'shear_datetime', '', '', 6, 1, '', ''),
(324, 49, '分配人', 'shear', '', '', 5, 1, '', ''),
(325, 49, '下料人', 'saw', '', '', 7, 1, '', ''),
(326, 49, '下料完成日期', 'saw_datetime', '', '', 8, 1, '', ''),
(328, 50, '执行人', 'creator', '', '', 3, 1, NULL, NULL),
(329, 50, '执行时间', 'create_datetime', '', '', 4, 1, NULL, NULL),
(330, 50, '记录信息', 'msg', '', '', 5, 1, NULL, NULL),
(331, 51, '#', 'v', 'd-none', '', 1, 1, NULL, NULL),
(332, 51, '编号', 'order_product_num', '', '', 2, 1, NULL, NULL),
(333, 51, '产品', 'product', '', '', 3, 1, NULL, NULL),
(334, 51, '客户', 'dealer', '', '', 4, 1, NULL, NULL),
(335, 51, '业主', 'owner', '', '', 5, 1, NULL, NULL),
(336, 51, '开始日期', 'scan_start', '', '', 7, 1, NULL, NULL),
(337, 51, '最后日期', 'scan_end', '', '', 8, 1, NULL, NULL),
(338, 51, '差板块', 'lack', '', '', 10, 1, NULL, NULL),
(339, 52, '#', 'v', 'd-none', '', 1, 1, NULL, NULL),
(340, 52, '编码', 'qrcode', '', '', 2, 1, NULL, NULL),
(341, 52, '板材', 'board', '', '', 3, 1, NULL, NULL),
(342, 52, '柜体位置', 'cubicle_name', '', '', 4, 1, NULL, NULL),
(343, 52, '板块名称', 'plate_name', '', '', 5, 1, NULL, NULL),
(344, 52, '长度', 'length', '', '', 6, 1, NULL, NULL),
(345, 52, '宽度', 'width', '', '', 7, 1, NULL, NULL),
(346, 52, '厚度', 'thick', '', '', 9, 1, NULL, NULL),
(347, 52, '封边', 'edge', '', '', 10, 1, NULL, NULL),
(348, 52, '打孔', 'punch', '', '', 11, 1, NULL, NULL),
(349, 52, '开槽', 'slot', '', '', 12, 1, NULL, NULL),
(350, 52, '备注', 'remark', '', '', 13, 1, NULL, NULL),
(351, 52, '扫描人', 'scanner', '', '', 14, 1, NULL, NULL),
(352, 52, '扫描时间', 'scan_datetime', '', '', 15, 1, NULL, NULL),
(353, 51, '客服', 'creator', '', '', 6, 1, NULL, NULL),
(368, 51, '板块数', 'amount', '', '', 9, 1, NULL, NULL),
(369, 54, '编号', 'v', '', '', 1, 1, NULL, NULL),
(370, 54, '名称', 'name', '', '', 2, 1, NULL, NULL),
(371, 54, 'Label', 'label', '', '', 3, 1, NULL, NULL),
(372, 54, '前置节点', 'previous', '', '', 4, 1, NULL, NULL),
(373, 54, '后置节点', 'next', '', '', 5, 1, NULL, NULL),
(374, 54, '执行文件', 'file', '', '', 6, 1, NULL, NULL),
(376, 55, '#', 'v', 'd-none', '', 1, 1, NULL, NULL),
(377, 55, '编号', 'num', '', '', 2, 1, '', ''),
(378, 55, '板材', 'board', 'd-none', '', 3, 1, NULL, NULL),
(379, 55, '面积', 'area', '', '', 4, 1, NULL, NULL),
(380, 55, '下料人', 'edge', '', '', 6, 1, '', ''),
(381, 55, '下料日期', 'edge_datetime', '', '', 7, 1, '', ''),
(382, 56, '#', 'v', 'd-none', '', 1, 1, NULL, NULL),
(383, 56, '编号', 'order_product_num', '', '', 2, 1, NULL, NULL),
(384, 56, '板材', 'board', 'd-none', '', 3, 1, NULL, NULL),
(385, 56, '面积', 'area', '', '', 4, 1, NULL, NULL),
(386, 56, '操作人', 'creator', '', '', 6, 1, NULL, NULL),
(387, 56, '操作日期', 'create_datetime', '', '', 7, 1, NULL, NULL),
(388, 57, '#', 'v', 'd-none', '', 1, 1, NULL, NULL),
(389, 57, '编号', 'num', '', '', 2, 1, '', ''),
(390, 57, '板材', 'board', 'd-none', '', 4, 1, NULL, NULL),
(391, 57, '面积', 'area', '', '', 5, 1, NULL, NULL),
(392, 57, '操作人', 'scan', '', '', 7, 1, '', ''),
(393, 57, '操作日期', 'scan_datetime', '', '', 8, 1, '', ''),
(394, 58, '#', 'v', 'd-none', '', 1, 1, NULL, NULL),
(395, 58, '编号', 'num', '', '', 2, 1, '', ''),
(396, 58, '板材', 'board', 'd-none', '', 4, 1, NULL, NULL),
(397, 58, '面积', 'area', '', '', 5, 1, NULL, NULL),
(398, 58, '操作人', 'pack', '', '', 7, 1, '', ''),
(399, 58, '操作日期', 'pack_datetime', '', '', 8, 1, '', ''),
(400, 55, '状态', 'status', '', '', 5, 1, NULL, NULL),
(401, 56, '状态', 'status', '', '', 5, 1, NULL, NULL),
(402, 57, '状态', 'status', '', '', 6, 1, NULL, NULL),
(403, 58, '状态', 'status', '', '', 6, 1, NULL, NULL),
(404, 5, '懒加载', 'lazy_load', '', '', 7, 1, NULL, NULL),
(405, 59, '统计项', 'label', '', '', 1, 1, NULL, NULL),
(406, 59, '统计值', 'name', '', '', 2, 1, NULL, NULL),
(407, 60, '统计类', 'label', '', '', 1, 1, NULL, NULL),
(408, 60, '订单编号', 'name', '', '', 2, 1, NULL, NULL),
(409, 61, '统计类', 'label', '', '', 1, 1, NULL, NULL),
(410, 61, '订单编号', 'name', '', '', 2, 1, NULL, NULL),
(411, 62, '订单编号', 'name', '', '', 2, 1, NULL, NULL),
(412, 62, '统计类', 'label', '', '', 1, 1, NULL, NULL),
(413, 63, '统计类', 'label', '', '', 1, 1, NULL, NULL),
(414, 63, '订单编号', 'name', '', '', 2, 1, NULL, NULL),
(415, 62, '面积', 'area', '', '', 4, 1, NULL, NULL),
(416, 62, '订单数', 'amount', '', '', 3, 1, NULL, NULL),
(418, 60, '订单数', 'amount', '', '', 3, 1, NULL, NULL),
(419, 60, '面积', 'area', '', '', 4, 1, NULL, NULL),
(420, 61, '面积', 'area', '', '', 4, 1, NULL, NULL),
(421, 61, '订单数', 'amount', '', '', 3, 1, NULL, NULL),
(422, 63, '订单数', 'amount', '', '', 3, 1, NULL, NULL),
(423, 63, '面积', 'area', '', '', 4, 1, NULL, NULL),
(424, 64, '#', 'v', 'd-none', '', 1, 1, NULL, NULL),
(425, 64, '名称', 'num', '', '', 2, 1, NULL, NULL),
(426, 64, '状态', 'status', '', '', 3, 1, NULL, NULL),
(427, 65, '#', 'v', 'd-none', '', 1, 1, NULL, NULL),
(428, 65, '编号', 'num', '', '', 2, 1, NULL, NULL),
(429, 65, '产品名称', 'product', '', '', 3, 1, NULL, NULL),
(430, 65, '包装件数', 'pack', '', '', 4, 1, NULL, NULL),
(432, 65, '创建人', 'creator', '', '', 6, 1, NULL, NULL),
(433, 65, '创建日期', 'create_datetime', '', '', 7, 1, NULL, NULL),
(434, 66, '#', 'v', 'd-none', '', 1, 1, NULL, NULL),
(435, 66, '编号', 'order_product_num', '', '', 2, 1, NULL, NULL),
(436, 66, '板材', 'board', 'd-none', '', 3, 1, NULL, NULL),
(437, 66, '面积', 'area', '', '', 4, 1, NULL, NULL),
(438, 66, '状态', 'status', '', '', 5, 1, NULL, NULL),
(439, 66, '操作人', 'creator', '', '', 6, 1, NULL, NULL),
(440, 66, '操作日期', 'create_datetime', '', '', 7, 1, NULL, NULL),
(441, 67, '#', 'v', 'd-none', '', 1, 1, NULL, NULL),
(442, 67, '编码', 'order_product_num', '', '', 2, 1, NULL, NULL),
(443, 67, '板材', 'board', 'd-none', '', 3, 1, NULL, NULL),
(444, 67, '面积', 'area', '', '', 4, 1, NULL, NULL),
(445, 67, '状态', 'status', '', '', 5, 1, NULL, NULL),
(446, 67, '操作人', 'creator', '', '', 6, 1, NULL, NULL),
(447, 67, '操作日期', 'create_datetime', '', '', 7, 1, NULL, NULL),
(448, 68, '#', 'v', 'd-none', '', 1, 1, NULL, NULL),
(449, 68, '名称', 'name', '', '', 4, 1, NULL, NULL),
(450, 68, 'Label', 'label', '', '', 5, 1, NULL, NULL),
(451, 68, '值', 'config', '', '', 6, 1, NULL, NULL),
(452, 26, '状态', 'status', '', '', 9, 1, NULL, NULL),
(453, 2, '组员数量', 'amount', '', '', 6, 1, NULL, NULL),
(454, 26, '组内编号', 'group_no', '', '', 10, 1, NULL, NULL),
(455, 69, '#', 'v', 'd-none', '', 1, 1, NULL, NULL),
(456, 69, '名称', 'name', '', '', 4, 1, NULL, NULL),
(457, 69, '类型', 'company_type', '', '', 5, 1, NULL, NULL),
(458, 69, '地址', 'area', '', '', 6, 1, NULL, NULL),
(459, 69, '地区', 'area_id', 'd-none', '', 7, 1, NULL, NULL),
(460, 69, '地址', 'address', 'd-none', '', 8, 1, NULL, NULL),
(461, 69, '支付条款', 'payterms', '', '', 9, 1, NULL, NULL),
(462, 69, '等待生产', 'debt1', 'd-none', '', 11, 1, NULL, NULL),
(463, 69, '正在生产', 'debt2', 'd-none', '', 12, 1, NULL, NULL),
(464, 69, '发货金额', 'deliveried', 'd-none', '', 13, 1, NULL, NULL),
(465, 69, '收款金额', 'received', 'd-none', '', 14, 1, NULL, NULL),
(466, 69, '账户余额', 'balance', '', '', 15, 1, NULL, NULL),
(467, 69, '备注', 'remark', '', '', 16, 1, NULL, NULL),
(468, 69, '销售经理', 'owner', '', '', 17, 1, NULL, NULL),
(469, 69, '状态', 'status_label', '', '', 18, 1, NULL, NULL),
(470, 69, '状态v', 'status', 'd-none', '', 19, 1, NULL, NULL),
(471, 70, '#', 'v', 'd-none', '', 1, 1, NULL, NULL),
(472, 70, '编号', 'num', '', '', 2, 1, NULL, NULL),
(473, 70, '店面名称', 'name', '', '', 3, 1, NULL, NULL),
(474, 70, '店面地址', 'area', '', '', 4, 1, NULL, NULL),
(475, 70, '地区', 'area_id', 'd-none', '', 5, 1, NULL, NULL),
(476, 70, '地址', 'address', 'd-none', '', 6, 1, NULL, NULL),
(477, 70, '款到生产', 'debt1', '', '', 7, 1, NULL, NULL),
(478, 70, '款到发货', 'debt2', '', '', 8, 1, NULL, NULL),
(479, 70, '已发货', 'deliveried', '', '', 9, 1, NULL, NULL),
(480, 70, '已打款', 'received', '', '', 10, 1, NULL, NULL),
(481, 70, '账户余额', 'balance', '', '', 11, 1, NULL, NULL),
(482, 70, '备注', 'remark', '', '', 12, 1, NULL, NULL),
(483, 71, '#', 'v', 'd-none', '', 1, 1, NULL, NULL),
(484, 71, '用户名', 'name', '', '', 2, 1, NULL, NULL),
(485, 71, '姓名', 'truename', '', '', 3, 1, NULL, NULL),
(486, 71, '职位', 'position', '', '', 4, 1, NULL, NULL),
(487, 71, '移动电话', 'mobilephone', '', '', 5, 1, NULL, NULL),
(488, 71, '座机', 'telephone', '', '', 6, 1, NULL, NULL),
(489, 71, 'Email', 'email', '', '', 7, 1, NULL, NULL),
(490, 71, 'QQ', 'qq', '', '', 8, 1, NULL, NULL),
(491, 71, 'Fax', 'fax', '', '', 9, 1, NULL, NULL),
(492, 71, '首要联系人', 'primary_label', '', '', 10, 1, NULL, NULL),
(493, 71, '首要联系人#', 'primary', 'd-none', '', 11, 1, NULL, NULL),
(494, 71, '客户#', 'dealer_id', 'd-none', '', 12, 1, NULL, NULL),
(495, 72, '#', 'v', 'd-none', '', 1, 1, NULL, NULL),
(496, 72, '发货地址', 'area', '', '', 2, 1, NULL, NULL),
(497, 72, '发货地区#', 'area_id', 'd-none', '', 3, 1, NULL, NULL),
(498, 72, '详细地址#', 'address', 'd-none', '', 4, 1, NULL, NULL),
(499, 72, '要求物流', 'logistics', '', '', 5, 1, NULL, NULL),
(500, 72, '出厂方式', 'out_method', '', '', 6, 1, NULL, NULL),
(501, 72, '联系人', 'linker', '', '', 7, 1, NULL, NULL),
(502, 72, '联系电话', 'phone', '', '', 8, 1, NULL, NULL),
(503, 72, '首要发货', 'primary_label', '', '', 9, 1, NULL, NULL),
(504, 72, '首要发货#', 'primary', 'd-none', '', 10, 1, NULL, NULL),
(505, 73, '#', 'v', 'd-none', '', 1, 1, NULL, NULL),
(506, 73, '属主', 'owner', '', '', 2, 1, NULL, NULL),
(507, 73, '属主#', 'owner_id', 'd-none', '', 3, 1, NULL, NULL),
(508, 73, '销售经理', 'primary_label', '', '', 4, 1, NULL, NULL),
(509, 73, '首要#', 'primary', 'd-none', '', 5, 1, NULL, NULL),
(510, 74, '#', 'v', 'd-none', '', 1, 1, NULL, NULL),
(511, 74, '日期', 'create_datetime', '', '', 2, 1, NULL, NULL),
(512, 74, '记录员', 'creator', '', '', 3, 1, NULL, NULL),
(513, 74, '主题', 'track_title', '', '', 5, 1, NULL, NULL),
(514, 74, '内容', 'track', '', '', 6, 1, NULL, NULL),
(515, 74, '店面', 'shop', '', '', 4, 1, NULL, NULL),
(516, 75, '#', 'v', 'd-none', '', 1, 1, NULL, NULL),
(517, 75, '联系人', 'dealer_linker_id', 'd-none', '', 2, 1, NULL, NULL),
(518, 75, '店面', 'shop_id', 'd-none', '', 3, 1, NULL, NULL),
(519, 75, '用户名', 'name', '', '', 4, 1, NULL, NULL),
(520, 75, '姓名', 'truename', '', '', 5, 1, NULL, NULL),
(521, 75, '职位', 'position', '', '', 6, 1, NULL, NULL),
(522, 75, '移动电话', 'mobilephone', '', '', 7, 1, NULL, NULL),
(523, 75, '座机', 'telephone', '', '', 8, 1, NULL, NULL),
(524, 75, 'Email', 'email', '', '', 9, 1, NULL, NULL),
(525, 75, 'QQ', 'qq', '', '', 10, 1, NULL, NULL),
(526, 75, 'Fax', 'fax', '', '', 11, 1, NULL, NULL),
(527, 75, '首要联系人', 'primary_label', '', '', 12, 1, NULL, NULL),
(528, 75, '首要联系人#', 'primary', 'd-none', '', 13, 1, NULL, NULL),
(529, 75, '客户#', 'dealer_id', 'd-none', '', 14, 1, NULL, NULL),
(530, 76, '#', 'v', 'd-none', '', 1, 1, NULL, NULL),
(531, 76, '客户#', 'dealer_id', 'd-none', '', 2, 1, NULL, NULL),
(532, 76, '店面#', 'shop_id', 'd-none', '', 3, 1, NULL, NULL),
(533, 76, '收货人', 'linker', '', '', 4, 1, NULL, NULL),
(534, 76, '收货电话', 'phone', '', '', 5, 1, NULL, NULL),
(535, 76, '收货地址', 'area', '', '', 6, 1, NULL, NULL),
(536, 76, '要求物流', 'logistics', '', '', 7, 1, NULL, NULL),
(537, 76, '出厂方式', 'out_method', '', '', 8, 1, NULL, NULL),
(538, 76, '首要收货', 'primary_label', '', '', 9, 1, NULL, NULL),
(539, 76, '首要收货#', 'primary', 'd-none', '', 10, 1, NULL, NULL),
(540, 76, '客户收货#', 'dealer_delivery_id', 'd-none', '', 11, 1, NULL, NULL),
(541, 77, '#', 'v', 'd-none', '', 1, 1, NULL, NULL),
(542, 77, '名称', 'name', '', '', 4, 1, NULL, NULL),
(543, 77, '类型', 'company_type', '', '', 5, 1, NULL, NULL),
(544, 77, '地址', 'area', '', '', 6, 1, NULL, NULL),
(545, 77, '地区#', 'area_id', 'd-none', '', 7, 1, NULL, NULL),
(546, 77, '详细地址#', 'address', 'd-none', '', 8, 1, NULL, NULL),
(547, 77, '支付条款', 'payterms', '', '', 9, 1, NULL, NULL),
(548, 77, '等待生产', 'debt1', 'd-none', '', 11, 0, NULL, NULL),
(549, 77, '正在生产', 'debt2', 'd-none', '', 12, 0, NULL, NULL),
(550, 77, '发货金额', 'deliveried', 'd-none', '', 13, 0, NULL, NULL),
(551, 77, '收款金额', 'received', 'd-none', '', 14, 0, NULL, NULL),
(552, 77, '账户余额', 'balance', '', '', 15, 1, NULL, NULL),
(553, 77, '备注', 'remark', '', '', 16, 1, NULL, NULL),
(554, 77, '状态', 'status_label', '', '', 17, 1, NULL, NULL),
(555, 77, '状态#', 'status', 'd-none', '', 18, 1, NULL, NULL),
(556, 69, '编号', 'num', '', '', 3, 1, NULL, NULL),
(557, 77, '编号', 'num', '', '', 3, 1, NULL, NULL),
(558, 39, '显示顺序', 'displayorder', '', '', 17, 1, NULL, NULL),
(559, 41, '卡片#', 'card_id', 'd-none', '', 10, 1, NULL, NULL),
(560, 39, '功能#', 'func_id', 'd-none', '', 19, 1, NULL, NULL),
(561, 69, '客户等级', 'dealer_rank', '', '', 2, 1, NULL, NULL),
(562, 69, '首付率', 'down_payment', '', '', 10, 1, NULL, NULL),
(563, 77, '客户等级', 'dealer_rank', '', '', 2, 1, NULL, NULL),
(564, 77, '首付比例', 'down_payment', '', '', 10, 1, NULL, NULL),
(565, 7, '显示顺序', 'displayorder', '', '', 23, 1, NULL, NULL),
(566, 7, '表单页面#', 'form_page_id', 'd-none', '', 24, 1, NULL, NULL),
(567, 78, '编号', 'v', '', '', 1, 1, NULL, NULL),
(568, 78, '名称', 'name', '', '', 2, 1, NULL, NULL),
(569, 78, 'Label', 'label', '', '', 3, 1, NULL, NULL),
(570, 78, '前置节点', 'previous', '', '', 4, 1, NULL, NULL),
(571, 78, '后置节点', 'next', '', '', 5, 1, NULL, NULL),
(572, 78, '执行文件', 'file', '', '', 6, 1, NULL, NULL),
(573, 79, '编号', 'v', '', '', 1, 1, NULL, NULL),
(574, 79, '名称', 'name', '', '', 2, 1, NULL, NULL),
(575, 79, 'Label', 'label', '', '', 3, 1, NULL, NULL),
(576, 79, '前置节点', 'previous', '', '', 4, 1, NULL, NULL),
(577, 79, '后置节点', 'next', '', '', 5, 1, NULL, NULL),
(578, 79, '执行文件', 'file', '', '', 6, 1, NULL, NULL),
(579, 80, '编号', 'v', '', '', 1, 1, NULL, NULL),
(580, 80, '名称', 'name', '', '', 2, 1, NULL, NULL),
(581, 80, 'Label', 'label', '', '', 3, 1, NULL, NULL),
(582, 80, '前置节点', 'previous', '', '', 4, 1, NULL, NULL),
(583, 80, '后置节点', 'next', '', '', 5, 1, NULL, NULL),
(584, 80, '执行文件', 'file', '', '', 6, 1, NULL, NULL),
(585, 81, '#', 'v', 'd-none', '', 1, 1, NULL, NULL),
(586, 81, '状态', 'workflow_order_product_classify_label', '', '', 2, 1, NULL, NULL),
(587, 81, '操作人', 'creator', '', '', 3, 1, NULL, NULL),
(588, 81, '操作日期', 'create_datetime', '', '', 4, 1, NULL, NULL),
(589, 81, '记录信息', 'msg', '', '', 5, 1, NULL, NULL),
(590, 82, 'v', '#', 'd-none', '', 1, 1, NULL, NULL),
(591, 82, '状态', 'workflow_order_label', '', '', 2, 1, NULL, NULL),
(592, 82, '操作人', 'creator', '', '', 3, 1, NULL, NULL),
(593, 82, '操作日期', 'create_datetime', '', '', 4, 1, NULL, NULL),
(594, 82, '记录信息', 'msg', '', '', 5, 1, NULL, NULL),
(595, 50, '#', 'v', 'd-none', '', 1, 1, NULL, NULL),
(596, 50, '状态', 'workflow_order_product_label', '', '', 2, 1, NULL, NULL),
(597, 83, '#', 'v', 'd-none', '', 1, 1, NULL, NULL),
(598, 83, '省', 'province', '', '', 2, 1, NULL, NULL),
(599, 83, '市', 'city', '', '', 3, 1, NULL, NULL),
(600, 83, '区/县', 'county', '', '', 4, 1, NULL, NULL),
(601, 84, '名称', 'v', '', '', 1, 1, NULL, NULL),
(602, 84, '联系电话', 'phone', '', '', 2, 1, NULL, NULL),
(603, 84, '所在地区#', 'area_id', 'd-none', '', 3, 1, NULL, NULL),
(604, 84, '所在地区', 'area', '', '', 4, 1, NULL, NULL),
(605, 84, '详细地址', 'address', '', '', 5, 1, NULL, NULL),
(606, 84, 'VIP号', 'vip', '', '', 6, 1, NULL, NULL),
(607, 84, '创建人', 'creator', '', '', 7, 1, NULL, NULL),
(608, 84, '创建日期', 'create_datetime', '', '', 8, 1, NULL, NULL),
(610, 86, '名称', 'name', '', '', 1, 1, NULL, NULL),
(611, 87, '主题', 'v', '', '', 1, 1, NULL, NULL),
(612, 88, '名称', 'name', '', '', 1, 1, NULL, NULL),
(613, 89, '名称', 'name', '', '', 1, 1, NULL, NULL),
(614, 89, '厚板', 'thicker', '', '', 2, 1, NULL, NULL),
(615, 90, '材质', 'name', '', '', 1, 1, NULL, NULL),
(616, 91, '环保级别', 'name', '', '', 1, 1, NULL, NULL),
(617, 92, '板材名称', 'v', '', '', 1, 1, NULL, NULL),
(618, 92, '厚度', 'thick', 'd-none', '', 2, 1, NULL, NULL),
(619, 92, '材质', 'nature', 'd-none', '', 3, 1, NULL, NULL),
(620, 92, '颜色', 'color', 'd-none', '', 4, 1, NULL, NULL),
(621, 92, '环保级别', 'class', 'd-none', '', 5, 1, NULL, NULL),
(622, 92, '长度', 'length', 'd-none', '', 6, 1, NULL, NULL),
(623, 92, '宽度', 'width', 'd-none', '', 7, 1, NULL, NULL),
(624, 92, '单价', 'unit_price', '', '', 9, 1, NULL, NULL),
(625, 92, '库存', 'amount', '', '', 11, 1, NULL, NULL),
(626, 92, '供应商#', 'supplier_id', 'd-none', '', 12, 1, NULL, NULL),
(627, 92, '供应商', 'supplier', '', '', 13, 1, NULL, NULL),
(628, 92, '备注', 'remark', '', '', 14, 1, NULL, NULL),
(629, 92, '创建人', 'creator', '', '', 17, 1, NULL, NULL),
(630, 92, '创建日期', 'creat_datetime', '', '', 18, 1, NULL, NULL),
(631, 92, '在售', 'status_label', '', '', 16, 1, NULL, NULL),
(632, 92, '采购价格', 'purchase', '', '', 8, 1, NULL, NULL),
(633, 92, '我的定价', 'saler_unit_price', '', '', 10, 1, NULL, NULL),
(634, 93, '#', 'v', 'd-none', '', 1, 1, NULL, NULL),
(635, 93, '名称', 'name', '', '', 2, 1, NULL, NULL),
(636, 93, '编码代号', 'code', '', '', 3, 1, NULL, NULL),
(637, 93, '备注', 'remark', '', '', 4, 1, NULL, NULL),
(638, 93, '创建人', 'creator', '', '', 5, 1, NULL, NULL),
(639, 93, '创建日期', 'create_datetime', '', '', 6, 1, NULL, NULL),
(640, 92, '状态', 'status', 'd-none', '', 15, 1, NULL, NULL),
(641, 94, '#', 'v', 'd-none', '', 1, 1, NULL, NULL),
(642, 94, '板材', 'board', '', '', 2, 1, NULL, NULL),
(643, 94, '定价', 'unit_price', '', '', 3, 1, NULL, NULL),
(644, 94, '销售', 'creator', '', '', 4, 1, NULL, NULL),
(645, 94, '创建日期', 'create_datetime', '', '', 5, 1, NULL, NULL),
(646, 95, '单位', 'name', '', '', 1, 1, NULL, NULL),
(647, 96, '#', 'v', 'd-none', '', 1, 1, NULL, NULL),
(648, 96, '层级', 'class_alien', '', '', 2, 1, NULL, NULL),
(649, 96, '层级#', 'class', 'd-none', '', 3, 1, NULL, NULL),
(650, 96, '父类', 'parent', 'd-none', '', 4, 1, NULL, NULL),
(651, 96, '名称', 'name', '', '', 5, 1, NULL, NULL),
(652, 96, '编号', 'code', '', '', 6, 1, NULL, NULL),
(653, 96, '备注', 'remark', '', '', 9, 1, NULL, NULL),
(654, 97, '#', 'v', 'd-none', '', 1, 1, NULL, NULL),
(655, 97, '所属分类', 'product', '', '', 3, 1, NULL, NULL),
(656, 97, '所属分类#', 'product_id', 'd-none', '', 2, 1, NULL, NULL),
(657, 97, '编码', 'code', '', '', 4, 1, NULL, NULL),
(658, 97, '名称', 'name', '', '', 5, 1, NULL, NULL),
(659, 97, '供应商', 'supplier', '', '', 6, 1, NULL, NULL),
(660, 97, '供应商#', 'supplier_id', 'd-none', '', 7, 1, NULL, NULL),
(661, 97, '备注', 'remark', '', '', 12, 1, NULL, NULL),
(662, 97, '在售', 'status_label', '', '', 13, 1, NULL, NULL),
(663, 97, '创建人', 'creator', '', '', 14, 1, NULL, NULL),
(664, 98, '#', 'v', 'd-none', '', 1, 1, NULL, NULL),
(665, 98, '产品分类', 'product', '', '', 3, 1, NULL, NULL),
(666, 98, '层级', 'class_alien', '', '', 2, 1, NULL, NULL),
(668, 98, '产品分类#', 'product_id', 'd-none', '', 4, 1, NULL, NULL),
(669, 98, '名称', 'name', '', '', 5, 1, NULL, NULL),
(670, 98, '父类', 'parent', 'd-none', '', 6, 1, NULL, NULL),
(671, 98, '备注', 'remark', '', '', 7, 1, NULL, NULL),
(672, 98, '创建人', 'creator', '', '', 8, 1, NULL, NULL),
(673, 97, '规格', 'speci', 'd-none', '', 15, 1, NULL, NULL),
(674, 97, '采购单位', 'purchase_unit', '', '', 8, 1, NULL, NULL),
(675, 97, '采购单价', 'purchase', '', '', 9, 1, NULL, NULL),
(676, 97, '销售单位', 'unit', '', '', 10, 1, NULL, NULL),
(677, 97, '销售单价', 'unit_price', '', '', 11, 1, NULL, NULL),
(678, 99, '#', 'v', 'd-none', '', 1, 1, NULL, NULL),
(679, 99, '所属分类', 'product', '', '', 2, 1, NULL, NULL),
(680, 99, '商品名称', 'goods', '', '', 4, 1, NULL, NULL),
(681, 99, '商品规格编码', 'code', '', '', 3, 1, NULL, NULL),
(682, 99, '规格', 'speci', '', '', 6, 1, NULL, NULL),
(683, 99, '采购价', 'purchase', '', '', 9, 1, NULL, NULL),
(684, 99, '销售价', 'unit_price', '', '', 11, 1, NULL, NULL),
(685, 99, '在售', 'status_label', '', '', 13, 1, NULL, NULL),
(686, 99, '创建人', 'creator', '', '', 15, 1, NULL, NULL),
(687, 99, '供应商', 'supplier', '', '', 7, 1, NULL, NULL),
(688, 99, '采购单位', 'purchase_unit', '', '', 8, 1, NULL, NULL),
(689, 99, '销售单位', 'unit', '', '', 10, 1, NULL, NULL),
(690, 99, '状态#', 'status', 'd-none', '', 14, 1, NULL, NULL),
(691, 99, '商品名称#', 'goods_id', 'd-none', '', 5, 1, NULL, NULL),
(692, 99, '我的售价', 'saler_unit_price', '', '', 12, 1, NULL, NULL),
(693, 100, '#', 'v', 'd-none', '', 1, 1, NULL, NULL),
(694, 100, '产品分类', 'product', '', '', 2, 1, NULL, NULL),
(695, 100, '商品', 'goods', '', '', 3, 1, NULL, NULL),
(696, 100, '商品规格', 'speci', '', '', 4, 1, NULL, NULL),
(697, 100, '商品规格#', 'goods_speci_id', 'd-none', '', 5, 1, NULL, NULL),
(698, 100, '建议售价', 'min_unit_price', '', '', 8, 1, NULL, NULL),
(699, 100, '销售定价', 'unit_price', '', '', 9, 1, NULL, NULL),
(700, 100, '销售员', 'creator', '', '', 10, 1, NULL, NULL),
(701, 100, '供应商', 'supplier', '', '', 6, 1, NULL, NULL),
(702, 100, '销售单位', 'unit', '', '', 7, 1, NULL, NULL),
(703, 68, '配置类型#', 'type', 'd-none', '', 3, 1, NULL, NULL),
(704, 68, '配置类型', 'type_label', '', '', 2, 1, NULL, NULL),
(705, 68, '备注', 'remark', '', '', 7, 1, NULL, NULL),
(706, 1, '要求出厂', 'request_outdate', '', '', 14, 1, '', ''),
(707, 1, '对单人', 'checker', 'd-none', '', 17, 1, NULL, NULL),
(708, 1, '对单电话', 'checker_phone', 'd-none', '', 18, 1, NULL, NULL),
(709, 1, '支付人', 'payer', 'd-none', '', 19, 1, NULL, NULL),
(710, 1, '支付电话', 'payer_phone', 'd-none', '', 20, 1, NULL, NULL),
(711, 1, '要求物流', 'logistics', 'd-none', '', 25, 1, NULL, NULL),
(712, 1, '收货地区', 'delivery_area', 'd-none', '', 21, 1, NULL, NULL),
(713, 101, '#', 'v', 'd-none', '', 1, 1, NULL, NULL),
(714, 101, '名称', 'name', '', '', 2, 1, NULL, NULL),
(715, 101, '图标', 'icon', '', '', 3, 1, NULL, NULL),
(716, 102, '#', 'v', 'd-none', '', 1, 1, NULL, NULL),
(717, 102, '订单编号', 'num', '', '', 2, 1, NULL, NULL),
(718, 102, '订单编号#', 'order_id', '', '', 3, 1, NULL, NULL),
(719, 102, '支付金额', 'payed_money', '', '', 6, 1, NULL, NULL),
(720, 102, '订单金额', 'sum', '', '', 5, 1, NULL, NULL),
(721, 102, '有效', 'status', '', '', 8, 1, NULL, NULL),
(722, 102, '支付类型', 'finance_flow_type', '', '', 4, 1, NULL, NULL),
(723, 102, '订单状态', 'order_status', '', '', 7, 1, NULL, NULL),
(724, 103, '#', 'v', 'd-none', '', 1, 1, NULL, NULL),
(725, 103, '订单编号', 'num', '', '', 2, 1, NULL, NULL),
(726, 103, '订单编号#', 'order_id', '', '', 3, 1, NULL, NULL),
(727, 103, '客户备注#', 'for', 'd-none', '', 4, 1, NULL, NULL),
(728, 103, '订单状态', 'status_label', '', '', 6, 1, NULL, NULL),
(729, 103, '备注内容', 'remark', '', '', 7, 1, NULL, NULL),
(730, 103, '创建人', 'creator', '', '', 8, 1, NULL, NULL),
(731, 103, '创建日期', 'create_datetime', '', '', 9, 1, NULL, NULL),
(732, 103, '客户备注', 'for_label', '', '', 5, 1, NULL, NULL),
(733, 104, '#', 'v', 'd-none', '', 1, 1, NULL, NULL),
(734, 104, '订单产品编号', 'order_product_num', '', '', 2, 1, NULL, NULL),
(735, 104, '订单产品编号#', 'order_product_id', 'd-none', '', 3, 1, NULL, NULL),
(736, 104, '订单产品状态#', 'status', 'd-none', '', 4, 1, NULL, NULL),
(737, 104, '订单产品状态', 'workflow_order_product_label', '', '', 5, 1, NULL, NULL),
(738, 104, '备注', 'remark', '', '', 6, 1, NULL, NULL),
(739, 104, '创建人', 'creator', '', '', 7, 1, NULL, NULL),
(740, 104, '创建日期', 'create_datetime', '', '', 8, 1, NULL, NULL),
(741, 105, '名称', 'v', '', '', 1, 1, NULL, NULL),
(742, 106, '名称', 'v', '', '', 1, 1, NULL, NULL),
(743, 106, '是否开孔#', 'open_hole', 'd-none', '', 2, 1, NULL, NULL),
(744, 106, '隐形拉手#', 'invisibility', 'd-none', '', 4, 1, NULL, NULL),
(745, 106, '隐形拉手', 'invisibility_label', '', '', 5, 1, NULL, NULL),
(746, 106, '是否开孔', 'open_hole_label', '', '', 3, 1, NULL, NULL),
(747, 107, '编号', 'v', '', '', 1, 1, '', ''),
(748, 108, '名称', 'v', '', '', 1, 1, NULL, NULL),
(749, 108, 'Label', 'label', '', '', 2, 1, NULL, NULL),
(750, 109, '#', 'v', 'd-none', '', 1, 1, NULL, NULL),
(751, 109, '生产线#', 'production_line', 'd-none', '', 5, 1, NULL, NULL),
(752, 109, '工序#', 'procedure', 'd-none', '', 2, 1, '', ''),
(753, 109, '生产线', 'production_line_label', '', '', 4, 1, NULL, NULL),
(754, 110, '名称', 'v', '', '', 1, 1, NULL, NULL),
(755, 110, '类型', 'finance_activity_type', '', '', 2, 1, NULL, NULL),
(756, 111, '编号', 'v', '', '', 1, 1, NULL, NULL),
(757, 111, '名称', 'name', '', '', 2, 1, NULL, NULL),
(758, 111, '标签', 'label', '', '', 3, 1, NULL, NULL),
(759, 111, '前置节点', 'previous', '', '', 4, 1, NULL, NULL),
(760, 111, '后置节点', 'next', '', '', 5, 1, NULL, NULL),
(761, 111, '执行文件', 'file', '', '', 6, 1, NULL, NULL),
(762, 1, '收货地址', 'delivery_address', 'd-none', '', 22, 1, NULL, NULL),
(763, 1, '收货人', 'delivery_linker', 'd-none', '', 23, 1, NULL, NULL),
(764, 1, '收货电话', 'delivery_phone', 'd-none', '', 24, 1, NULL, NULL),
(765, 1, '支付状态', 'pay_status_label', 'd-none', '', 12, 1, '', ''),
(766, 1, '任务等级#', 'task_level', 'd-none', '', 2, 1, NULL, NULL),
(767, 1, '客户#', 'dealer_id', 'd-none', '', 6, 1, NULL, NULL),
(768, 1, '店面#', 'shop_id', 'd-none', '', 5, 1, NULL, NULL),
(769, 1, '出厂方式', 'out_method', 'd-none', '', 26, 1, NULL, NULL),
(770, 1, '备注', 'remark', '', '', 27, 1, '', ''),
(771, 1, '客户备注', 'dealer_remark', '', '', 28, 1, '', ''),
(772, 1, '状态', 'status_label', '', '', 16, 1, '', ''),
(773, 112, '操作时间', 'create_datetime', '', '', 1, 1, NULL, NULL),
(774, 112, '操作者', 'creator', '', '', 2, 1, NULL, NULL),
(775, 112, '操作对象', 'target', '', '', 3, 1, NULL, NULL),
(776, 112, '操作记录', 'msg', '', '', 4, 1, NULL, NULL),
(777, 41, 'URL', 'url', '', '', 8, 1, NULL, NULL),
(778, 41, '参数', 'query', '', '', 9, 1, NULL, NULL),
(779, 113, '#', 'v', 'd-none', '', 1, 1, '', ''),
(780, 113, '订单产品编号', 'num', '', '', 3, 1, '/order/order_detail', 'order_id'),
(781, 113, '产品名称', 'product', '', '', 4, 1, '', ''),
(782, 113, '客户', 'dealer', '', '', 5, 1, '', ''),
(783, 113, '业主', 'owner', '', '', 6, 1, '', ''),
(784, 113, '产品备注', 'remark', '', '', 7, 1, '', ''),
(785, 113, '订单备注', 'order_remark', '', '', 8, 1, '', ''),
(786, 113, '创建人', 'creator', '', '', 9, 1, '', ''),
(787, 113, '拆单人', 'dismantle', '', '', 10, 1, '', ''),
(788, 113, '拆单日期', 'dismantle_datetime', '', '', 11, 1, '', ''),
(789, 113, '状态', 'status_label', '', '', 12, 1, '', ''),
(790, 113, '订单#', 'order_id', 'd-none', '', 2, 1, '', ''),
(791, 114, '#', 'v', 'd-none', '', 1, 1, '', ''),
(792, 114, '编号', 'num', '', '', 2, 1, '', ''),
(793, 114, '客户', 'dealer', '', '', 3, 1, '', ''),
(794, 114, '客户#', 'dealer_id', 'd-none', '', 5, 1, '', ''),
(795, 114, '业主', 'owner', '', '', 6, 1, '', ''),
(796, 114, '对单人', 'checker', '', '', 7, 1, '', ''),
(797, 114, '对单电话', 'checker_phone', '', '', 8, 1, '', ''),
(798, 114, '支付人', 'payer', '', '', 9, 1, '', ''),
(799, 114, '支付电话', 'payer_phone', '', '', 10, 1, '', ''),
(800, 114, '收货地区', 'delivery_area', '', '', 11, 1, '', ''),
(801, 114, '收货地址', 'delivery_address', '', '', 12, 1, '', ''),
(802, 114, '收货人', 'delivery_linker', '', '', 13, 1, '', ''),
(803, 114, '收货电话', 'delivery_phone', '', '', 14, 1, '', ''),
(805, 114, '店面#', 'shop_id', 'd-none', '', 4, 1, '', ''),
(807, 114, '创建人', 'creator', '', '', 15, 1, '', ''),
(808, 114, '创建日期', 'create_datetime', '', '', 16, 1, '', ''),
(809, 114, '确认生产', 'produce_datetime', '', '', 17, 1, '', ''),
(810, 114, '要求出厂', 'request_outdate', '', '', 18, 1, '', ''),
(811, 114, '实际出厂', 'end_datetime', '', '', 19, 1, '', ''),
(812, 114, '金额', 'sum', '', '', 20, 1, '', ''),
(813, 114, '支付状态', 'pay_status_label', '', '', 22, 1, '', ''),
(814, 114, '状态', 'status_label', '', '', 23, 1, '', ''),
(815, 114, '备注', 'remark', '', '', 24, 1, '', ''),
(816, 114, '客户备注', 'dealer_remark', '', '', 25, 1, '', ''),
(817, 114, '库位', 'warehouse_num', '', '', 26, 1, '', ''),
(818, 115, '#', 'v', 'd-none', '', 1, 1, '', ''),
(819, 115, '编号', 'num', '', '', 2, 1, '/order/order_product_board_plate/index/read', 'order_product_id'),
(820, 115, '产品名称', 'product', '', '', 3, 1, '', ''),
(821, 115, '板材', 'board', '', '', 4, 1, '', ''),
(822, 115, '块数', 'amount', '', '', 5, 1, '', ''),
(823, 115, '面积', 'area', '', '', 6, 1, '', ''),
(824, 115, '单价', 'unit_price', '', '', 8, 1, '', ''),
(825, 115, '金额', 'sum', '', '', 9, 1, '', ''),
(826, 115, '入库件数', 'pack', '', '', 10, 1, '', ''),
(827, 115, '状态', 'status_label', '', '', 11, 1, '', ''),
(862, 119, '#', 'v', 'd-none', '', 1, 1, '', ''),
(863, 119, '编号', 'num', '', '', 2, 1, '/order/order_product_fitting/index/read', 'order_product_id'),
(864, 119, '产品名称', 'name', '', '', 3, 1, '', ''),
(865, 119, '名称', 'fitting', '', '', 4, 1, '', ''),
(866, 119, '规格', 'speci', '', '', 5, 1, '', ''),
(867, 119, '单位', 'unit', '', '', 6, 1, '', ''),
(868, 119, '单价', 'unit_price', '', '', 7, 1, '', ''),
(869, 119, '数量', 'amount', '', '', 8, 1, '', ''),
(870, 119, '金额', 'sum', '', '', 9, 1, '', ''),
(871, 119, '入库件数', 'pack', '', '', 10, 1, '', ''),
(872, 119, '状态', 'status_label', '', '', 11, 1, '', ''),
(873, 120, '#', 'v', 'd-none', '', 1, 1, '', ''),
(874, 120, '编号', 'num', '', '', 2, 1, '/order/order_product_other/index/read', 'order_product_id'),
(875, 120, '产品名称', 'product', '', '', 3, 1, '', ''),
(876, 120, '名称', 'other', '', '', 4, 1, '', ''),
(877, 120, '规格', 'speci', '', '', 5, 1, '', ''),
(878, 120, '单位', 'unit', '', '', 6, 1, '', ''),
(879, 120, '单价', 'unit_price', '', '', 7, 1, '', ''),
(880, 120, '数量', 'amount', '', '', 8, 1, '', ''),
(881, 120, '金额', 'sum', '', '', 9, 1, '', ''),
(882, 120, '备注', 'remark', '', '', 10, 1, '', ''),
(883, 120, '产品备注', 'order_product_remark', '', '', 11, 1, '', ''),
(884, 120, '入库件数', 'pack', '', '', 12, 1, '', ''),
(885, 120, '状态', 'status_label', '', '', 13, 1, '', ''),
(886, 121, '#', 'v', 'd-none', '', 1, 1, '', ''),
(887, 121, '编号', 'num', '', '', 2, 1, '/order/order_product_server/index/read', 'order_product_id'),
(888, 121, '产品名称', 'product', '', '', 3, 1, '', ''),
(889, 121, '名称', 'server', '', '', 4, 1, '', ''),
(890, 121, '规格', 'speci', '', '', 5, 1, '', ''),
(891, 121, '单位', 'unit', '', '', 6, 1, '', ''),
(892, 121, '单价', 'unit_price', '', '', 7, 1, '', ''),
(893, 121, '数量', 'amount', '', '', 8, 1, '', ''),
(894, 121, '金额', 'sum', '', '', 9, 1, '', ''),
(895, 121, '备注', 'remark', '', '', 10, 1, '', ''),
(896, 121, '产品备注', 'order_product_remark', '', '', 11, 1, '', ''),
(897, 121, '状态', 'status_label', '', '', 12, 1, '', ''),
(898, 122, '#', 'v', 'd-none', '', 1, 1, '', ''),
(899, 122, '编号', 'num', '', '', 2, 1, '/order/order_product_board_plate/index/read', 'order_product_id'),
(900, 122, '产品名称', 'product', '', '', 3, 1, '', ''),
(901, 122, '板材', 'board', '', '', 4, 1, '', ''),
(902, 122, '面积', 'area', '', '', 6, 1, '', ''),
(903, 122, '单价', 'unit_price', '', '', 8, 1, '', ''),
(904, 122, '金额', 'sum', '', '', 9, 1, '', ''),
(905, 122, '入库件数', 'pack', '', '', 10, 1, '', ''),
(906, 122, '状态', 'status_label', '', '', 11, 1, '', ''),
(907, 122, '块数', 'amount', '', '', 5, 1, '', ''),
(908, 123, '#', 'v', 'd-none', '', 1, 1, '', ''),
(909, 123, '编号', 'num', '', '', 2, 1, '/order/order_product_board_door/index/read', 'order_product_id'),
(910, 123, '产品名称', 'product', '', '', 3, 1, '', ''),
(911, 123, '板材', 'board', '', '', 4, 1, '', ''),
(912, 123, '块数', 'amount', '', '', 5, 1, '', ''),
(913, 123, '面积', 'area', '', '', 6, 1, '', ''),
(914, 123, '单价', 'unit_price', '', '', 8, 1, '', ''),
(915, 123, '金额', 'sum', '', '', 9, 1, '', ''),
(916, 123, '入库件数', 'pack', '', '', 10, 1, '', ''),
(917, 123, '状态', 'status_label', '', '', 11, 1, '', ''),
(918, 124, '#', 'v', 'd-none', '', 1, 1, '', ''),
(919, 124, '编号', 'num', '', '', 2, 1, '/order/order_product_board_wood/index/read', 'order_product_id'),
(920, 124, '产品名称', 'product', '', '', 3, 1, '', ''),
(921, 124, '板材', 'board', '', '', 4, 1, '', ''),
(922, 124, '块数', 'amount', '', '', 5, 1, '', ''),
(923, 124, '面积', 'area', '', '', 6, 1, '', ''),
(924, 124, '单价', 'unit_price', '', '', 8, 1, '', ''),
(925, 124, '金额', 'sum', '', '', 9, 1, '', ''),
(926, 124, '入库件数', 'pack', '', '', 10, 1, '', ''),
(927, 124, '状态', 'status_label', '', '', 11, 1, '', ''),
(928, 125, '#', 'v', 'd-none', '', 1, 1, '', ''),
(929, 125, '等级', 'icon', '', '', 2, 1, '', ''),
(930, 125, '订单', 'num', '', '', 3, 1, '/order/order_detail', 'v'),
(931, 125, '客户', 'dealer', '', '', 4, 1, '', ''),
(932, 125, '业主', 'owner', '', '', 5, 1, '', ''),
(933, 125, '备注', 'remark', '', '', 6, 1, '', ''),
(934, 125, '要求出厂', 'request_outdate', '', '', 7, 1, '', ''),
(935, 125, '拆单日期', 'dismantle_datetime', '', '', 8, 1, '', ''),
(936, 125, '金额', 'sum', '', '', 9, 1, '', ''),
(937, 125, '橱', 'cabinet', '', '', 10, 1, '', ''),
(938, 125, '衣', 'wardrobe', '', '', 11, 1, '', ''),
(939, 125, '门', 'door', '', '', 12, 1, '', ''),
(940, 125, '木', 'wood', '', '', 13, 1, '', ''),
(941, 125, '配', 'fitting', '', '', 14, 1, '', ''),
(942, 125, '外', 'other', '', '', 15, 1, '', ''),
(943, 125, '服', 'server', '', '', 16, 1, '', ''),
(944, 126, '#', 'v', 'd-none', '', 1, 1, '', ''),
(945, 126, '编号', 'num', '', '', 2, 1, '/order/order_detail', 'v'),
(946, 126, '客户', 'dealer', '', '', 3, 1, '', ''),
(947, 126, '业主', 'owner', '', '', 4, 1, '', ''),
(948, 126, '备注', 'remark', '', '', 5, 1, '', ''),
(949, 126, '金额', 'sum', '', '', 6, 1, '', ''),
(950, 126, '橱', 'cabinet', '', '', 7, 1, '', ''),
(951, 126, '衣', 'wardrobe', '', '', 8, 1, '', ''),
(952, 126, '门', 'door', '', '', 9, 1, '', ''),
(953, 126, '配', 'fitting', '', '', 11, 1, '', ''),
(954, 126, '木', 'wood', '', '', 10, 1, '', ''),
(955, 126, '外', 'other', '', '', 12, 1, '', ''),
(956, 126, '服', 'server', '', '', 13, 1, '', ''),
(957, 127, '#', 'v', 'd-none', '', 1, 1, '', ''),
(958, 127, '编号', 'num', '', '', 3, 1, '/order/order_detail', 'v'),
(959, 127, '客户', 'dealer', '', '', 4, 1, '', ''),
(960, 127, '业主', 'owner', '', '', 5, 1, '', ''),
(961, 127, '备注', 'remark', '', '', 6, 1, '', ''),
(962, 127, '计价人', 'valuate', '', '', 8, 1, '', ''),
(963, 127, '计价日期', 'valuate_datetime', '', '', 9, 1, '', ''),
(964, 127, '金额', 'sum', '', '', 7, 1, '', ''),
(965, 127, '审核批注', 'check_remark', '', '', 10, 1, '', ''),
(966, 127, '等级', 'icon', '', '', 2, 1, '', ''),
(967, 115, '采购价', 'purchase', '', '', 7, 1, '', ''),
(968, 122, '采购价', 'purchase', '', '', 7, 1, '', ''),
(969, 123, '采购价', 'purchase', '', '', 7, 1, '', ''),
(970, 124, '采购价', 'purchase', '', '', 7, 1, '', ''),
(971, 128, '#', 'v', 'd-none', '', 1, 1, '', ''),
(972, 128, '等级', 'icon', '', '', 2, 1, '', ''),
(973, 128, '编号', 'num', '', '', 3, 1, '/order/order_detail', 'v'),
(974, 128, '客户', 'dealer', '', '', 4, 1, '', ''),
(975, 128, '业主', 'owner', '', '', 5, 1, '', ''),
(976, 128, '备注', 'remark', '', '', 6, 1, '', ''),
(977, 128, '要求出厂', 'request_outdate', '', '', 7, 1, '', ''),
(978, 128, '金额', 'sum', '', '', 8, 1, '', ''),
(979, 128, '支付状态', 'pay_status_label', '', '', 12, 1, '', ''),
(980, 128, '支付条款', 'payterms', '', '', 10, 1, '', ''),
(981, 128, '账户余额', 'balance', '', '', 9, 1, '', ''),
(982, 128, '财务审核日期', 'check_datetime', '', '', 13, 1, '', ''),
(983, 128, '首付', 'down_payment', '', '', 11, 1, '', ''),
(984, 109, '工序', 'procedure_label', '', '', 3, 1, '', ''),
(985, 109, '执行顺序', 'displayorder', '', '', 6, 1, '', ''),
(986, 107, 'Label', 'label', '', '', 2, 1, '', ''),
(987, 129, '#', 'v', 'd-none', '', 1, 1, '', ''),
(988, 129, '层级#', 'class', 'd-none', '', 2, 1, '', ''),
(989, 129, '层级', 'class_alien', '', '', 3, 1, '', ''),
(990, 129, '父级', 'parent', 'd-none', '', 4, 1, '', ''),
(991, 129, '名称', 'name', '', '', 5, 1, '', ''),
(992, 129, '标记', 'flag', '', '', 6, 1, '', ''),
(993, 129, '板块名称', 'plate', '', '', 7, 1, '', ''),
(994, 129, '宽最小', 'width_min', '', '', 8, 1, '', ''),
(995, 129, '宽最大', 'width_max', '', '', 9, 1, '', ''),
(996, 129, '长最小', 'length_min', '', '', 10, 1, '', ''),
(997, 129, '长最大', 'length_max', '', '', 11, 1, '', ''),
(998, 129, '厚度', 'thick', '', '', 12, 1, '', ''),
(999, 129, '封边', 'edge', '', '', 13, 1, '', ''),
(1000, 129, '开槽', 'slot', '', '', 14, 1, '', ''),
(1001, 129, '备注', 'remark', '', '', 17, 1, '', ''),
(1002, 129, '状态', 'status', '', '', 18, 1, '', ''),
(1003, 129, '生产线#', 'production_line', 'd-none', '', 19, 1, '', ''),
(1004, 108, '编号', 'num', '', '', 3, 1, '', ''),
(1005, 3, '首页', 'home', '', '', 16, 1, '', ''),
(1007, 130, '计数', 'num', '', '', 1, 1, '', ''),
(1008, 131, '统计项', 'name', '', '', 1, 1, '', ''),
(1010, 131, '统计值', 'value', '', '', 2, 1, '', ''),
(1011, 129, '尺判', 'decide_size', '', '', 15, 1, '', ''),
(1012, 129, '生产线', 'production_line_num', '', '', 20, 1, '', ''),
(1013, 132, '#', 'v', 'd-none', '', 1, 1, '', ''),
(1014, 132, '工序#', 'procedure', 'd-none', '', 2, 1, '', ''),
(1015, 132, '工序', 'procedure_label', '', '', 3, 1, '', ''),
(1016, 132, '工作流#', 'workflow_procedure', 'd-none', '', 4, 1, '', ''),
(1017, 132, '工作流', 'workflow_procedure_label', '', '', 5, 1, '', ''),
(1018, 132, '初始态', 'init', '', '', 6, 1, '', ''),
(1019, 96, '生产线#', 'production_line', 'd-none', '', 7, 1, '', ''),
(1020, 96, '生产线', 'production_line_num', '', '', 8, 1, '', ''),
(1021, 133, '#', 'v', 'd-none', '', 1, 1, '', '');
INSERT INTO `j_element` (`e_id`, `e_card_id`, `e_label`, `e_name`, `e_classes`, `e_dv`, `e_displayorder`, `e_checked`, `e_url`, `e_query`) VALUES
(1022, 133, '等级', 'icon', '', '', 2, 1, '', ''),
(1023, 133, '编号', 'num', '', '', 3, 1, '/order/order_detail', 'v'),
(1024, 133, '客户', 'dealer', '', '', 4, 1, '', ''),
(1025, 133, '业主', 'owner', '', '', 5, 1, '', ''),
(1026, 133, '备注', 'remark', '', '', 6, 1, '', ''),
(1027, 133, '要求出厂', 'request_outdate', '', '', 7, 1, '', ''),
(1028, 133, '确认时间', 'sure_datetime', '', '', 8, 1, '', ''),
(1029, 133, '确认人', 'sure', '', '', 9, 1, '', ''),
(1030, 134, '#', 'v', 'd-none', '', 1, 1, '', ''),
(1031, 134, '编号', 'num', '', '', 2, 1, '/order/order_detail', 'order_id'),
(1032, 134, '原值', 'source', '', '', 3, 1, '', ''),
(1033, 134, '目标', 'des', '', '', 4, 1, '', ''),
(1034, 134, '状态', 'status_label', '', '', 6, 1, '', ''),
(1035, 134, '备注', 'remark', '', '', 5, 1, '', ''),
(1036, 134, '申请人', 'creator', '', '', 8, 1, '', ''),
(1037, 134, '申请日期', 'create_datetime', '', '', 9, 1, '', ''),
(1038, 134, '批注人', 'replyer', '', '', 10, 1, '', ''),
(1039, 134, '批注日期', 'reply_datetime', '', '', 11, 1, '', ''),
(1040, 134, '状态#', 'status', 'd-none', '', 7, 1, '', ''),
(1041, 1, '已支付', 'payed', '', '', 10, 1, '', ''),
(1042, 114, '已支付', 'payed', '', '', 21, 1, '', ''),
(1043, 135, '#', 'v', 'd-none', '', 1, 1, '', ''),
(1044, 135, '编码', 'qrcode', '', '', 2, 1, '', ''),
(1045, 135, '柜体位置', 'cubicle_name', '', '', 3, 1, '', ''),
(1046, 135, '板块名称', 'plate_name', '', '', 4, 1, '', ''),
(1047, 135, '长', 'length', '', '', 5, 1, '', ''),
(1048, 135, '宽', 'width', '', '', 6, 1, '', ''),
(1049, 135, '厚', 'thick', '', '', 7, 1, '', ''),
(1050, 135, '开槽', 'slot', '', '', 8, 1, '', ''),
(1051, 135, '打孔', 'punch', '', '', 9, 1, '', ''),
(1052, 135, '封边', 'edge', '', '', 10, 1, '', ''),
(1053, 135, '尺寸判定', 'decide_size', '', '', 11, 1, '', ''),
(1054, 135, '备注', 'remark', '', '', 12, 1, '', ''),
(1055, 135, '异形', 'abnormity', '', '', 13, 1, '', ''),
(1056, 136, '#', 'v', 'd-none', '', 1, 1, '', ''),
(1057, 136, '名称', 'name', '', '', 2, 1, '', ''),
(1058, 136, '订单产品编号', 'num', '', '', 3, 1, '', ''),
(1059, 136, '产品名称', 'product', '', '', 4, 1, '', ''),
(1060, 138, '客户', 'dealer', '', '', 1, 1, '', ''),
(1061, 138, '编号', 'num', '', '', 2, 1, '', ''),
(1062, 138, '业主', 'owner', '', '', 3, 1, '', ''),
(1063, 138, '产品', 'product', '', '', 4, 1, '', ''),
(1064, 138, '要求出厂', 'request_outdate', '', '', 5, 1, '', ''),
(1065, 138, '其它编号', 'order_product', '', '', 6, 1, '', ''),
(1066, 138, '确认生产', 'sure_datetime', '', '', 7, 1, '', ''),
(1067, 139, '板块名称', 'plate_name', '', '', 1, 1, '', ''),
(1068, 139, '长', 'length', '', '', 2, 1, '', ''),
(1069, 139, '宽', 'width', '', '', 3, 1, '', ''),
(1070, 139, '厚', 'thick', '', '', 4, 1, '', ''),
(1071, 139, '数量', 'amount', '', '', 5, 1, '', ''),
(1072, 139, '板材', 'board', '', '', 6, 1, '', ''),
(1073, 139, '封边', 'edge', '', '', 7, 1, '', ''),
(1074, 139, '备注', 'remark', '', '', 8, 1, '', ''),
(1075, 139, '异形', 'abnormity', '', '', 9, 1, '', ''),
(1076, 139, '厚板块数', 'thick_amount', '', '', 10, 1, '', ''),
(1077, 139, '厚板面积', 'thick_area', '', '', 11, 1, '', ''),
(1078, 139, '薄板块数', 'thin_amount', '', '', 12, 1, '', ''),
(1079, 139, '薄板面积', 'thin_area', '', '', 13, 1, '', ''),
(1080, 139, '总计块数', 'total_amount', '', '', 14, 1, '', ''),
(1081, 139, '总计面积', 'total_area', '', '', 15, 1, '', ''),
(1082, 139, '4H块数', '4h_amount', '', '', 16, 1, '', ''),
(1083, 139, '4H面积', '4h_area', '', '', 17, 1, '', ''),
(1084, 140, '板材', 'board', '', '', 1, 1, '', ''),
(1085, 140, '长', 'length', '', '', 2, 1, '', ''),
(1086, 140, '宽', 'width', '', '', 3, 1, '', ''),
(1087, 140, '面积', 'area', '', '', 4, 1, '', ''),
(1088, 140, '打孔', 'punch', '', '', 5, 1, '', ''),
(1089, 140, '封边拉手', 'handle', '', '', 6, 1, '', ''),
(1090, 140, '开孔', 'open_hole', '', '', 7, 1, '', ''),
(1091, 140, '隐形拉手', 'invisibility', '', '', 8, 1, '', ''),
(1092, 140, '备注', 'remark', '', '', 9, 1, '', ''),
(1093, 141, '客户', 'dealer', '', '', 2, 1, '', ''),
(1094, 141, '业主', 'owner', '', '', 1, 1, '', ''),
(1095, 141, '编号', 'num', '', '', 3, 1, '', ''),
(1096, 141, '确认日期', 'sure_datetime', '', '', 4, 1, '', ''),
(1097, 141, '要求出厂', 'request_outdate', '', '', 5, 1, '', ''),
(1098, 141, '备注', 'remark', '', '', 6, 1, '', ''),
(1099, 138, '备注', 'remark', '', '', 8, 1, '', ''),
(1100, 138, '订单备注', 'order_remark', '', '', 9, 1, '', ''),
(1101, 141, '订单备注', 'order_remark', '', '', 8, 1, '', ''),
(1102, 142, '板材', 'board', '', '', 1, 1, '', ''),
(1103, 142, '长', 'length', '', '', 2, 1, '', ''),
(1104, 142, '宽', 'width', '', '', 3, 1, '', ''),
(1105, 142, '数量', 'amount', '', '', 4, 1, '', ''),
(1106, 142, '铰链孔方向', 'punch', '', '', 5, 1, '', ''),
(1107, 142, '封边拉手', 'handle', '', '', 14, 1, '', ''),
(1108, 142, '开孔', 'open_hole', '', '', 6, 1, '', ''),
(1109, 142, '隐形拉手', 'invisibility', '', '', 7, 1, '', ''),
(1110, 142, '备注', 'remark', '', '', 8, 1, '', ''),
(1111, 142, '总计块数', 'total_amount', '', '', 9, 1, '', ''),
(1112, 142, '总计面积', 'total_area', '', '', 10, 1, '', ''),
(1113, 142, '总计开孔', 'total_open_hole', '', '', 13, 1, '', ''),
(1114, 142, '总计隐形拉手', 'total_invisibility', '', '', 11, 1, '', ''),
(1115, 142, '封边', 'edge', '', '', 12, 1, '', ''),
(1116, 143, '名称', 'wood_name', '', '', 2, 1, '', ''),
(1117, 143, '门芯', 'core', '', '', 3, 1, '', ''),
(1118, 143, '板材', 'board', '', '', 4, 1, '', ''),
(1119, 143, '长', 'length', '', '', 5, 1, '', ''),
(1120, 143, '宽', 'width', '', '', 6, 1, '', ''),
(1121, 143, '面积', 'area', '', '', 7, 1, '', ''),
(1122, 143, '打孔', 'punch', '', '', 9, 1, '', ''),
(1123, 143, '备注', 'remark', '', '', 10, 1, '', ''),
(1124, 143, '#', 'v', 'd-none', '', 1, 1, '', ''),
(1125, 144, '编号', 'num', '', '', 1, 1, '', ''),
(1126, 144, '产品', 'product', '', '', 2, 1, '', ''),
(1127, 144, '备注', 'remark', '', '', 3, 1, '', ''),
(1128, 144, '客户', 'dealer', '', '', 4, 1, '', ''),
(1129, 144, '业主', 'owner', '', '', 5, 1, '', ''),
(1130, 144, '订单备注', 'order_remark', '', '', 6, 1, '', ''),
(1131, 144, '确认日期', 'sure_datetime', '', '', 7, 1, '', ''),
(1132, 144, '要求出厂', 'request_outdate', '', '', 8, 1, '', ''),
(1133, 143, '中横', 'center', '', '', 8, 1, '', ''),
(1134, 146, '#', 'v', 'd-none', '', 1, 1, '', ''),
(1135, 146, '商品', 'fitting', '', '', 2, 1, '', ''),
(1136, 146, '规格', 'speci', '', '', 3, 1, '', ''),
(1137, 146, '单位', 'unit', '', '', 4, 1, '', ''),
(1138, 146, '单价', 'unit_price', '', '', 5, 1, '', ''),
(1139, 146, '数量', 'amount', '', '', 6, 1, '', ''),
(1140, 146, '备注', 'remark', '', '', 7, 1, '', ''),
(1141, 147, '编号', 'num', '', '', 1, 1, '', ''),
(1142, 147, '产品', 'product', '', '', 2, 1, '', ''),
(1143, 147, '备注', 'remark', '', '', 3, 1, '', ''),
(1144, 147, '客户', 'dealer', '', '', 4, 1, '', ''),
(1145, 147, '业主', 'owner', '', '', 5, 1, '', ''),
(1146, 147, '订单备注', 'order_remark', '', '', 6, 1, '', ''),
(1147, 147, '确认日期', 'sure_datetime', '', '', 7, 1, '', ''),
(1148, 147, '要求出厂', 'request_outdate', '', '', 8, 1, '', ''),
(1149, 149, '#', 'v', 'd-none', '', 1, 1, '', ''),
(1150, 149, '产品', 'other', '', '', 2, 1, '', ''),
(1151, 149, '规格', 'speci', '', '', 3, 1, '', ''),
(1152, 149, '单位', 'unit', '', '', 4, 1, '', ''),
(1153, 149, '数量', 'amount', '', '', 5, 1, '', ''),
(1154, 149, '备注', 'remark', '', '', 6, 1, '', ''),
(1155, 150, '编号', 'num', '', '', 1, 1, '', ''),
(1156, 150, '产品', 'product', '', '', 2, 1, '', ''),
(1157, 150, '备注', 'remark', '', '', 3, 1, '', ''),
(1158, 150, '客户', 'dealer', '', '', 4, 1, '', ''),
(1159, 150, '业主', 'owner', '', '', 5, 1, '', ''),
(1160, 150, '订单备注', 'order_remark', '', '', 6, 1, '', ''),
(1161, 150, '确认日期', 'sure_datetime', '', '', 7, 1, '', ''),
(1162, 150, '要求出厂', 'request_outdate', '', '', 8, 1, '', ''),
(1163, 152, '#', 'v', 'd-none', '', 1, 1, '', ''),
(1164, 152, '名称', 'server', '', '', 2, 1, '', ''),
(1165, 152, '规格', 'speci', '', '', 3, 1, '', ''),
(1166, 152, '单位', 'unit', '', '', 4, 1, '', ''),
(1167, 152, '数量', 'amount', '', '', 5, 1, '', ''),
(1168, 152, '备注', 'remark', '', '', 6, 1, '', ''),
(1169, 153, '#', 'v', 'd-none', '', 1, 1, '', ''),
(1170, 153, '板材', 'board', '', '', 2, 1, '', ''),
(1171, 153, '编号', 'num', '', '', 3, 1, '/order/order_detail', 'order_id'),
(1172, 153, '板块分类', 'classify_name', '', '', 4, 1, '', ''),
(1173, 153, '面积', 'area', '', '', 5, 1, '', ''),
(1174, 153, '块数', 'amount', '', '', 6, 1, '', ''),
(1175, 153, '备注', 'remark', '', '', 7, 1, '', ''),
(1176, 153, '确认日期', 'sure_datetime', '', '', 8, 1, '', ''),
(1177, 153, '要求出厂', 'request_outdate', '', '', 9, 1, '', ''),
(1178, 153, '客户', 'dealer', '', '', 10, 1, '', ''),
(1179, 153, '业主', 'owner', '', '', 11, 1, '', ''),
(1180, 153, '订单备注', 'order_remark', '', '', 12, 1, '', ''),
(1181, 153, '拆单人', 'dismantle', '', '', 13, 1, '', ''),
(1182, 153, '优化人', 'optimize', '', '', 14, 1, '', ''),
(1183, 153, '优化日期', 'optimize_datetime', '', '', 15, 1, '', ''),
(1184, 154, '#', 'v', 'd-none', '', 1, 1, '', ''),
(1185, 154, '编号', 'num', '', '', 2, 1, '/order/order_detail', 'order_id'),
(1186, 154, '名称', 'product', '', '', 3, 1, '', ''),
(1187, 154, '备注', 'remark', '', '', 4, 1, '', ''),
(1188, 154, '客户', 'dealer', '', '', 6, 1, '', ''),
(1189, 154, '业主', 'owner', '', '', 7, 1, '', ''),
(1190, 154, '订单备注', 'order_remark', '', '', 5, 1, '', ''),
(1191, 154, '拆单人', 'dismantle', '', '', 8, 1, '', ''),
(1192, 154, '要求出厂', 'request_outdate', '', '', 9, 1, '', ''),
(1193, 154, '确认时间', 'sure_datetime', '', '', 10, 1, '', ''),
(1194, 154, '打印时间', 'print_datetime', '', '', 11, 1, '', ''),
(1195, 155, '#', 'v', 'd-none', '', 1, 1, '', ''),
(1196, 155, '编号', 'num', '', '', 2, 1, '/order/order_detail', 'v'),
(1197, 155, '客户', 'dealer', '', '', 3, 1, '', ''),
(1198, 155, '业主', 'owner', '', '', 4, 1, '', ''),
(1199, 155, '要求出厂', 'request_outdate', '', '', 5, 1, '', ''),
(1200, 155, '备注', 'remark', '', '', 6, 1, '', ''),
(1205, 129, '异形', 'abnormity', '', '', 16, 1, '', ''),
(1206, 154, '类型#', 'type', 'd-none', '', 12, 1, '', ''),
(1207, 157, '#', 'v', 'd-none', '', 1, 1, '', ''),
(1208, 157, '编号', 'num', '', '', 2, 1, '/order/order_detail', 'order_id'),
(1209, 157, '客户', 'dealer', '', '', 5, 1, '', ''),
(1210, 157, '业主', 'owner', '', '', 6, 1, '', ''),
(1211, 157, '备注', 'remark', '', '', 4, 1, '', ''),
(1212, 157, '订单备注', 'order_remark', '', '', 7, 1, '', ''),
(1213, 157, '要求出厂', 'request_outdate', '', '', 8, 1, '', ''),
(1214, 157, '产品', 'product', '', '', 3, 1, '', ''),
(1215, 157, '订单#', 'order_id', '', '', 9, 1, '', ''),
(1216, 55, '类型#', 'type', 'd-none', '', 8, 1, '', ''),
(1217, 57, '类型#', 'type', 'd-none', '', 9, 1, '', ''),
(1218, 58, '类型#', 'type', 'd-none', '', 9, 1, '', ''),
(1223, 159, '#', 'v', 'd-none', '', 1, 1, '', ''),
(1224, 159, '编号', 'qrcode', '', '', 2, 1, '', ''),
(1225, 159, '板材', 'board', '', '', 3, 1, '', ''),
(1226, 159, '柜体位置', 'cubicle_name', '', '', 4, 1, '', ''),
(1227, 159, '名称', 'plate_name', '', '', 5, 1, '', ''),
(1228, 159, '宽度', 'width', '', '', 6, 1, '', ''),
(1229, 159, '长度', 'length', '', '', 7, 1, '', ''),
(1230, 159, '厚度', 'thick', '', '', 8, 1, '', ''),
(1231, 159, '封边', 'edge', '', '', 9, 1, '', ''),
(1232, 159, '打孔', 'punch', '', '', 10, 1, '', ''),
(1233, 159, '开槽', 'slot', '', '', 11, 1, '', ''),
(1234, 159, '备注', 'remark', '', '', 12, 1, '', ''),
(1235, 159, '扫描人', 'scanner', '', '', 13, 1, '', ''),
(1236, 159, '扫描日期', 'scan_datetime', '', '', 14, 1, '', ''),
(1237, 159, '订单产品编号', 'num', 'd-none', '', 15, 1, '', ''),
(1238, 159, '客户', 'dealer', 'd-none', '', 16, 1, '', ''),
(1239, 159, '业主', 'owner', 'd-none', '', 17, 1, '', ''),
(1240, 159, '要求出厂', 'request_outdate', 'd-none', '', 18, 1, '', ''),
(1241, 135, '状态', 'status', '', '', 14, 1, '', ''),
(1242, 57, '名称', 'product', '', '', 3, 1, '', ''),
(1243, 160, '#', 'v', 'd-none', '', 1, 1, '', ''),
(1244, 160, '编号', 'num', '', '', 2, 1, '/order/order_detail', 'order_id'),
(1245, 160, '订单id#', 'order_id', '', '', 3, 1, '', ''),
(1246, 160, '名称', 'product', '', '', 4, 1, '', ''),
(1247, 160, '包装', 'pack_detail', '', '', 5, 1, '', ''),
(1250, 160, '客户', 'dealer', '', '', 6, 1, '', ''),
(1251, 160, '业主', 'owner', '', '', 7, 1, '', ''),
(1252, 160, '备注', 'remark', '', '', 8, 1, '', ''),
(1253, 160, '订单备注', 'order_remark', '', '', 9, 1, '', ''),
(1254, 160, '要求出厂', 'request_outdate', '', '', 10, 1, '', ''),
(1255, 161, '#', 'v', 'd-none', '', 1, 1, '', ''),
(1256, 161, '日期', 'create_datetime', '', '', 2, 1, '', ''),
(1257, 161, '打包人', 'creator', '', '', 3, 1, '', ''),
(1258, 161, '打包记录', 'msg', '', '', 4, 1, '', ''),
(1259, 58, '名称', 'product', '', '', 3, 1, '', '');

-- --------------------------------------------------------

--
-- 表的结构 `j_face`
--

CREATE TABLE `j_face` (
  `f_id` smallint(4) UNSIGNED NOT NULL COMMENT 'v',
  `f_slot` varchar(64) DEFAULT NULL COMMENT '开槽',
  `f_punch` varchar(64) DEFAULT NULL COMMENT '打孔',
  `f_flag` varchar(128) NOT NULL COMMENT '标志'
) ENGINE=InnoDB DEFAULT CHARSET=utf8 COMMENT='单双面';

--
-- 转存表中的数据 `j_face`
--

INSERT INTO `j_face` (`f_id`, `f_slot`, `f_punch`, `f_flag`) VALUES
(1, 'KAKB开槽后进19', 'A', '★'),
(2, 'KAKB开槽后进19', 'B', '◁'),
(3, '__', 'A', '♣︎');

-- --------------------------------------------------------

--
-- 表的结构 `j_facefb`
--

CREATE TABLE `j_facefb` (
  `f_name` varchar(64) NOT NULL COMMENT 'v'
) ENGINE=InnoDB DEFAULT CHARSET=utf8 COMMENT='正面封边';

--
-- 转存表中的数据 `j_facefb`
--

INSERT INTO `j_facefb` (`f_name`) VALUES
('0.8同色封边'),
('单孔防撞条'),
('正面刷银封边');

-- --------------------------------------------------------

--
-- 表的结构 `j_finance_account`
--

CREATE TABLE `j_finance_account` (
  `fa_id` smallint(4) UNSIGNED NOT NULL COMMENT 'v',
  `fa_name` varchar(64) NOT NULL COMMENT '名称',
  `fa_host` varchar(64) DEFAULT NULL COMMENT '户主',
  `fa_account` varchar(64) DEFAULT NULL COMMENT '账号',
  `fa_intime` tinyint(1) UNSIGNED NOT NULL DEFAULT '1' COMMENT '及时进账',
  `fa_balance` float NOT NULL DEFAULT '0' COMMENT '账户余额',
  `fa_in` float NOT NULL DEFAULT '0' COMMENT '收入金额',
  `fa_in_fee` float NOT NULL DEFAULT '0' COMMENT '收入手续费',
  `fa_out` float NOT NULL DEFAULT '0' COMMENT '支出金额',
  `fa_out_fee` float NOT NULL DEFAULT '0' COMMENT '支出手续费',
  `fa_fee` float UNSIGNED NOT NULL DEFAULT '0' COMMENT '费率',
  `fa_fee_max` float UNSIGNED NOT NULL DEFAULT '0' COMMENT '最高手续费'
) ENGINE=InnoDB DEFAULT CHARSET=utf8 COMMENT='财务账户';

--
-- 转存表中的数据 `j_finance_account`
--

INSERT INTO `j_finance_account` (`fa_id`, `fa_name`, `fa_host`, `fa_account`, `fa_intime`, `fa_balance`, `fa_in`, `fa_in_fee`, `fa_out`, `fa_out_fee`, `fa_fee`, `fa_fee_max`) VALUES
(1, '农行9716', '伊慧', '', 1, 41861.2, 445063, -26, 403173, 28.5, 0, 0),
(2, '建行8392', '伊慧', '', 1, 141143, 956160, 0, 815005, 12.5, 0, 0),
(3, '大道建行', '伊慧', '', 0, 44698.8, 210691, 480, 165983, 9.5, 0, 0),
(4, '金昌商行', '伊慧', '', 0, 3244.63, 21044.6, 61, 17800, 0, 0, 0),
(5, '其他代收', '', '', 0, 0, 0, 0, 0, 0, 0, 0),
(6, '伊慧工行', '伊慧', '', 1, 1589.09, 226589, 0, 225000, 0, 0, 0),
(7, '农行POS', '', '', 0, 2000, 48213, 236.82, 46213, 0, 0.0078, 26),
(8, '现金', '', '', 1, 0, 177625, 0, 177625, 0, 0, 0);

-- --------------------------------------------------------

--
-- 表的结构 `j_finance_activity_type`
--

CREATE TABLE `j_finance_activity_type` (
  `fat_name` varchar(16) NOT NULL COMMENT 'v'
) ENGINE=InnoDB DEFAULT CHARSET=utf8 COMMENT='账户活动类型';

--
-- 转存表中的数据 `j_finance_activity_type`
--

INSERT INTO `j_finance_activity_type` (`fat_name`) VALUES
('支出'),
('收入');

-- --------------------------------------------------------

--
-- 表的结构 `j_finance_income`
--

CREATE TABLE `j_finance_income` (
  `fr_id` int(10) UNSIGNED NOT NULL COMMENT 'v',
  `fr_finance_account_id` smallint(4) UNSIGNED NOT NULL COMMENT '账号',
  `fr_income_pay` varchar(64) DEFAULT NULL COMMENT '收入类型',
  `fr_cargo_no` varchar(128) DEFAULT NULL COMMENT '货号',
  `fr_amount` float UNSIGNED NOT NULL DEFAULT '0' COMMENT '金额',
  `fr_fee` float UNSIGNED NOT NULL DEFAULT '0' COMMENT '手续费',
  `fr_dealer_id` int(10) UNSIGNED NOT NULL DEFAULT '0' COMMENT '经销商',
  `fr_dealer` varchar(512) DEFAULT NULL COMMENT '经销商',
  `fr_corresponding` float UNSIGNED NOT NULL DEFAULT '0' COMMENT '货款金额',
  `fr_bank_date` date DEFAULT NULL COMMENT '到账日期',
  `fr_creator` int(10) UNSIGNED NOT NULL COMMENT '创建人',
  `fr_create_datetime` datetime DEFAULT NULL COMMENT '创建时间',
  `fr_remark` varchar(128) DEFAULT NULL COMMENT '备注',
  `fr_status` tinyint(1) UNSIGNED NOT NULL DEFAULT '1' COMMENT '状态'
) ENGINE=InnoDB DEFAULT CHARSET=utf8 COMMENT='财务收入';

--
-- 转存表中的数据 `j_finance_income`
--

INSERT INTO `j_finance_income` (`fr_id`, `fr_finance_account_id`, `fr_income_pay`, `fr_cargo_no`, `fr_amount`, `fr_fee`, `fr_dealer_id`, `fr_dealer`, `fr_corresponding`, `fr_bank_date`, `fr_creator`, `fr_create_datetime`, `fr_remark`, `fr_status`) VALUES
(1, 7, '货款收入', '', 2000, 15.6, 1, '武汉市江岸区吉庆街_德润家居_张闯创_15171454523', 2000, '2016-05-20', 1, '2016-05-20 09:52:32', '[截止本次付款，账户余额为 2880 元]', 2),
(2, 3, '银行结息', '', 15, 0, 0, '', 0, '2016-06-22', 1, '2016-06-22 19:34:13', '', 0);

-- --------------------------------------------------------

--
-- 表的结构 `j_finance_income_status`
--

CREATE TABLE `j_finance_income_status` (
  `fis_name` tinyint(1) UNSIGNED NOT NULL DEFAULT '1' COMMENT 'v',
  `fis_label` varchar(16) NOT NULL COMMENT 'Label'
) ENGINE=InnoDB DEFAULT CHARSET=utf8 COMMENT='财务收入状态';

--
-- 转存表中的数据 `j_finance_income_status`
--

INSERT INTO `j_finance_income_status` (`fis_name`, `fis_label`) VALUES
(0, '作废'),
(1, '未到账'),
(2, '已到账');

-- --------------------------------------------------------

--
-- 表的结构 `j_finance_pay`
--

CREATE TABLE `j_finance_pay` (
  `fp_id` int(10) UNSIGNED NOT NULL COMMENT 'v',
  `fp_finance_account_id` smallint(4) UNSIGNED NOT NULL COMMENT '支出账号',
  `fp_in_finance_account_id` smallint(4) UNSIGNED NOT NULL DEFAULT '0' COMMENT '转入账号',
  `fp_type` varchar(128) NOT NULL COMMENT '支出类型',
  `fp_amount` float UNSIGNED NOT NULL COMMENT '支出金额',
  `fp_fee` float UNSIGNED NOT NULL DEFAULT '0' COMMENT '支出手续费',
  `fp_supplier_id` smallint(4) UNSIGNED NOT NULL DEFAULT '0' COMMENT '供应商',
  `fp_supplier` varchar(64) DEFAULT NULL COMMENT '供应商',
  `fp_bank_date` date NOT NULL COMMENT '支出日期',
  `fp_creator` int(10) UNSIGNED NOT NULL COMMENT '创建人',
  `fp_create_datetime` datetime NOT NULL COMMENT '创建时间',
  `fp_remark` varchar(128) NOT NULL COMMENT '备注',
  `fp_status` tinyint(2) UNSIGNED NOT NULL DEFAULT '1' COMMENT '状态'
) ENGINE=InnoDB DEFAULT CHARSET=utf8 COMMENT='财务支出';

-- --------------------------------------------------------

--
-- 表的结构 `j_fitting`
--

CREATE TABLE `j_fitting` (
  `f_id` smallint(4) UNSIGNED NOT NULL COMMENT 'v',
  `f_type_id` smallint(4) UNSIGNED NOT NULL COMMENT '类别',
  `f_name` varchar(32) NOT NULL COMMENT '名称',
  `f_unit` char(8) DEFAULT NULL COMMENT '单位',
  `f_unit_price` float UNSIGNED NOT NULL DEFAULT '0' COMMENT '单价',
  `f_speci` varchar(64) DEFAULT NULL COMMENT '规格',
  `f_together` tinyint(1) UNSIGNED NOT NULL DEFAULT '1' COMMENT '合并',
  `f_amount` float UNSIGNED NOT NULL DEFAULT '0' COMMENT '库存',
  `f_supplier_id` smallint(4) UNSIGNED NOT NULL COMMENT '供应商',
  `f_remark` varchar(128) DEFAULT NULL COMMENT '备注',
  `f_creator` int(10) UNSIGNED NOT NULL DEFAULT '0' COMMENT '创建人',
  `f_create_datetime` datetime NOT NULL COMMENT '创建时间'
) ENGINE=InnoDB DEFAULT CHARSET=utf8 COMMENT='配件库';

--
-- 转存表中的数据 `j_fitting`
--

INSERT INTO `j_fitting` (`f_id`, `f_type_id`, `f_name`, `f_unit`, `f_unit_price`, `f_speci`, `f_together`, `f_amount`, `f_supplier_id`, `f_remark`, `f_creator`, `f_create_datetime`) VALUES
(1, 8, '16白色层板卡子', '个', 0.3, NULL, 1, 30, 4, NULL, 1, '2016-01-12 17:39:13'),
(2, 8, '16灰色层板卡子', '个', 0.3, NULL, 1, 15, 4, NULL, 1, '2016-01-12 17:51:56'),
(3, 8, '18鱼嘴夹', '个', 25, NULL, 1, 15, 4, NULL, 1, '2016-01-21 13:28:52'),
(4, 11, '16平扣三合一', '套', 0.3, NULL, 1, 0, 4, NULL, 14, '2016-02-17 14:31:25'),
(6, 11, '18平扣三合一', '套', 0.3, NULL, 1, 0, 4, NULL, 14, '2016-02-17 14:32:14'),
(8, 11, '四合一', '套', 0.5, NULL, 1, 0, 4, NULL, 14, '2016-02-17 14:32:49'),
(9, 23, '450西门子三节滑道', '付', 10.8, NULL, 1, 0, 4, NULL, 14, '2016-02-17 14:34:24'),
(10, 8, '液压合页直臂', '个', 0, NULL, 1, 0, 4, NULL, 14, '2016-02-17 14:34:44'),
(11, 8, '25的鱼嘴夹', '对', 35, NULL, 1, 0, 4, NULL, 14, '2016-02-17 14:36:05'),
(12, 8, '70螺钉+膨账管', '个', 0.1, NULL, 1, 0, 4, NULL, 14, '2016-02-17 14:36:27'),
(13, 8, '80螺钉+膨胀管', '个', 0.1, NULL, 1, 0, 4, NULL, 14, '2016-02-17 14:36:45'),
(14, 8, '白色调整脚', '个', 0.7, NULL, 1, 0, 4, NULL, 14, '2016-02-17 14:37:12'),
(15, 8, '白色胶孔塞', '包', 20, NULL, 1, 0, 4, NULL, 14, '2016-02-17 14:37:29'),
(16, 8, '玻璃层板钉', '个', 0.2, NULL, 1, 0, 4, NULL, 14, '2016-02-17 14:38:04'),
(17, 8, '不锈钢脚150高', '个', 8, NULL, 1, 0, 4, NULL, 14, '2016-02-17 14:38:20'),
(18, 8, '不锈钢金属脚100高', '个', 12, NULL, 1, 0, 8, NULL, 14, '2016-02-17 14:38:38'),
(19, 8, '层板钉', '颗', 0.1, NULL, 1, 0, 4, NULL, 14, '2016-02-17 14:39:02'),
(20, 8, '层板塞', '个', 0.1, NULL, 1, 0, 4, NULL, 14, '2016-02-17 14:39:28'),
(21, 8, '抽屉锁', '个', 12, NULL, 1, 0, 4, NULL, 14, '2016-02-17 14:39:43'),
(22, 8, '穿心镙丝', '包', 130, NULL, 1, 0, 4, NULL, 14, '2016-02-17 14:40:02'),
(23, 8, '大7字铁', '个', 1.5, NULL, 1, 0, 4, NULL, 14, '2016-02-17 14:40:25'),
(24, 8, '吊码螺钉', '颗', 0.1, NULL, 1, 0, 4, NULL, 14, '2016-02-17 14:40:49'),
(25, 8, '方型铝合金脚80高', '个', 8, NULL, 1, 0, 4, NULL, 14, '2016-02-17 14:41:07'),
(26, 8, '防尘角', '个', 0.2, NULL, 1, 0, 4, NULL, 14, '2016-02-17 14:41:23'),
(27, 8, '防撞胶贴', '包', 15, NULL, 1, 0, 4, NULL, 14, '2016-02-17 14:41:40'),
(28, 8, '黑色调整脚', '个', 0.7, NULL, 1, 0, 4, NULL, 14, '2016-02-17 14:41:56'),
(29, 8, '脚钉', '个', 0.3, NULL, 1, 0, 4, NULL, 14, '2016-02-17 14:42:12'),
(30, 8, '螺钉', '斤', 8, NULL, 1, 0, 4, NULL, 14, '2016-02-17 14:42:45'),
(31, 8, '螺钉15mm', '斤', 8, NULL, 1, 0, 4, NULL, 14, '2016-02-17 14:43:05'),
(32, 8, '螺钉30mm', '斤', 8, NULL, 1, 0, 4, NULL, 14, '2016-02-17 14:43:22'),
(33, 8, '螺钉40mm', '斤', 8, NULL, 1, 0, 4, NULL, 14, '2016-02-17 14:43:43'),
(34, 8, '任意停', '个', 25, NULL, 1, 0, 4, NULL, 14, '2016-02-17 14:44:06'),
(35, 8, '双龙吊码吊片', '套', 1.8, NULL, 1, 0, 4, NULL, 14, '2016-02-17 14:44:26'),
(36, 8, '水晶隔板钉', '包', 50, NULL, 1, 0, 4, NULL, 14, '2016-02-17 14:44:43'),
(37, 8, '小7字铁', '个', 0.1, NULL, 1, 0, 4, NULL, 14, '2016-02-17 14:45:03'),
(38, 8, '中性玻璃胶', '瓶', 15, NULL, 1, 0, 4, NULL, 14, '2016-02-17 14:45:23'),
(39, 23, '液压合页直臂', '个', 3, NULL, 1, 0, 4, NULL, 14, '2016-02-17 14:59:02'),
(40, 9, '350键盘抽', '付', 30, NULL, 1, 0, 4, NULL, 1, '2016-02-17 20:00:16'),
(41, 9, '400三节阻尼隐藏抽', '付', 60, NULL, 1, 0, 4, NULL, 1, '2016-02-17 20:00:46'),
(42, 9, '450二节阻尼隐藏抽', '付', 32, NULL, 1, 0, 4, NULL, 1, '2016-02-17 20:01:07'),
(43, 9, '450三节阻尼隐藏抽', '付', 60, NULL, 1, 0, 4, NULL, 1, '2016-02-17 20:01:33'),
(44, 9, 'top普通铰链', '对', 4.5, NULL, 1, 0, 4, NULL, 1, '2016-02-17 20:02:08'),
(45, 9, '百隆快装铰链', '个', 8.5, NULL, 1, 0, 4, NULL, 1, '2016-02-17 20:02:31'),
(46, 9, '百隆骑马抽450深116高', '付', 275, NULL, 1, 0, 4, NULL, 1, '2016-02-17 20:02:59'),
(47, 9, '百隆骑马抽450深150高', '付', 285, NULL, 1, 0, 4, NULL, 1, '2016-02-17 20:03:20'),
(48, 9, '百隆骑马抽450深86高', '付', 255, NULL, 1, 0, 4, NULL, 1, '2016-02-17 20:03:50'),
(49, 9, '百隆阻力器', '个', 12, NULL, 1, 0, 4, NULL, 1, '2016-02-17 20:04:20'),
(50, 9, '钢板抽450_118mm', '付', 30, NULL, 1, 0, 4, NULL, 1, '2016-02-17 20:04:40'),
(51, 9, '钢板抽450_150mm', '付', 30, NULL, 1, 0, 4, NULL, 1, '2016-02-17 20:05:31'),
(52, 9, '钢板抽450_86mm', '付', 30, NULL, 1, 0, 4, NULL, 1, '2016-02-17 20:05:58'),
(53, 9, '欧诺斯铰链大弯', '个', 4.5, NULL, 1, 0, 4, NULL, 1, '2016-02-17 20:06:46'),
(54, 9, '欧诺斯铰链直臂', '个', 4.5, NULL, 1, 0, 4, NULL, 1, '2016-02-17 20:07:15'),
(55, 9, '欧诺斯铰链中弯', '个', 4.5, NULL, 1, 0, 4, NULL, 1, '2016-02-17 20:08:34'),
(56, 9, '普通350隐藏抽', '付', 28, NULL, 1, 0, 4, NULL, 1, '2016-02-17 20:08:57'),
(57, 9, '普通400隐藏抽', '付', 30, NULL, 1, 0, 4, NULL, 1, '2016-02-17 20:09:20'),
(58, 9, '普通500隐藏抽', '付', 32, NULL, 1, 0, 4, NULL, 1, '2016-02-17 20:09:41'),
(59, 9, '骑马抽450高深', '付', 129, NULL, 1, 0, 4, NULL, 1, '2016-02-17 20:10:05'),
(60, 9, '骑马抽450普通', '付', 120, NULL, 1, 0, 4, NULL, 1, '2016-02-17 20:10:31'),
(61, 9, '西门子250三节滑轨', '付', 6, NULL, 1, 0, 4, NULL, 1, '2016-02-17 20:11:02'),
(62, 9, '西门子300三节滑轨', '付', 7.2, NULL, 1, 0, 4, NULL, 1, '2016-02-17 20:11:23'),
(63, 9, '西门子350三节滑轨', '付', 8.4, NULL, 1, 0, 4, NULL, 1, '2016-02-17 20:11:45'),
(64, 9, '西门子400三节滑轨', '付', 9.6, NULL, 1, 0, 4, NULL, 1, '2016-02-17 20:12:07'),
(65, 9, '西门子450三节滑轨', '付', 10.8, NULL, 1, 0, 4, NULL, 1, '2016-02-17 20:12:33'),
(66, 9, '西门子500三节滑轨', '付', 12, NULL, 1, 0, 4, NULL, 1, '2016-02-17 20:12:59'),
(67, 9, '新耀缓冲铰链大弯', '个', 3, NULL, 1, 0, 4, NULL, 1, '2016-02-17 20:13:31'),
(68, 9, '新耀缓冲铰链直臂', '个', 3, NULL, 1, 0, 4, NULL, 1, '2016-02-17 20:14:14'),
(69, 9, '新耀缓冲铰链中弯', '个', 3, NULL, 1, 0, 4, NULL, 1, '2016-02-17 20:14:40'),
(70, 17, 'PVC踢脚线', '米', 13.5, '1', 0, 0, 4, NULL, 1, '2016-02-17 20:16:41'),
(71, 17, 'PVC直接', '个', 0.5, NULL, 1, 0, 4, NULL, 1, '2016-02-17 20:17:37'),
(72, 17, 'PVC转角', '个', 0.5, NULL, 1, 0, 4, NULL, 1, '2016-02-17 20:18:02'),
(73, 17, '柏扉步支撑', '个', 7, NULL, 1, 0, 4, NULL, 1, '2016-02-17 20:18:23'),
(74, 17, '脚线卡子', '个', 0.1, NULL, 1, 0, 4, NULL, 1, '2016-02-17 20:18:48'),
(75, 17, '库博支撑', '个', 27, NULL, 1, 0, 4, NULL, 1, '2016-02-17 20:19:11'),
(76, 17, '铝合金脚线', '米', 20, '1', 0, 0, 4, NULL, 1, '2016-02-17 20:19:42'),
(77, 17, '铝合金直接', '个', 3, NULL, 1, 0, 4, NULL, 1, '2016-02-17 20:20:01'),
(78, 17, '铝合金转角', '个', 1.5, NULL, 1, 0, 4, NULL, 1, '2016-02-17 20:20:22'),
(79, 18, '6095-160', '个', 6, NULL, 1, 0, 4, NULL, 1, '2016-02-17 20:22:43'),
(80, 18, '6611A-128', '个', 6, NULL, 1, 0, 4, NULL, 1, '2016-02-17 20:23:14'),
(81, 8, '8384-128', '个', 7, NULL, 1, 0, 4, NULL, 1, '2016-02-17 20:23:39'),
(82, 18, '86899-128金+银', '个', 8, NULL, 1, 0, 4, NULL, 1, '2016-02-17 20:23:59'),
(83, 18, 'A04-160', '个', 6, NULL, 1, 0, 4, NULL, 1, '2016-02-17 20:24:21'),
(84, 18, 'A04－128', '个', 6, NULL, 1, 0, 4, NULL, 1, '2016-02-17 20:24:40'),
(85, 18, 'L3139拉丝160孔距(8108拉丝)', '个', 6, NULL, 1, 0, 4, NULL, 1, '2016-02-17 20:25:04'),
(86, 18, 'L8805 160孔距 （1213）', '个', 8, NULL, 1, 0, 4, NULL, 1, '2016-02-17 20:25:32'),
(87, 18, 'T6093-128', '个', 6, NULL, 1, 0, 4, NULL, 1, '2016-02-17 20:25:55'),
(88, 18, 'XH017美人鱼拉手', '个', 19.8, NULL, 1, 0, 4, NULL, 1, '2016-02-17 20:27:26'),
(89, 18, 'Ｄ-021', '个', 5.3, NULL, 1, 0, 4, NULL, 1, '2016-02-17 20:27:55'),
(90, 18, '暗扣拉手-128', '个', 4, NULL, 1, 0, 4, NULL, 1, '2016-02-17 20:28:23'),
(91, 18, '暗扣拉手-160', '个', 4.5, NULL, 1, 0, 4, NULL, 1, '2016-02-17 20:28:46'),
(92, 18, '不锈钢色板架钩子(右)', '个', 3, NULL, 1, 0, 4, NULL, 1, '2016-02-17 20:30:24'),
(93, 18, '不锈钢色板架钩子(左)', '个', 3, NULL, 1, 0, 4, NULL, 1, '2016-02-17 20:30:49'),
(95, 18, '衣柜小片拉手', '个', 4.2, NULL, 1, 0, 4, NULL, 1, '2016-02-17 20:31:30'),
(96, 10, '1000*400推拉镜', '个', 190, NULL, 1, 0, 4, NULL, 1, '2016-02-17 20:32:25'),
(97, 10, '1200*350推拉镜', '个', 190, NULL, 1, 0, 4, NULL, 1, '2016-02-17 20:32:52'),
(98, 10, '50合金线盒', '个', 7, NULL, 1, 0, 4, NULL, 1, '2016-02-17 20:33:11'),
(99, 10, '50塑料线盒', '个', 2, NULL, 1, 0, 4, NULL, 1, '2016-02-17 20:33:30'),
(100, 10, '吧台脚', '米', 80, '1', 0, 0, 4, NULL, 1, '2016-02-17 20:33:51'),
(101, 10, '加厚彩色衣通', '米', 18, '1', 0, 0, 4, NULL, 1, '2016-02-17 20:34:10'),
(102, 10, '裤管', '米', 10, '1', 0, 0, 4, NULL, 1, '2016-02-17 20:34:31'),
(103, 10, '平扣', '个', 0, NULL, 1, 0, 4, NULL, 1, '2016-02-17 20:34:51'),
(104, 10, '万向轮', '个', 3, NULL, 1, 0, 4, NULL, 1, '2016-02-17 20:35:12'),
(105, 10, '衣通座', '对', 2, NULL, 1, 0, 4, NULL, 1, '2016-02-17 20:35:31'),
(106, 20, '茶色玻璃门', '个', 120, NULL, 1, 0, 4, NULL, 1, '2016-02-17 20:36:44'),
(107, 20, '铝合金玻璃框', '个', 80, NULL, 1, 0, 4, NULL, 1, '2016-02-17 20:37:12'),
(108, 20, '磨砂玻璃门', '扇', 120, NULL, 1, 0, 4, NULL, 1, '2016-02-17 20:37:51'),
(109, 20, '木框玻璃门', '个', 1.5, NULL, 1, 0, 4, NULL, 1, '2016-02-17 20:39:39'),
(110, 20, '实木玻璃门', '个', 170, NULL, 1, 0, 4, NULL, 1, '2016-02-17 20:40:09'),
(111, 20, '透明玻璃门', '扇', 90, NULL, 1, 0, 4, NULL, 1, '2016-02-17 20:40:28'),
(112, 21, '12寸DTC阻尼隐藏轨(S80)18厚', '付', 36, NULL, 1, 0, 4, NULL, 1, '2016-02-17 20:42:19'),
(113, 21, '14寸DTC阻尼隐藏轨(S80)18厚', '付', 37, NULL, 1, 0, 4, NULL, 1, '2016-02-17 20:42:49'),
(114, 21, '16寸DTC隐藏轨(S10)16厚', '付', 38, NULL, 1, 0, 4, NULL, 1, '2016-02-17 20:43:17'),
(115, 21, '16寸DTC阻尼隐藏轨(S80)18厚', '付', 38, NULL, 1, 0, 4, NULL, 1, '2016-02-17 20:43:43'),
(116, 21, '18寸DTC阻尼隐藏轨(S80)18厚', '付', 41, NULL, 1, 0, 4, NULL, 1, '2016-02-17 20:44:09'),
(117, 21, 'DTC90度铰链', '个', 6, NULL, 1, 0, 4, NULL, 1, '2016-02-17 20:45:21'),
(118, 21, 'DTCA6阻力铰链大弯', '个', 5.5, NULL, 1, 0, 4, NULL, 1, '2016-02-17 20:45:40'),
(119, 21, 'DTCA6阻力铰链直臂', '个', 5.5, NULL, 1, 0, 4, NULL, 1, '2016-02-17 20:46:08'),
(120, 21, 'DTCA6阻力铰链中弯', '个', 5.5, NULL, 1, 0, 4, NULL, 1, '2016-02-17 20:46:28'),
(121, 21, 'DTC角铁', '个', 2, NULL, 1, 0, 4, NULL, 1, '2016-02-17 20:46:55'),
(122, 21, 'DTC普通液压支撑', '个', 12, NULL, 1, 0, 4, NULL, 1, '2016-02-17 20:47:16'),
(123, 21, 'DTC气压支撑', '个', 27, NULL, 1, 0, 4, NULL, 1, '2016-02-17 20:47:35'),
(124, 21, 'DTC三节滑轨黑色10寸', '付', 13, NULL, 1, 0, 4, NULL, 1, '2016-02-17 20:47:52'),
(125, 21, 'DTC三节滑轨黑色12寸', '付', 15, NULL, 1, 0, 4, NULL, 1, '2016-02-17 20:48:26'),
(126, 21, 'DTC三节滑轨黑色14寸', '付', 17, NULL, 1, 0, 4, NULL, 1, '2016-02-17 20:48:54'),
(127, 21, 'DTC三节滑轨黑色16寸', '付', 20, NULL, 1, 0, 4, NULL, 1, '2016-02-17 20:49:40'),
(128, 21, 'DTC三节滑轨黑色18寸', '付', 22, NULL, 1, 0, 4, NULL, 1, '2016-02-17 20:49:59'),
(129, 21, '隐形隔板层板销', '个', 10, NULL, 1, 0, 4, NULL, 1, '2016-02-17 20:50:20'),
(130, 22, '1/2圆免拉手', '米', 25, '1', 0, 0, 4, NULL, 1, '2016-02-17 20:51:34'),
(131, 22, '1/4圆免拉手', '米', 25, '1', 0, 0, 4, NULL, 1, '2016-02-17 20:51:58'),
(132, 22, '16层板铝条', '米', 7, '1', 0, 0, 4, NULL, 1, '2016-02-17 20:52:19'),
(133, 22, '18层板铝条', '米', 7, '1', 0, 0, 4, NULL, 1, '2016-02-17 20:52:41'),
(134, 22, '前沿铝衬', '米', 25, '1', 0, 0, 4, NULL, 1, '2016-02-17 20:53:04'),
(135, 24, '506刀架', '套', 340, NULL, 1, 0, 8, NULL, 1, '2016-02-17 21:01:07'),
(137, 24, '506刀架2', '件', 1600, NULL, 1, 0, 8, NULL, 1, '2016-02-17 21:01:43'),
(138, 24, '506水槽', '套', 320, NULL, 1, 0, 8, NULL, 1, '2016-02-17 21:02:18'),
(139, 24, '506水槽2', '件', 1500, NULL, 1, 0, 8, NULL, 1, '2016-02-17 21:02:37'),
(140, 24, '507刀架', '套', 320, NULL, 1, 0, 8, NULL, 1, '2016-02-17 21:03:12'),
(142, 24, '507刀架2', '件', 1500, NULL, 1, 0, 8, NULL, 1, '2016-02-17 21:03:37'),
(143, 24, '507水槽', '套', 300, NULL, 1, 0, 8, NULL, 1, '2016-02-17 21:04:01'),
(144, 24, '507水槽2', '件', 1400, NULL, 1, 0, 8, NULL, 1, '2016-02-17 21:04:18'),
(145, 24, '508水槽', '套', 280, NULL, 1, 0, 8, NULL, 1, '2016-02-17 21:04:40'),
(147, 24, '508水槽2', '件', 1320, NULL, 1, 0, 8, NULL, 1, '2016-02-17 21:05:24'),
(148, 24, '509水槽', '套', 260, NULL, 1, 0, 8, NULL, 1, '2016-02-17 21:05:46'),
(149, 24, '509水槽2', '件', 1200, NULL, 1, 0, 8, NULL, 1, '2016-02-17 21:06:04'),
(150, 24, '520单槽', '套', 180, NULL, 1, 0, 8, NULL, 1, '2016-02-17 21:06:27'),
(151, 24, '520单槽2', '件', 850, NULL, 1, 0, 8, NULL, 1, '2016-02-17 21:06:49'),
(152, 24, '【美茵】水槽', '件', 240, NULL, 1, 0, 8, NULL, 1, '2016-02-17 21:07:11'),
(154, 24, '【美茵】水槽2', '件', 1100, NULL, 1, 0, 8, NULL, 1, '2016-02-17 21:07:52'),
(155, 25, '标配龙头', '套', 120, NULL, 1, 0, 8, NULL, 1, '2016-02-17 21:08:33'),
(156, 25, '标配双层防漏下水', '套', 35, NULL, 1, 0, 8, NULL, 1, '2016-02-17 21:08:52'),
(157, 25, '超高弯弹簧龙头', '个', 360, NULL, 1, 0, 8, NULL, 1, '2016-02-17 21:09:11'),
(158, 25, '独立包装盒', '个', 15, NULL, 1, 0, 8, NULL, 1, '2016-02-17 21:09:28'),
(159, 25, '简配龙头', '套', 80, NULL, 1, 0, 8, NULL, 1, '2016-02-17 21:10:04'),
(160, 25, '拉篮滑道', '付', 35, NULL, 1, 0, 8, NULL, 1, '2016-02-17 21:10:22'),
(161, 25, '沥水蓝', '个', 15, NULL, 1, 0, 8, NULL, 1, '2016-02-17 21:10:38'),
(162, 25, '橡木砧板', '个', 30, NULL, 1, 0, 8, NULL, 1, '2016-02-17 21:10:57'),
(163, 25, '皂液器', '套', 10, NULL, 1, 0, 8, NULL, 1, '2016-02-17 21:11:18'),
(164, 26, '300箱体调味篮', '套', 158, NULL, 1, 0, 8, NULL, 1, '2016-02-17 21:11:49'),
(165, 26, '350箱体调味篮', '套', 168, NULL, 1, 0, 8, NULL, 1, '2016-02-17 21:12:24'),
(166, 26, '400箱体调味篮', '套', 172, NULL, 1, 0, 8, NULL, 1, '2016-02-17 21:12:48'),
(167, 26, '600箱体炉台篮', '套', 193, NULL, 1, 0, 8, NULL, 1, '2016-02-17 21:13:13'),
(168, 26, '700箱体炉台篮', '套', 200, NULL, 1, 0, 8, NULL, 1, '2016-02-17 21:13:32'),
(169, 26, '720箱体炉台篮', '套', 202, NULL, 1, 0, 8, NULL, 1, '2016-02-17 21:13:48'),
(170, 26, '750箱体炉台篮', '套', 205, NULL, 1, 0, 8, NULL, 1, '2016-02-17 21:14:07'),
(171, 26, '800箱体炉台篮', '套', 210, NULL, 1, 0, 8, NULL, 1, '2016-02-17 21:14:42'),
(172, 26, '900箱体炉台篮', '套', 219, NULL, 1, 0, 8, NULL, 1, '2016-02-17 21:15:03'),
(173, 27, '单层微波炉架子', '个', 42, NULL, 1, 0, 8, NULL, 1, '2016-02-17 21:15:25'),
(174, 27, '双层微波炉架子', '个', 65, NULL, 1, 0, 8, NULL, 1, '2016-02-17 21:15:51'),
(175, 30, '塑钢25*35', '米', 15, '1', 0, 0, 8, NULL, 1, '2016-02-17 21:16:24'),
(176, 31, '单茎罗马', '米', 50, '1', 0, 0, 8, NULL, 1, '2016-02-17 21:16:50'),
(177, 31, '前圆挡水', '米', 50, '1', 0, 0, 8, NULL, 1, '2016-02-17 21:17:11'),
(178, 31, '前直挡水', '米', 50, '1', 0, 0, 8, NULL, 1, '2016-02-17 21:17:35'),
(179, 31, '双径罗马', '米', 50, '1', 0, 0, 8, NULL, 1, '2016-02-17 21:17:56'),
(180, 32, '镂空雕花腰线', '块', 40, NULL, 1, 0, 8, NULL, 1, '2016-02-17 21:18:35'),
(181, 33, '包覆同色', '平方', 160, NULL, 1, 0, 8, NULL, 1, '2016-02-17 21:19:08'),
(182, 33, '高档太空软包皮艺门', '平方', 480, NULL, 1, 0, 8, NULL, 1, '2016-02-17 21:19:32'),
(183, 33, '品牌同色包覆平板移门', '平方', 280, NULL, 1, 0, 8, NULL, 1, '2016-02-17 21:19:58'),
(184, 28, '8016米', '米', 260, '1', 0, 0, 8, NULL, 1, '2016-02-17 21:20:43'),
(185, 28, '8016张', '张', 370, NULL, 1, 0, 8, NULL, 1, '2016-02-17 21:21:21'),
(186, 28, '817', '米', 260, '1', 0, 0, 7, NULL, 1, '2016-02-17 21:21:48'),
(187, 28, '817张', '张', 370, NULL, 1, 0, 8, NULL, 1, '2016-02-17 21:22:30'),
(188, 28, '9112米', '米', 260, '1', 0, 0, 8, NULL, 1, '2016-02-17 21:22:52'),
(190, 28, '9112张', '张', 370, NULL, 1, 0, 8, NULL, 1, '2016-02-17 21:24:26'),
(191, 21, '转角平门铰链', '个', 13, NULL, 1, 0, 8, NULL, 1, '2016-02-26 09:52:48'),
(192, 17, 'PVC脚线', '捆', 0, 'C/4.0', 1, 0, 4, NULL, 3, '2016-02-29 17:27:46'),
(193, 8, '铝合金脚线', '捆', 0, NULL, 1, 0, 4, NULL, 3, '2016-02-29 17:28:23'),
(194, 8, '塑料盖帽', '个', 0.1, NULL, 1, 0, 4, NULL, 1, '2016-03-02 11:19:58'),
(195, 21, '18寸DTC隐藏轨16厚', '付', 38, NULL, 1, 0, 8, NULL, 1, '2016-03-17 13:10:18'),
(196, 18, '榻榻米拉手', '个', 15, '1', 0, 0, 4, NULL, 3, '2016-04-07 13:04:07'),
(197, 8, '盖帽贴', '张', 4, NULL, 1, 0, 4, NULL, 11, '2016-04-11 15:15:18'),
(198, 11, '三合一(套)', '套', 1, '', 1, 0, 4, NULL, 1, '2017-06-14 00:22:27'),
(199, 10, '衣通', '米', 14, '1', 0, 0, 4, NULL, 1, '2017-06-14 00:50:22'),
(200, 8, '3.5*15自攻螺丝', '个', 1, '', 1, 0, 4, NULL, 1, '2017-06-14 00:57:04');

-- --------------------------------------------------------

--
-- 表的结构 `j_form`
--

CREATE TABLE `j_form` (
  `f_id` smallint(4) UNSIGNED NOT NULL COMMENT 'v',
  `f_name` varchar(64) NOT NULL COMMENT '名称',
  `f_label` varchar(64) DEFAULT NULL COMMENT 'Label',
  `f_form_type` char(32) DEFAULT NULL COMMENT '表单类型',
  `f_func_id` smallint(4) UNSIGNED NOT NULL COMMENT '功能',
  `f_url` varchar(128) DEFAULT NULL COMMENT 'Url',
  `f_query` varchar(64) DEFAULT NULL COMMENT 'Query',
  `f_dv` varchar(128) DEFAULT NULL COMMENT '默认值',
  `f_placeholder` varchar(64) DEFAULT NULL COMMENT '描述',
  `f_classes` varchar(64) DEFAULT NULL COMMENT '样式',
  `f_readonly` tinyint(1) NOT NULL DEFAULT '0' COMMENT '只读',
  `f_required` tinyint(1) NOT NULL DEFAULT '0' COMMENT '必存',
  `f_multiple` tinyint(1) NOT NULL DEFAULT '0' COMMENT '多选',
  `f_max` varchar(32) DEFAULT NULL COMMENT '最大',
  `f_min` varchar(32) DEFAULT NULL COMMENT '最小',
  `f_maxlength` int(10) UNSIGNED NOT NULL DEFAULT '0' COMMENT '最长',
  `f_pattern` varchar(128) DEFAULT NULL COMMENT '验证模式',
  `f_ide` varchar(64) DEFAULT NULL COMMENT 'ID',
  `f_displayorder` int(10) UNSIGNED NOT NULL DEFAULT '1' COMMENT '显示顺序'
) ENGINE=InnoDB DEFAULT CHARSET=utf8 COMMENT='功能表单';

--
-- 转存表中的数据 `j_form`
--

INSERT INTO `j_form` (`f_id`, `f_name`, `f_label`, `f_form_type`, `f_func_id`, `f_url`, `f_query`, `f_dv`, `f_placeholder`, `f_classes`, `f_readonly`, `f_required`, `f_multiple`, `f_max`, `f_min`, `f_maxlength`, `f_pattern`, `f_ide`, `f_displayorder`) VALUES
(1, 'owner', '业主', 'text', 1, '', '', '', '', '', 0, 1, 0, '', '', 128, NULL, 'owner', 4),
(2, 'task_level', '任务等级', 'select', 1, '/data/task_level/read', '', '', '', '', 0, 1, 0, '99', '1', 4, NULL, 'null', 2),
(3, 'checker', '对单人', 'text', 1, '', '', '', '', '', 0, 1, 0, '', '', 64, NULL, 'checker', 5),
(4, 'checker_phone', '对单电话', 'text', 1, '', '', '', '', '', 0, 1, 0, '', '', 16, NULL, 'checkerPhone', 6),
(5, 'payer', '支付人', 'text', 1, '', '', '', '', '', 0, 1, 0, '', '', 64, NULL, 'payer', 7),
(6, 'payer_phone', '支付电话', 'text', 1, '', '', '', '', '', 0, 1, 0, '', '', 16, NULL, 'payerPhone', 8),
(8, 'out_method', '出厂方式', 'select', 1, '/data/out_method/read', '', '', '', '', 0, 1, 0, '', '', 64, NULL, 'outMethod', 9),
(9, 'logistics', '要求物流', 'select', 1, '/data/logistics/read', '', '', '', '', 0, 0, 0, '', '', 64, NULL, 'logistics', 10),
(10, 'delivery_area', '收货地区', 'text', 1, '', '', '', '', '', 0, 1, 0, '', '', 64, NULL, 'deliveryArea', 11),
(11, 'delivery_address', '收货地址', 'text', 1, '', '', '', '', '', 0, 0, 0, '', '', 64, NULL, 'deliveryAddress', 12),
(12, 'delivery_linker', '收货人', 'text', 1, '', '', '', '', '', 0, 1, 0, '', '', 32, NULL, 'deliveryLinker', 13),
(13, 'delivery_phone', '收货电话', 'text', 1, '', '', '', '', '', 0, 1, 0, '', '', 64, NULL, 'deliveryPhone', 14),
(14, 'request_outdate', '要求出厂', 'date', 1, '', '', '', '', '', 0, 0, 0, '', '', 64, NULL, 'requestOutdate', 15),
(15, 'remark', '备注', 'text', 1, '', '', '', '', '', 0, 0, 0, '', '', 128, NULL, 'remark', 16),
(16, 'dealer_remark', '客户备注', 'text', 1, '', '', '', '', '', 0, 0, 0, '', '', 128, NULL, 'dealerRemark', 17),
(17, 'v', '', 'hidden', 6, '', NULL, '', '', '', 0, 0, 0, '', '', 0, '', '', 1),
(18, 'name', '名称', 'text', 6, '', NULL, '', '用户组名称', '', 0, 0, 0, '', '', 0, '', '', 2),
(19, 'parent', '父级', 'select', 6, '/permission/usergroup/read', NULL, '', '', '', 0, 0, 0, '', '', 0, '', '', 3),
(20, 'name', '名称', 'text', 5, '', NULL, '', '用户组名称', '', 0, 0, 0, '', '', 0, '', '', 1),
(21, 'parent', '父级', 'select', 5, '/permission/usergroup/read', '', '', '', '', 2, 2, 2, '', '', 0, '', '', 2),
(22, 'v', '#', 'hidden', 16, '', NULL, '', '', '', 0, 0, 0, '', '', 0, '', '', 1),
(23, 'name', '名称', 'text', 16, '', NULL, '', '名称', '', 0, 1, 0, '', '', 64, '', '', 2),
(24, 'label', 'Label', 'text', 16, '', NULL, '', 'Label', '', 0, 0, 0, '', '', 64, '', '', 3),
(25, 'url', 'URL', 'text', 16, '', NULL, '', 'URL', '', 0, 0, 0, '', '', 128, '', 'url', 4),
(26, 'displayorder', '显示顺序', 'number', 16, '', NULL, '', '显示顺序', '', 0, 0, 0, '9999', '', 2, '', 'displayorder', 5),
(27, 'img', '图片', 'text', 16, '', NULL, '', '图片', '', 0, 0, 0, '', '', 128, '', 'img', 6),
(28, 'group_no', '组号', 'text', 16, '', '', '', '组号', '', 0, 0, 0, '', '', 64, '', 'groupNo', 7),
(29, 'toggle_v', 'Toggle', 'select', 16, '/data/toggle_type/read', '', '', 'Toggle', '', 0, 0, 0, '', '', 4, '', 'toggleV', 8),
(30, 'target', 'Target', 'text', 16, '', '', '', 'Target', '', 0, 0, 0, '', '', 64, '', 'target', 9),
(31, 'tag_v', 'Tag', 'select', 16, '/data/tag_type/read', '', '', 'Tag', '', 0, 0, 0, '', '', 4, '', 'tagV', 10),
(32, 'multiple_v', '多选', 'select', 16, '/data/boolean_type/read', '', '0', '多选', '', 0, 0, 0, '', '', 1, '', 'multipleV', 11),
(33, 'source', '数据源', 'text', 16, '', NULL, '', '数据源', '', 0, 0, 0, '', '', 64, '', 'source', 12),
(34, 'modal_type_v', 'modal类型', 'select', 16, '/data/modal_type/read', '', '', 'modal类型', '', 0, 0, 0, '', '', 4, '', 'modalTypeV', 13),
(35, 'name', '名称', 'text', 18, '', NULL, '', '名称', '', 0, 1, 0, '', '', 64, '', '', 1),
(36, 'label', 'Label', 'text', 18, '', NULL, '', 'Label', '', 0, 0, 0, '', '', 64, '', '', 2),
(37, 'url', 'URL', 'text', 18, '', NULL, '', 'URL', '', 0, 0, 0, '', '', 128, '', 'url', 3),
(38, 'displayorder', '显示顺序', 'number', 18, '', NULL, '', '显示顺序', '', 0, 0, 0, '9999', '', 2, '', 'displayorder', 4),
(39, 'img', '图片', 'text', 18, '', NULL, '', '图片', '', 0, 0, 0, '', '', 128, '', 'img', 5),
(40, 'group_no', '组号', 'text', 18, '', '', '', '组号', '', 0, 0, 0, '', '', 64, '', 'groupNo', 6),
(41, 'toggle_v', 'Toggle', 'select', 18, '/data/toggle_type/read', '', '', 'Toggle', '', 0, 0, 0, '', '', 4, '', 'toggleV', 7),
(42, 'target', 'Target', 'text', 18, '', '', '', 'Target', '', 0, 0, 0, '', '', 64, '', 'target', 8),
(43, 'tag_v', 'Tag', 'select', 18, '/data/tag_type/read', '', '', 'Tag', '', 0, 0, 0, '', '', 4, '', 'tagV', 9),
(44, 'multiple_v', '多选', 'select', 18, '/data/boolean_type/read', '', '0', '多选', '', 0, 0, 0, '', '', 1, '', 'multipleV', 10),
(45, 'source', '数据源', 'text', 18, '', NULL, '', '数据源', '', 0, 0, 0, '', '', 64, '', 'source', 11),
(46, 'modal_type_v', 'modal类型', 'select', 18, '/data/modal_type/read', '', '', 'modal类型', '', 0, 0, 0, '', '', 64, '', 'modalTypeV', 12),
(47, 'v', 'V', 'hidden', 20, '', NULL, '', 'V', '', 0, 1, 0, '9999', '', 4, '', 'v', 1),
(48, 'name', '名称', 'text', 20, '', NULL, '', '名称', '', 0, 1, 0, '', '', 64, '', 'name', 2),
(49, 'label', 'Label', 'text', 20, '', NULL, '', 'Label', '', 0, 0, 0, '', '', 64, '', 'label', 3),
(50, 'card_type_v', '卡片类型', 'select', 20, '/data/card_type/read', '', '', '卡片类型', '', 0, 1, 0, '99', '', 32, '', 'cardTypeV', 4),
(51, 'card_setting_v', '卡片设置', 'select', 20, '/data/card_setting/read', '', '', '卡片设置', '', 0, 1, 0, '99', '', 32, '', 'cardSettingV', 5),
(53, 'menu_v', 'MenuId', 'hidden', 22, '', 'menu_v', '', 'MenuId', '', 0, 1, 0, '9999', '', 4, '', 'menuV', 1),
(54, 'card_setting_v', '卡片设置', 'select', 22, '/data/card_setting/read', '', '', '卡片设置', '', 0, 1, 0, '99', '', 32, '', 'cardSettingV', 2),
(55, 'card_type_v', '卡片类型', 'select', 22, '/data/card_type/read', '', '', '卡片类型', '', 0, 1, 0, '99', '', 32, '', 'cardTypeV', 3),
(56, 'label', 'Label', 'text', 22, '', NULL, '', 'Label', '', 0, 0, 0, '', '', 64, '', 'label', 4),
(57, 'name', '名称', 'text', 22, '', NULL, '', '名称', '', 0, 1, 0, '', '', 64, '', 'name', 5),
(58, 'v', '#', 'hidden', 24, '', NULL, '', '#', '', 0, 1, 0, '9999', '', 4, '', 'v', 1),
(59, 'name', '名称', 'text', 24, '', NULL, '', '名称', '', 0, 1, 0, '', '', 64, '', 'name', 2),
(60, 'label', 'Label', 'text', 24, '', NULL, '', 'Label', '', 0, 0, 0, '', '', 64, '', 'label', 3),
(61, 'form_type_v', '表单类型', 'select', 24, '/data/form_type/read', '', '1', '表单类型', '', 0, 0, 0, '', '', 4, '', 'formTypeV', 4),
(62, 'type_v', '类型', 'select', 24, '/data/form_type/read', '', '1', '类型', '', 0, 0, 0, '', '', 4, '', 'typeV', 5),
(63, 'url', 'URL', 'text', 24, '', NULL, '', 'URL', '', 0, 0, 0, '', '', 128, '', 'url', 6),
(64, 'dv', '默认值', 'text', 24, '', NULL, '', '默认值', '', 0, 0, 0, '', '', 64, '', 'dv', 7),
(65, 'placeholder', 'Placeholder', 'text', 24, '', NULL, '', 'Placeholder', '', 0, 0, 0, '', '', 64, '', 'placeholder', 8),
(66, 'classes', '样式', 'text', 24, '', NULL, '', '样式', '', 0, 0, 0, '', '', 64, '', 'classes', 9),
(67, 'readonly_v', '只读', 'select', 24, '/data/boolean_type/read', '', '2', '只读', '', 0, 0, 0, '', '', 1, '', 'readonlyV', 10),
(68, 'required_v', '必存', 'select', 24, '/data/boolean_type/read', '', '2', '必存', '', 0, 0, 0, '', '', 1, '', 'requiredV', 11),
(69, 'multiple_v', '多选', 'select', 24, '/data/boolean_type/read', '', '', '多选', '', 0, 0, 0, '1', '0', 1, '', 'multipleV', 12),
(70, 'max', '最大值', 'text', 25, '', NULL, '', '最大值', '', 0, 0, 0, '', '', 32, '', 'max', 1),
(71, 'min', '最小值', 'text', 25, '', NULL, '', '最小值', '', 0, 0, 0, '', '', 32, '', 'min', 2),
(72, 'maxlength', '最长值', 'number', 25, '', NULL, '', '最长值', '', 0, 0, 0, '', '', 10, '', 'maxlength', 3),
(73, 'pattern', '模式', 'text', 25, '', NULL, '', '模式', '', 0, 0, 0, '', '', 128, '', 'pattern', 4),
(74, 'ide', 'ID', 'text', 25, '', NULL, '', 'ID', '', 0, 0, 0, '', '', 64, '', 'ide', 5),
(75, 'menu_v', 'MenuV', 'hidden', 25, '', 'menu_v', '', 'MenuV', '', 0, 1, 0, '9999', '1', 4, '', 'menuV', 6),
(76, 'url', 'URL', 'text', 25, '', NULL, '', 'URL', '', 0, 0, 0, '', '', 128, '', 'url', 7),
(77, 'type_v', '类型', 'select', 25, '/data/form_type/read', '', '1', '类型', '', 0, 0, 0, '', '', 4, '', 'typeV', 8),
(78, 'form_type_v', '表单类型', 'select', 25, '/data/form_type/read', '', '1', '表单类型', '', 0, 0, 0, '', '', 4, '', 'formTypeV', 9),
(79, 'label', 'Label', 'text', 25, '', NULL, '', 'Label', '', 0, 0, 0, '', '', 64, '', 'label', 10),
(80, 'name', '名称', 'text', 25, '', NULL, '', '名称', '', 0, 1, 0, '', '', 64, '', 'name', 11),
(81, 'required_v', '必存', 'select', 25, '/data/boolean_type/read', '', '0', '必存', '', 0, 0, 0, '', '', 1, '', 'requiredV', 12),
(82, 'readonly_v', '只读', 'select', 25, '/data/boolean_type/read', '', '0', '只读', '', 0, 0, 0, '', '', 1, '', 'readonlyV', 13),
(83, 'classes', '样式', 'text', 25, '', NULL, '', '样式', '', 0, 0, 0, '', '', 64, '', 'classes', 14),
(84, 'placeholder', 'Placeholder', 'text', 25, '', NULL, '', 'Placeholder', '', 0, 0, 0, '', '', 64, '', 'placeholder', 15),
(85, 'dv', '默认值', 'text', 25, '', NULL, '', '默认值', '', 0, 0, 0, '', '', 64, '', 'dv', 16),
(86, 'v', '#', 'hidden', 27, '', NULL, '', '#', '', 0, 1, 0, '9999', '1', 4, '', 'v', 1),
(87, 'ide', 'ID', 'text', 27, '', NULL, '', 'ID', '', 0, 0, 0, '', '', 64, '', 'ide', 3),
(88, 'pattern', '模式', 'text', 27, '', NULL, '', '模式', '', 0, 0, 0, '', '', 128, '', 'pattern', 4),
(89, 'maxlength', '最长值', 'number', 27, '', NULL, '', '最长值', '', 0, 0, 0, '', '', 10, '', 'maxlength', 5),
(90, 'min', '最小值', 'text', 27, '', NULL, '', '最小值', '', 0, 0, 0, '', '', 32, '', 'min', 6),
(91, 'max', '最大值', 'text', 27, '', NULL, '', '最大值', '', 0, 0, 0, '', '', 32, '', 'max', 7),
(92, 'label', 'Label', 'text', 27, '', NULL, '', 'Label', '', 0, 0, 0, '', '', 64, '', 'label', 8),
(93, 'form_type_v', '表单类型', 'select', 27, '/data/form_type/read', '', '1', '表单类型', '', 0, 0, 0, '', '', 4, '', 'formTypeV', 9),
(95, 'url', 'URL', 'text', 27, '', NULL, '', 'URL', '', 0, 0, 0, '', '', 128, '', 'url', 10),
(97, 'dv', '默认值', 'text', 27, '', NULL, '', '默认值', '', 0, 0, 0, '', '', 64, '', 'dv', 11),
(98, 'placeholder', 'Placeholder', 'text', 27, '', NULL, '', 'Placeholder', '', 0, 0, 0, '', '', 64, '', 'placeholder', 12),
(99, 'classes', '样式', 'text', 27, '', NULL, '', '样式', '', 0, 0, 0, '', '', 64, '', 'classes', 13),
(100, 'readonly_v', '只读', 'select', 27, '/data/boolean_type/read', '', '0', '只读', '', 0, 0, 0, '', '', 1, '', 'readonlyV', 14),
(101, 'required_v', '必存', 'select', 27, '/data/boolean_type/read', '', '0', '必存', '', 0, 0, 0, '', '', 1, '', 'requiredV', 15),
(102, 'name', '名称', 'text', 27, '', NULL, '', '名称', '', 0, 1, 0, '', '', 64, '', 'name', 16),
(103, 'max', '最大值', 'text', 28, '', NULL, '', '最大值', '', 0, 0, 0, '', '', 32, '', 'max', 1),
(104, 'min', '最小值', 'text', 28, '', NULL, '', '最小值', '', 0, 0, 0, '', '', 32, '', 'min', 2),
(105, 'maxlength', '最长值', 'number', 28, '', NULL, '', '最长值', '', 0, 0, 0, '', '', 10, '', 'maxlength', 3),
(106, 'pattern', '模式', 'text', 28, '', NULL, '', '模式', '', 0, 0, 0, '', '', 128, '', 'pattern', 4),
(107, 'ide', 'ID', 'text', 28, '', NULL, '', 'ID', '', 0, 0, 0, '', '', 64, '', 'ide', 5),
(108, 'form_page_v', 'formPageV', 'hidden', 28, '', 'form_page_v', '', 'MenuV', '', 0, 1, 0, '9999', '1', 4, '', 'menuV', 6),
(109, 'url', 'URL', 'text', 28, '', NULL, '', 'URL', '', 0, 0, 0, '', '', 128, '', 'url', 7),
(111, 'form_type_v', '表单类型', 'select', 28, '/data/form_type/read', '', '1', '表单类型', '', 0, 0, 0, '', '', 4, '', 'formTypeV', 8),
(112, 'label', 'Label', 'text', 28, '', NULL, '', 'Label', '', 0, 0, 0, '', '', 64, '', 'label', 9),
(113, 'name', '名称', 'text', 28, '', NULL, '', '名称', '', 0, 1, 0, '', '', 64, '', 'name', 10),
(114, 'required_v', '必存', 'select', 28, '/data/boolean_type/read', '', '0', '必存', '', 0, 0, 0, '', '', 1, '', 'requiredV', 11),
(115, 'readonly_v', '只读', 'select', 28, '/data/boolean_type/read', '', '0', '只读', '', 0, 0, 0, '', '', 1, '', 'readonlyV', 12),
(116, 'classes', '样式', 'text', 28, '', NULL, '', '样式', '', 0, 0, 0, '', '', 64, '', 'classes', 13),
(117, 'placeholder', 'Placeholder', 'text', 28, '', NULL, '', 'Placeholder', '', 0, 0, 0, '', '', 64, '', 'placeholder', 14),
(118, 'dv', '默认值', 'text', 28, '', NULL, '', '默认值', '', 0, 0, 0, '', '', 64, '', 'dv', 15),
(119, 'v', '#', 'hidden', 9, '', NULL, '', '#', '', 0, 1, 0, '9999', '1', 4, '', 'v', 1),
(120, 'name', '名称', 'text', 9, '', NULL, '', '名称', '', 0, 1, 0, '', '', 64, '', 'name', 2),
(121, 'parent', '父级', 'select', 9, '/permission/menu/read', NULL, '', '父级', '', 0, 0, 0, '', '', 4, '', 'parent', 3),
(122, 'class', '等级', 'hidden', 9, '', NULL, '0', '等级', '', 0, 0, 0, '99', '0', 2, '', 'class', 4),
(123, 'url', 'URL', 'text', 9, '', NULL, '', 'URL', '', 0, 0, 0, '', '', 256, '', 'url', 5),
(124, 'displayorder', '显示顺序', 'number', 9, '', NULL, '', '显示顺序', '', 0, 0, 0, '9999', '', 4, '', 'displayorder', 6),
(125, 'img', '图片', 'text', 9, '', NULL, '', '图片', '', 0, 0, 0, '', '', 128, '', 'img', 7),
(126, 'mobile_v', '移动端', 'select', 9, '/data/boolean_type/read', '', '0', '移动端', '', 0, 0, 0, '', '', 1, '', 'mobileV', 8),
(127, 'invisible_v', '隐形', 'select', 9, '/data/boolean_type/read', '', '0', '隐形', '', 0, 0, 0, '', '', 1, '', 'invisibleV', 9),
(128, 'page_type_v', '页面类型', 'select', 9, '/data/page_type/read', '', '1', '页面类型', '', 0, 0, 0, '9999', '', 4, '', 'pageTypeV', 10),
(129, 'displayorder', '显示顺序', 'number', 14, '', NULL, '', '显示顺序', '', 0, 0, 0, '9999', '', 4, '', 'displayorder', 1),
(130, 'url', 'URL', 'text', 14, '', NULL, '', 'URL', '', 0, 0, 0, '', '', 256, '', 'url', 2),
(131, 'class', '等级', 'hidden', 14, '', NULL, '0', '等级', '', 0, 0, 0, '99', '0', 2, '', 'class', 3),
(132, 'parent', '父级', 'select', 14, '/permission/menu/read', NULL, '', '父级', '', 0, 0, 0, '', '', 4, '', 'parent', 4),
(133, 'name', '名称', 'text', 14, '', NULL, '', '名称', '', 0, 1, 0, '', '', 64, '', 'name', 5),
(134, 'page_type_v', '页面类型', 'select', 14, '/data/page_type/read', '', '1', '页面类型', '', 0, 0, 0, '9999', '', 4, '', 'pageTypeV', 6),
(135, 'invisible_v', '隐形', 'select', 14, '/data/boolean_type/read', '', '0', '隐形', '', 0, 0, 0, '', '', 1, '', 'invisibleV', 7),
(136, 'mobile_v', '移动端', 'select', 14, '/data/boolean_type/read', '', '0', '移动端', '', 0, 0, 0, '', '', 1, '', 'mobileV', 8),
(137, 'img', '图片', 'text', 14, '', NULL, '', '图片', '', 0, 0, 0, '', '', 128, '', 'img', 9),
(141, 'v', '#', 'hidden', 34, '', NULL, '', '#', '', 0, 1, 0, '', '', 4, '', 'v', 1),
(142, 'num', '编号', 'text', 34, '', NULL, '', '货架编号', '', 0, 1, 0, '', '', 4, '', 'num', 2),
(143, 'width', '货架列数', 'number', 34, '', NULL, '4', '货架列数', '', 0, 1, 0, '9999', '1', 4, '', 'width', 3),
(144, 'height', '货架层数', 'number', 34, '', NULL, '4', '货架层数', '', 0, 1, 0, '9999', '1', 4, '', 'height', 4),
(145, 'remark', '备注', 'textarea', 34, '', NULL, '', '备注，填写层容量', '', 0, 0, 0, '', '', 512, '', 'remark', 5),
(146, 'num', '货架编号', 'text', 35, '', NULL, '', '货架编号', '', 0, 1, 0, '', '', 4, '', 'num', 1),
(147, 'width', '货架列数', 'number', 35, '', NULL, '4', '货架列数', '', 0, 1, 0, '9999', '1', 4, '', 'width', 2),
(148, 'height', '货架层数', 'number', 35, '', NULL, '4', '货架层数', '', 0, 1, 0, '9999', '1', 4, '', 'height', 3),
(149, 'remark', '备注', 'textarea', 35, '', NULL, '', '备注，填写层容量', '', 0, 0, 0, '', '', 512, '', 'remark', 4),
(150, 'v', '#', 'hidden', 39, '', '', '', '#', '', 0, 1, 0, '', '', 512, '', 'v', 1),
(151, 'to', '移入仓库', 'datalist', 39, '/warehouse/warehouse/read', '', '', '移入仓库', '', 0, 1, 0, '', '', 32, '', 'to', 2),
(157, 'order_product_num', '订单产品', 'text', 41, '', '', '', '订单产品', '', 0, 1, 0, '', '', 64, '', 'orderProductNum', 1),
(158, 'warehouse_v', '推荐库位', 'recommend', 41, '/warehouse/warehouse/recommend', 'order_product_num', '', '推荐库位', '', 0, 1, 1, '', '', 128, '', 'warehouseV', 2),
(161, 'v', '用户ID', 'hidden', 47, '', '', '', '用户ID', '', 2, 1, 2, '', '1', 10, '', 'v', 1),
(162, 'name', '用户名', 'text', 47, '', '', '', '用户名', '', 2, 1, 2, '', '', 64, '', 'name', 2),
(163, 'truename', '真实姓名', 'text', 47, '', '', '', '真实姓名', '', 2, 1, 2, '', '', 64, '', 'truename', 3),
(164, 'password', '密码', 'password', 47, '', '', '', '密码', '', 2, 2, 2, '', '', 16, '', 'password', 4),
(165, 'mobilephone', '移动电话', 'tel', 47, '', '', '', '移动电话', '', 2, 1, 2, '', '', 16, '', 'mobilephone', 5),
(166, 'usergroup_v', '所属用户组', 'select', 47, '/permission/usergroup/read', '', '', '所属用户组', '', 2, 1, 2, '', '1', 10, '', 'usergroupV', 6),
(167, 'v', '角色ID', 'hidden', 51, '', '', '', '角色ID', '', 2, 1, 2, '9999', '1', 4, '', 'v', 1),
(168, 'name', '角色名称', 'text', 51, '', '', '', '角色名称', '', 2, 1, 2, '', '', 64, '', 'name', 2),
(169, 'name', '角色名称', 'text', 59, '', '', '', '角色名称', '', 2, 1, 2, '', '', 64, '', 'name', 1),
(170, 'query', 'Query', 'text', 16, '', '', '', '参数，变量，用-分割', '', 2, 0, 0, '', '', 128, '', 'query', 14),
(171, 'query', 'Query', 'text', 18, '', '', '', '参数，变量，用-分割Uri 和Data，用,分割内部', '', 2, 0, 0, '', '', 128, '', 'query', 13),
(172, 'name', '用户名', 'text', 48, '', '', '', '用户名', '', 2, 1, 2, '', '', 64, '', 'name', 1),
(173, 'truename', '真实姓名', 'text', 48, '', '', '', '真实姓名', '', 2, 1, 2, '', '', 64, '', 'truename', 2),
(174, 'password', '密码', 'password', 48, '', '', '', '登录密码', '', 2, 1, 2, '', '', 16, '', 'password', 3),
(175, 'mobilephone', '移动电话', 'tel', 48, '', '', '', '移动电话', '', 2, 1, 2, '', '', 16, '', 'mobilephone', 4),
(176, 'usergroup_v', '用户组', 'select', 48, '/permission/usergroup/read', '', '', '用户组', '', 2, 1, 2, '9999', '1', 4, '', 'usergroupV', 5),
(177, 'v', '#', 'hidden', 71, '', '', '', '#', '', 0, 1, 0, '9999999999', '1', 10, '', 'v', 1),
(178, 'name', '名称', 'text', 71, '', '', '', '名称', '', 0, 1, 0, '', '', 64, '', 'name', 2),
(179, 'label', 'Label', 'text', 71, '', '', '', 'Label', '', 0, 1, 0, '', '', 64, '', 'label', 3),
(180, 'url', 'URL', 'text', 71, '', '', '', 'URL', '', 0, 0, 0, '', '', 128, '', 'url', 4),
(181, 'source_url', '源URL', 'text', 71, '', '', '', '名称', '', 0, 0, 0, '', '', 128, '', 'sourceUrl', 5),
(182, 'source_query', '源Query', 'text', 71, '', '', '', '源Query', '', 0, 0, 0, '', '', 128, '', 'sourceQuery', 6),
(183, 'name', '名称', 'text', 72, '', '', '', '名称', '', 0, 1, 0, '', '', 64, '', 'name', 1),
(184, 'label', 'Label', 'text', 72, '', '', '', 'Label', '', 0, 1, 0, '', '', 64, '', 'label', 2),
(185, 'url', 'URL', 'text', 72, '', '', '', 'URL', '', 0, 0, 0, '', '', 128, '', 'url', 3),
(186, 'source_url', '源URL', 'text', 72, '', '', '', '源URL', '', 0, 0, 0, '', '', 128, '', 'sourceUrl', 4),
(187, 'source_query', '源Query', 'text', 72, '', '', '', '源Query', '', 0, 0, 0, '', '', 128, '', 'sourceQuery', 5),
(188, 'menu_v', '菜单V', 'hidden', 72, '', 'menu_v', '', '菜单V', '', 0, 1, 0, '9999', '1', 4, '', 'menuV', 6),
(189, 'single_v', '单选', 'select', 16, '/data/boolean_type/read', '', '0', '单选', '', 0, 1, 0, '1', '0', 1, '', 'singleV', 15),
(190, 'single_v', '单选', 'select', 18, '/data/boolean_type/read', '', '0', '单选', '', 0, 1, 0, '1', '0', 1, '', 'singleV', 14),
(191, 'v', '#', 'hidden', 76, '', '', '', '#', '', 0, 1, 0, '9999', '1', 4, '', 'v', 1),
(192, 'name', '名称', 'text', 76, '', '', '', '名称', '', 0, 1, 0, '', '', 64, '', 'name', 2),
(193, 'label', 'Label', 'text', 76, '', '', '', 'Label', '', 0, 1, 0, '', '', 64, '', 'label', 3),
(194, 'url', 'URL', 'text', 76, '', '', '', 'URL', '', 0, 0, 0, '', '', 128, '', 'url', 4),
(195, 'query', 'Query', 'text', 76, '', '', '', '参数，变量，用-分割Uri 和Data，用,分割内部', '', 0, 0, 0, '', '', 64, '', 'query', 5),
(196, 'dv', '默认值', 'text', 76, '', '', '', '默认值', '', 0, 0, 0, '', '', 128, '', 'dv', 6),
(197, 'placeholder', 'Placeholder', 'text', 76, '', '', '', 'Placeholder', '', 0, 0, 0, '', '', 64, '', 'placeholder', 7),
(198, 'classes', '样式', 'text', 76, '', '', '', '样式', '', 0, 0, 0, '', '', 64, '', 'classes', 8),
(199, 'readonly_v', '只读', 'select', 76, '/data/boolean_type/read', '', '0', '只读', '', 0, 0, 0, '1', '0', 1, '', 'readlonlyV', 9),
(200, 'required_v', '必存', 'select', 76, '/data/boolean_type/read', '', '0', '必存', '', 0, 0, 0, '1', '0', 1, '', 'requiredV', 10),
(201, 'multiple_v', '多选', 'select', 76, '/data/boolean_type/read', '', '0', '多选', '', 0, 0, 0, '1', '0', 1, '', 'multipleV', 11),
(202, 'max', '最大', 'text', 76, '', '', '', '最大', '', 0, 0, 0, '', '', 32, '', 'max', 12),
(203, 'min', '最小', 'text', 76, '', '', '', '最小', '', 0, 0, 0, '', '', 32, '', 'min', 13),
(204, 'maxlength', '最长', 'number', 76, '', '', '', '最长', '', 0, 0, 0, '9999999999', '0', 10, '', 'maxlength', 14),
(205, 'ide', 'ID', 'text', 76, '', '', '', 'ID', '', 0, 0, 0, '', '', 64, '', 'ide', 15),
(206, 'form_type_v', '表单类型', 'select', 76, '/data/form_type/read', '', '', '表单类型', '', 0, 0, 0, '', '', 32, '', 'formTypeV', 16),
(207, 'form_type_v', '表单类型', 'select', 77, '/data/form_type/read', '', '', '表单类型', '', 0, 0, 0, '', '', 32, '', 'formTypeV', 1),
(208, 'ide', 'ID', 'text', 77, '', '', '', 'ID', '', 0, 0, 0, '', '', 64, '', 'ide', 2),
(209, 'maxlength', '最长', 'number', 77, '', '', '', '最长', '', 0, 0, 0, '9999999999', '0', 10, '', 'maxlength', 3),
(210, 'min', '最小', 'text', 77, '', '', '', '最小', '', 0, 0, 0, '', '', 32, '', 'min', 4),
(211, 'max', '最大', 'text', 77, '', '', '', '最大', '', 0, 0, 0, '', '', 32, '', 'max', 5),
(212, 'multiple_v', '多选', 'select', 77, '/data/boolean_type/read', '', '0', '多选', '', 0, 0, 0, '1', '0', 1, '', 'multipleV', 6),
(213, 'required_v', '必存', 'select', 77, '/data/boolean_type/read', '', '0', '必存', '', 0, 0, 0, '1', '0', 1, '', 'requiredV', 7),
(214, 'readonly_v', '只读', 'select', 77, '/data/boolean_type/read', '', '0', '只读', '', 0, 0, 0, '1', '0', 1, '', 'readonlyV', 8),
(215, 'classes', '样式', 'text', 77, '', '', '', '样式', '', 0, 0, 0, '', '', 64, '', 'classes', 9),
(216, 'placeholder', 'Placeholder', 'text', 77, '', '', '', 'Placeholder', '', 0, 0, 0, '', '', 64, '', 'placeholder', 10),
(217, 'dv', '默认值', 'text', 77, '', '', '', '默认值', '', 0, 0, 0, '', '', 128, '', 'dv', 11),
(218, 'query', 'Query', 'text', 77, '', '', '', '参数，变量，用-分割Uri 和Data，用,分割内部', '', 0, 0, 0, '', '', 64, '', 'query', 12),
(219, 'url', 'URL', 'text', 77, '', '', '', 'URL', '', 0, 0, 0, '', '', 128, '', 'url', 13),
(220, 'label', 'Label', 'text', 77, '', '', '', 'Label', '', 0, 1, 0, '', '', 64, '', 'label', 14),
(221, 'name', '名称', 'text', 77, '', '', '', '名称', '', 0, 1, 0, '', '', 64, '', 'name', 15),
(222, 'func_v', '功能V', 'hidden', 77, '', 'func_v', '', '功能V', '', 0, 0, 0, '9999', '1', 4, '', 'funcV', 16),
(223, 'menu_v', 'menu_v', 'hidden', 18, '', 'menu_v', '', 'menu_v', '', 0, 1, 0, '9999', '1', 4, '', 'menuV', 15),
(227, 'v', '#', 'hidden', 80, '', '', '', '#', '', 0, 1, 0, '9999', '1', 4, '', 'v', 1),
(228, 'name', '名称', 'text', 80, '', '', '', '名称', '', 0, 1, 0, '', '', 64, '', 'name', 2),
(229, 'label', 'Label', 'text', 80, '', '', '', 'Label', '', 0, 0, 0, '', '', 64, '', 'label', 3),
(230, 'classes', '样式', 'text', 80, '', '', '', '样式', '', 0, 0, 0, '', '', 64, '', 'classes', 4),
(231, 'dv', '默认值', 'text', 80, '', '', '', '默认值', '', 0, 0, 0, '', '', 128, '', 'dv', 5),
(232, 'displayorder', '显示顺序', 'text', 80, '', '', '', '显示顺序', '', 0, 1, 0, '9999', '1', 4, '', 'displayorder', 6),
(233, 'checked_v', '显示', 'select', 80, '/data/boolean_type/read', '', '1', '显示', '', 0, 0, 0, '1', '0', 1, '', 'checkedV', 7),
(234, 'checked_v', '显示', 'select', 81, '/data/boolean_type/read', '', '1', '显示', '', 0, 0, 0, '1', '0', 1, '', 'checkedV', 1),
(235, 'displayorder', '显示顺序', 'text', 81, '', '', '', '显示顺序', '', 0, 1, 0, '9999', '1', 4, '', 'displayorder', 2),
(236, 'dv', '默认值', 'text', 81, '', '', '', '默认值', '', 0, 0, 0, '', '', 128, '', 'dv', 3),
(237, 'classes', '样式', 'text', 81, '', '', '', '样式', '', 0, 0, 0, '', '', 64, '', 'classes', 4),
(238, 'label', 'Label', 'text', 81, '', '', '', 'Label', '', 0, 0, 0, '', '', 64, '', 'label', 5),
(239, 'name', '名称', 'text', 81, '', '', '', '名称', '', 0, 1, 0, '', '', 64, '', 'name', 6),
(240, 'card_v', '卡片V', 'hidden', 81, '', 'card_v', '', '卡片V', '', 0, 1, 0, '9999', '1', 4, '', 'cardV', 7),
(241, 'multiple_v', '多选', 'select', 25, '/data/boolean_type/read', '', '0', '多选', '', 0, 0, 0, '1', '0', 1, '', 'multipleV', 17),
(242, 'menu_v', '菜单V', 'hidden', 16, '', 'menu_v', '', '菜单V', '', 0, 1, 0, '9999', '1', 4, '', 'menuV', 16),
(243, 'directory', '目录', 'text', 85, '', '', '', '目录', '', 0, 0, 0, '', '', 64, '', '', 1),
(244, 'controller', '控制器', '', 85, '', '', '', '', '', 0, 1, 0, '', '', 64, '', '', 2),
(245, 'method', '方法', 'text', 85, '', '', '', '', '', 0, 0, 0, '', '', 64, '', '', 3),
(246, 'name', '名称', 'text', 85, '', '', '', '', '', 0, 0, 0, '', '', 64, '', '', 4),
(247, 'url', 'URL', 'text', 85, '', '', '', '', '', 0, 1, 0, '', '', 128, '', '', 5),
(248, 'url', 'URL', 'text', 22, '', '', '', '获取数据的URL', '', 0, 0, 0, '', '', 128, '', '', 6),
(249, 'url', 'URL', 'text', 20, '', '', '', '获取数据的URL', '', 0, 0, 0, '', '', 128, '', 'url', 6),
(250, 'directory', '目录', 'text', 86, '', '', '', '目录', '', 0, 0, 0, '', '', 64, '', 'directory', 1),
(251, 'controller', '控制器', 'text', 86, '', '', '', '控制器', '', 0, 1, 0, '', '', 64, '', 'controller', 2),
(252, 'method', '方法', 'text', 86, '', '', '', '方法', '', 0, 0, 0, '', '', 64, '', 'method', 3),
(253, 'name', '名称', 'text', 86, '', '', '', '名称', '', 0, 1, 0, '', '', 64, '', 'name', 4),
(254, 'url', 'URL', 'text', 86, '', '', '', 'URL', '', 0, 1, 0, '', '', 128, '', 'url', 5),
(255, 'v', '#', 'hidden', 85, '', '', '', '#', '', 0, 1, 0, '9999', '1', 4, '', 'v', 6),
(256, 'multiple_v', '多选', 'select', 27, '/data/boolean_type/read', '', '0', '多选', '', 0, 0, 0, '1', '0', 1, '', 'multipleV', 17),
(257, 'multiple_v', '多选', 'select', 28, '/data/boolean_type/read', '', '0', '多选', '', 0, 0, 0, '1', '0', 1, '', 'multipleV', 16),
(258, 'warehouse_area_num', '仓库名称', 'select', 34, '/warehouse/warehouse_area/read', '', '', '仓库名称', '', 0, 1, 0, '', '', 2, '', 'warehouseAreaNum', 6),
(259, 'warehouse_area_num', '仓库名称', 'select', 35, '/warehouse/warehouse_area/read', '', '', '仓库名称', '', 0, 1, 0, '', '', 2, '', 'warehouseAreaNum', 5),
(260, 'status', '状态', 'select', 35, '', '', '1', '状态', '', 0, 1, 0, '1', '0', 1, '', 'status', 6),
(262, 'label', 'Label', 'text', 9, '', '', '', 'Label', '', 0, 1, 0, '', '', 64, '', 'label', 11),
(263, 'label', 'Label', 'text', 14, '', '', '', 'Label', '', 0, 1, 0, '', '', 64, '', 'label', 10),
(264, 'warehouse_v_hand', '手动选择', 'select', 41, '/warehouse/warehouse/read', '', '', '手动选择', '', 0, 0, 1, '', '', 64, '', 'warehouseVHand', 3),
(267, 'query', 'Query', 'text', 28, '', '', '', 'Query', '', 0, 0, 0, '', '', 64, '', 'query', 17),
(268, 'query', 'Query', 'text', 27, '', '', '', 'Query', '', 0, 0, 0, '', '', 64, '', 'query', 18),
(269, 'min', '最小', 'text', 24, '', '', '', '最小', '', 0, 0, 0, '', '', 10, '', 'min', 13),
(270, 'max', '最大', 'text', 24, '', '', '', '最大', '', 0, 0, 0, '', '', 10, '', 'max', 14),
(271, 'maxlength', '最长', 'text', 24, '', '', '', '最长', '', 0, 0, 0, '', '', 32, '', 'maxlength', 15),
(272, 'pattern', '模式', 'text', 24, '', '', '', '模式', '', 0, 0, 0, '', '', 128, '', 'pattern', 16),
(273, 'ide', 'ID', 'text', 24, '', '', '', 'ID', '', 0, 0, 0, '', '', 64, '', 'ide', 17),
(274, 'v', '#', 'hidden', 99, '', '', '', '#', '', 0, 1, 0, '9999', '-9999', 4, '', 'v', 1),
(275, 'name', '名称', 'text', 99, '', '', '', '名称', '', 0, 1, 0, '', '', 64, '', 'name', 2),
(276, 'label', 'Label', 'text', 99, '', '', '', 'Label', '', 0, 1, 0, '', '', 64, '', 'label', 3),
(277, 'previous', '前置节点', 'text', 99, '', '', '', '前置节点', '', 0, 0, 0, '', '', 128, '', 'previous', 4),
(278, 'next', '后置节点', 'text', 99, '', '', '', '后置节点', '', 0, 0, 0, '', '', 128, '', 'next', 5),
(279, 'file', '执行文件', 'text', 99, '', '', '', '执行文件', '', 0, 1, 0, '', '', 64, '', 'file', 6),
(280, 'name', '名称', 'text', 100, '', '', '', '名称', '', 0, 1, 0, '', '', 64, '', 'name', 1),
(281, 'label', 'Label', 'text', 100, '', '', '', 'Label', '', 0, 1, 0, '', '', 64, '', 'label', 2),
(282, 'previous', '前置节点', 'text', 100, '', '', '', '前置节点', '', 0, 0, 0, '', '', 128, '', 'previous', 3),
(283, 'next', '后置节点', 'text', 100, '', '', '', '后置节点', '', 0, 0, 0, '', '', 128, '', 'next', 4),
(284, 'file', '执行文件', 'text', 100, '', '', '', '执行文件', '', 0, 0, 0, '', '', 64, '', 'file', 5),
(285, 'id', '编号', 'number', 100, '', '', '', '编号', '', 0, 1, 0, '9999', '-9999', 4, '', 'id', 6),
(286, 'id', '编号', 'number', 99, '', '', '', '编号', '', 0, 1, 0, '9999', '-9999', 4, '', 'id', 7),
(287, 'type', '类型', 'text', 100, '', '', '', '类型', '', 0, 1, 0, '', '', 64, '', 'type', 7),
(288, 'type', '类型', 'text', 99, '', '', '', '类型', '', 0, 1, 0, '', '', 64, '', 'type', 8),
(289, 'v', '#', 'hidden', 102, '', '', '', '#', '', 0, 1, 0, '', '', 128, '', 'v', 1),
(290, 'distribution', '分配', 'select', 102, '/manage/user/electronic_saw', '', '', '分配', '', 0, 1, 0, '9999999999', '1', 10, '', 'distribution', 2),
(291, 'batch_num', '批次号', 'text', 103, '', '', '', '批次号', '', 0, 1, 0, '', '', 64, '', 'batchNum', 1),
(292, 'board', '板材', 'text', 103, '', '', '', '板材', '', 0, 1, 0, '', '', 64, '', 'board', 2),
(293, 'num', '数量', 'text', 103, '', '', '', '数量', '', 0, 1, 0, '9999', '1', 4, '', 'num', 3),
(294, 'distribution', '分配', 'select', 103, '/manage/user/electronic_saw', '', '', '分配', '', 0, 0, 0, '9999999999', '1', 10, '', 'distribution', 4),
(297, 'v', '#', 'hidden', 109, '', '', '', '#', '', 0, 1, 0, '9999', '-9999', 4, '', 'v', 1),
(298, 'name', '名称', 'text', 109, '', '', '', '名称', '', 0, 1, 0, '', '', 64, '', 'name', 3),
(299, 'label', 'Label', 'text', 109, '', '', '', 'Label', '', 0, 1, 0, '', '', 64, '', 'label', 4),
(300, 'previous', '前置节点', 'text', 109, '', '', '', '前置节点', '', 0, 0, 0, '', '', 128, '', 'previous', 5),
(301, 'next', '后置节点', 'text', 109, '', '', '', '后置节点', '', 0, 0, 0, '', '', 128, '', 'next', 6),
(302, 'file', '执行文件', 'text', 109, '', '', '', '执行文件', '', 0, 1, 0, '', '', 64, '', 'file', 7),
(303, 'id', '编号', 'text', 109, '', '', '', '编号', '', 0, 1, 0, '9999', '-9999', 4, '', 'id', 2),
(305, 'name', '名称', 'text', 110, '', '', '', '名称', '', 0, 1, 0, '', '', 64, '', 'name', 2),
(306, 'label', 'Label', 'text', 110, '', '', '', 'Label', '', 0, 1, 0, '', '', 64, '', 'label', 3),
(307, 'previous', '前置节点', 'text', 110, '', '', '', '前置节点', '', 0, 0, 0, '', '', 128, '', 'previous', 4),
(308, 'next', '后置节点', 'text', 110, '', '', '', '后置节点', '', 0, 0, 0, '', '', 128, '', 'next', 5),
(309, 'file', '执行文件', 'text', 110, '', '', '', '执行文件', '', 0, 1, 0, '', '', 64, '', 'file', 6),
(310, 'id', '编号', 'text', 110, '', '', '', '编号', '', 0, 1, 0, '9999', '-9999', 4, '', 'id', 1),
(312, 'lazy_load', '懒加载', 'select', 20, '/data/boolean_type/read', '', '0', '懒加载', '', 0, 1, 0, '1', '0', 1, '', 'lazyLoad', 7),
(313, 'lazy_load', '懒加载', 'select', 22, '/data/boolean_type/read', '', '0', '懒加载', '', 0, 1, 0, '1', '0', 1, '', 'lazyLoad', 7),
(314, 'num', '编号', 'text', 122, '', '', '', '编号', '', 0, 1, 0, '', '', 2, '', 'num', 1),
(315, 'status', '状态', 'select', 122, '/data/boolean_type/read', '', '1', '状态', '', 0, 1, 0, '1', '0', 1, '', 'status', 2),
(316, 'v', '#', 'hidden', 121, '', '', '', '#', '', 0, 1, 0, '', '', 2, '', 'v', 1),
(317, 'num', '编号', 'text', 121, '', '', '', '编号', '', 0, 1, 0, '', '', 2, '', 'num', 2),
(318, 'status', '状态', 'text', 121, '/data/boolean_type/read', '', '', '1', '', 0, 1, 0, '1', '0', 1, '', 'status', 3),
(319, 'order_product_num', '所属订单编号', 'text', 126, '', '', '', '所属订单编号', '', 0, 1, 0, '', '', 64, '', 'orderProductNum', 1),
(320, 'product', '产品名称', 'text', 126, '', '', '', '产品名称', '', 0, 1, 0, '', '', 64, '', 'product', 2),
(321, 'pack', '包装数', 'text', 126, '', '', '', '包装数', '', 0, 1, 0, '9999', '1', 4, '', 'pack', 3),
(322, 'v', '#', 'hidden', 125, '', '', '', '#', '', 0, 1, 0, '9999999999', '1', 10, '', 'v', 1),
(323, 'product', '产品名称', 'text', 125, '', '', '', '产品名称', '', 0, 1, 0, '', '', 64, '', 'product', 2),
(324, 'pack', '包装数', 'text', 125, '', '', '', '包装数', '', 0, 1, 0, '9999', '1', 4, '', 'pack', 3),
(325, 'v', '#', 'hidden', 129, '', '', '', '#', '', 0, 1, 0, '', '', 128, '', 'v', 1),
(326, 'scan', '扫描人', 'select', 129, '/manage/user/sscanner', '', '', '扫描人', '', 0, 1, 0, '9999999999', '1', 10, '', 'scan', 3),
(327, 'v', '#', 'hidden', 130, '', '', '', '#', '', 0, 1, 0, '', '', 128, '', 'v', 1),
(328, 'ppacker', '打包人', 'select', 130, '/manage/user/ppacker', '', '', '打包人', '', 0, 1, 0, '9999999999', '1', 10, '', 'ppacker', 2),
(329, 'v', '#', 'hidden', 131, '', '', '', '#', '', 0, 1, 0, '', '', 128, '', 'v', 1),
(330, 'distribution', '分配到状态', 'select', 131, '/workflow/workflow_order_product_board/produce_door_distribution', '', '', '分配到状态', '', 0, 1, 0, '9999', '1', 4, '', 'distribution', 2),
(331, 'v', '#', 'hidden', 132, '', '', '', '#', '', 0, 1, 0, '', '', 128, '', 'v', 1),
(332, 'distribution', '分配到状态', 'select', 132, '/workflow/workflow_order_product_board/produce_wood_distribution', '', '', '分配到状态', '', 0, 1, 0, '9999', '-9999', 4, '', 'distribution', 2),
(333, 'v', '#', 'hidden', 133, '', '', '', '#', '', 0, 1, 0, '9999999999', '1', 10, '', 'v', 1),
(334, 'name', '名称', 'text', 133, '', '', '', '名称', '', 0, 1, 0, '', '', 64, '', 'name', 3),
(335, 'label', 'Label', 'text', 133, '', '', '', 'Label', '', 0, 1, 0, '', '', 64, '', 'label', 4),
(336, 'config', '值', 'text', 133, '', '', '', '值', '', 0, 1, 0, '', '', 1024, '', 'configs', 5),
(337, 'config', '值', 'text', 134, '', '', '', '值', '', 0, 1, 0, '', '', 1024, '', 'configs', 5),
(338, 'v', '#', 'hidden', 134, '', '', '', '#', '', 0, 1, 0, '9999999999', '1', 10, '', 'v', 1),
(339, 'name', '名称', 'text', 134, '', '', '', '名称', '', 0, 1, 0, '', '', 64, '', 'name', 3),
(340, 'label', 'Label', 'text', 134, '', '', '', 'Label', '', 0, 1, 0, '', '', 64, '', 'label', 4),
(341, 'group_no', '组内编号', 'number', 47, '', '', '', '组内编号', '', 0, 0, 0, '99', '1', 2, '', 'groupNo', 7),
(342, 'group_no', '组内编号', 'number', 48, '', '', '', '组内编号', '', 0, 0, 0, '99', '1', 2, '', 'groupNo', 6),
(343, 'v', '#', 'hidden', 141, '', '', '', '#', '', 0, 1, 0, '9999999999', '1', 10, '', 'v', 1),
(344, 'name', '名称', 'text', 141, '', '', '', '名称', '', 0, 1, 0, '', '', 64, '', 'name', 3),
(345, 'company_type', '企业类型', 'select', 141, '/data/company_type/read', '', '', '企业类型', '', 0, 1, 0, '', '', 32, '', 'companyType', 4),
(346, 'area_id', '地区', 'select', 141, '/data/area/read', '', '', '地区', '', 0, 1, 0, '9999999999', '1', 10, '', 'areaId', 5),
(347, 'address', '地址', 'text', 141, '', '', '', '地址', '', 0, 0, 0, '', '', 64, '', 'address', 6),
(348, 'payterms', '支付条款', 'select', 141, '/data/payterms/read', '', '', '支付条款', '', 0, 1, 0, '', '', 64, '', 'payterms', 7),
(349, 'remark', '备注', 'textarea', 141, '', '', '', '备注', '', 0, 0, 0, '', '', 128, '', 'remark', 9),
(350, 'name', '名称', 'text', 149, '', '', '', '名称', '', 0, 1, 0, '', '', 64, '', 'name', 1),
(351, 'shop', '店面名称', 'text', 149, '', '', '', '店面名称', '', 0, 0, 0, '', '', 128, '', 'shop', 3),
(352, 'company_type', '企业类型', 'select', 149, '/data/company_type/read', '', '实体店面', '企业类型', '', 0, 1, 0, '', '', 32, '', 'companyType', 4),
(353, 'area_id', '所在地区', 'select', 149, '/data/area/read', '', '', '所在地区', '', 0, 1, 0, '10', '1', 10, '', 'areaId', 5),
(354, 'address', '详细地址', 'text', 149, '', '', '', '详细地址', '', 0, 0, 0, '', '', 64, '', 'address', 6),
(355, 'payterms', '支付条款', 'select', 149, '/data/payterms/read', '', '款到生产', '支付条款', '', 0, 1, 0, '', '', 64, '', 'payterms', 7),
(356, 'remark', '备注', 'textarea', 149, '', '', '', '备注', '', 0, 0, 0, '', '', 128, '', 'remark', 9),
(357, 'dealer_delivery_linker', '收货人', 'text', 149, '', '', '', '收货人', '', 0, 0, 0, '', '', 32, '', 'dealerDeliveryLinker', 10),
(358, 'dealer_delivery_phone', '收货电话', 'text', 149, '', '', '', '收货电话', '', 0, 0, 0, '', '', 64, '', 'dealerDeliveryPhone', 11),
(359, 'dealer_delivery_area_id', '收货地区', 'select', 149, '/data/area/read', '', '', '收货地区', '', 0, 0, 0, '9999999999', '1', 10, '', 'dealerDeliveryAreaId', 12),
(360, 'dealer_delivery_address', '收货地址', 'text', 149, '', '', '', '收货地址', '', 0, 0, 0, '', '', 64, '', 'dealerDeliveryAddress', 13),
(361, 'dealer_delivery_logistics', '要求物流', 'select', 149, '/data/logistics/read', '', '', '要求物流', '', 0, 0, 0, '', '', 64, '', 'dealerDeliveryLogistics', 14),
(362, 'dealer_delivery_out_method', '出厂方式', 'select', 149, '/data/out_method/read', '', '发货物流', '出厂方式', '', 0, 1, 0, '', '', 64, '', 'dealerDeliveryOutMethod', 15),
(363, 'dealer_linker_name', '联系人用户名', 'text', 149, '', '', '', '联系人用户名', '', 0, 1, 0, '', '', 32, '', 'dealerLinkerName', 16),
(364, 'dealer_linker_mobilephone', '联系人移动电话', 'text', 149, '', '', '', '联系人移动电话', '', 0, 1, 0, '', '', 16, '', 'dealerLinkerMobilephone', 17),
(365, 'dealer_linker_telephone', '联系人固话', 'text', 149, '', '', '', '联系人固话', '', 0, 0, 0, '', '', 16, '', 'dealerLinkerTelephone', 18),
(366, 'dealer_linker_email', '联系人Email', 'text', 149, '', '', '', '联系人Email', '', 0, 0, 0, '', '', 64, '', 'dealerLinkerEmail', 19),
(367, 'dealer_linker_qq', '联系人QQ', 'text', 149, '', '', '', '联系人QQ', '', 0, 0, 0, '', '', 16, '', 'dealerLinkerQq', 20),
(368, 'dealer_linker_fax', '联系人传真', 'text', 149, '', '', '', '联系人传真', '', 0, 0, 0, '', '', 16, '', 'dealerLinkerFax', 21),
(369, 'dealer_linker_truename', '真实姓名', 'text', 149, '', '', '', '真实姓名', '', 0, 1, 0, '', '', 64, '', 'dealer_linker_truename', 22),
(370, 'dealer_linker_position', '职位', 'select', 149, '/data/position/read', '', '', '职位', '', 0, 0, 0, '', '', 64, '', 'dealer_linker_position', 23),
(371, 'public', '公共池', 'hidden', 149, '', '', '1', '公共池', '', 0, 1, 0, '1', '0', 1, '', 'public', 24),
(372, 'name', '店面名称', 'text', 157, '', '', '', '店面名称', '', 0, 1, 0, '', '', 128, '', 'name', 1),
(373, 'area_id', '所在地区', 'select', 157, '/data/area/read', '', '', '所在地区', '', 0, 1, 0, '9999999999', '1', 10, '', 'areaId', 2),
(374, 'address', '详细地址', 'text', 157, '', '', '', '详细地址', '', 0, 0, 0, '', '', 64, '', 'address', 3),
(375, 'remark', '备注', 'textarea', 157, '', '', '', '备注', '', 0, 0, 0, '', '', 218, '', 'remark', 4),
(376, 'dealer_linker_name', '联系人用户名', 'text', 157, '', '', '', '联系人用户名', '', 0, 0, 0, '', '', 32, '', 'dealerLinkerName', 5),
(377, 'dealer_linker_truename', '真实姓名', 'text', 157, '', '', '', '真实姓名', '', 0, 0, 0, '', '', 64, '', 'dealerLinkerTruename', 6),
(378, 'dealer_linker_mobilephone', '移动电话', 'text', 157, '', '', '', '移动电话', '', 0, 0, 0, '', '', 16, '', 'dealerLinkerMobilephone', 7),
(379, 'dealer_linker_telephone', '座机', 'text', 157, '', '', '', '座机', '', 0, 0, 0, '', '', 16, '', 'dealerLinkerTelephone', 8),
(380, 'dealer_linker_email', 'Email', 'text', 157, '', '', '', 'Email', '', 0, 0, 0, '', '', 64, '', 'dealerLinkerEmail', 9),
(381, 'dealer_linker_qq', 'QQ', 'text', 157, '', '', '', 'QQ', '', 0, 0, 0, '', '', 16, '', 'dealerLinkerQq', 10),
(382, 'dealer_linker_fax', 'Fax', 'text', 157, '', '', '', 'Fax', '', 0, 0, 0, '', '', 16, '', 'dealerLinkerFax', 11),
(383, 'dealer_linker_position', '职位', 'select', 157, '/data/position/read', '', '', '职位', '', 0, 0, 0, '', '', 64, '', 'dealerLinkerPosition', 12),
(384, 'dealer_delivery_linker', '收货人', 'text', 157, '', '', '', '收货人', '', 0, 0, 0, '', '', 32, '', 'dealerDeliveryLinker', 13),
(385, 'dealer_delivery_phone', '收货电话', 'text', 157, '', '', '', '收货电话', '', 0, 0, 0, '', '', 64, '', 'dealerDeliveryPhone', 14),
(386, 'dealer_delivery_area_id', '收货地区', 'text', 157, '/data/area/read', '', '', '收货地区', '', 0, 0, 0, '9999999999', '1', 10, '', 'dealerDeliveryAreaId', 15),
(387, 'dealer_delivery_address', '收货地址', 'text', 157, '', '', '', '收货地址', '', 0, 0, 0, '', '', 64, '', 'dealerDeliveryAddress', 16),
(388, 'dealer_delivery_logistics', '要求物流', 'select', 157, '/data/logistics/read', '', '', '要求物流', '', 0, 0, 0, '', '', 64, '', 'dealerDeliveryLogistics', 17),
(389, 'dealer_delivery_out_method', '出厂方式', 'select', 157, '/data/out_method/read', '', '', '出厂方式', '', 0, 0, 0, '', '', 64, '', 'dealerDeliveryOutMethod', 18),
(390, 'v', '#', 'hidden', 154, '', '', '', '#', '', 0, 1, 0, '9999999999', '1', 10, '', 'v', 1),
(391, 'name', '店面名称', 'text', 154, '', '', '', '店面名称', '', 0, 1, 0, '', '', 128, '', 'name', 2),
(392, 'area_id', '所在地区', 'select', 154, '/data/area/read', '', '', '选择所在地区', '', 0, 1, 0, '9999999999', '1', 10, '', 'areaId', 3),
(393, 'dealer_id', '经销商', 'hidden', 157, '', 'v', '', '经销商', '', 0, 1, 0, '9999999999', '1', 10, '', 'dealerId', 19),
(394, 'address', '详细地址', 'text', 154, '', '', '', '详细地址', '', 0, 0, 0, '', '', 64, '', 'address', 4),
(395, 'remark', '备注', 'textarea', 154, '', '', '', '备注', '', 0, 0, 0, '', '', 128, '', 'remark', 5),
(396, 'name', '用户名', 'text', 161, '', '', '', '用户名', '', 0, 1, 0, '', '', 32, '', 'name', 1),
(397, 'truename', '真实姓名', 'text', 161, '', '', '', '真实姓名', '', 0, 1, 0, '', '', 64, '', 'truename', 2),
(398, 'password', '密码', 'password', 161, '', '', '', '密码', '', 0, 1, 0, '', '', 16, '', 'password', 3),
(399, 'position', '职位', 'select', 161, '/data/position/read', '', '', '职位', '', 0, 0, 0, '', '', 64, '', 'position', 4),
(400, 'mobilephone', '移动电话', 'tel', 161, '', '', '', '移动电话', '', 0, 1, 0, '', '', 16, '', 'mobilephone', 5),
(401, 'telephone', '座机', 'tel', 161, '', '', '', '座机', '', 0, 0, 0, '', '', 16, '', 'telephone', 6),
(402, 'email', 'Email', 'email', 161, '', '', '', 'Email', '', 0, 0, 0, '', '', 64, '', 'email', 7),
(403, 'qq', 'QQ', 'number', 161, '', '', '', 'QQ', '', 0, 0, 0, '', '', 16, '', 'qq', 8),
(404, 'fax', 'Fax', 'number', 161, '', '', '', 'Fax', '', 0, 0, 0, '', '', 16, '', 'fax', 9),
(405, 'primary', '首要联系人', 'select', 161, '/data/boolean_type/read', '', '0', '首要联系人', '', 0, 1, 0, '1', '0', 1, '', 'primary', 10),
(406, 'v', '#', 'hidden', 160, '', '', '', '#', '', 0, 1, 0, '9999999999', '1', 10, '', 'v', 1),
(407, 'name', '用户名', 'text', 160, '', '', '', '用户名', '', 0, 1, 0, '', '', 32, '', 'name', 2),
(408, 'password', '密码', 'password', 160, '', '', '', '密码', '', 0, 0, 0, '', '', 16, '', 'password', 3),
(409, 'truename', '真实姓名', 'text', 160, '', '', '', '真实姓名', '', 0, 1, 0, '', '', 64, '', 'truename', 4),
(410, 'position', '职位', 'select', 160, '/data/position/read', '', '', '职位', '', 0, 0, 0, '', '', 64, '', 'position', 5),
(411, 'mobilephone', '移动电话', 'tel', 160, '', '', '', '移动电话', '', 0, 1, 0, '', '', 16, '', 'mobilephone', 6),
(412, 'telephone', '座机', 'tel', 160, '', '', '', '座机', '', 0, 0, 0, '', '', 16, '', 'telephone', 7),
(413, 'email', 'Email', 'email', 160, '', '', '', 'Email', '', 0, 0, 0, '', '', 64, '', 'email', 8),
(414, 'qq', 'QQ', 'number', 160, '', '', '', 'QQ', '', 0, 0, 0, '', '', 16, '', 'qq', 9),
(415, 'fax', 'Fax', 'text', 160, '', '', '', 'Fax', '', 0, 0, 0, '', '', 16, '', 'fax', 10),
(416, 'primary', '首要联系人', 'select', 160, '/data/boolean_type/read', '', '0', '首要联系人', '', 0, 1, 0, '1', '0', 1, '', 'primary', 11),
(417, 'dealer_id', '客户', 'hidden', 161, '', 'v', '', '客户', '', 0, 1, 0, '9999999999', '1', 10, '', 'dealerId', 11),
(418, 'dealer_id', '客户', 'hidden', 160, '', '', '', '客户', '', 0, 1, 0, '9999999999', '1', 10, '', 'dealerId', 12),
(419, 'linker', '联系人', 'text', 164, '', '', '', '联系人', '', 0, 1, 0, '', '', 32, '', 'linker', 1),
(420, 'phone', '联系方式', 'tel', 164, '', '', '', '联系方式', '', 0, 1, 0, '', '', 64, '', 'phone', 2),
(421, 'area_id', '收货地区', 'select', 164, '/data/area/read', '', '', '收货地区', '', 0, 1, 0, '9999999999', '1', 10, '', 'areaId', 3),
(422, 'address', '详细地址', 'select', 164, '', '', '', '详细地址', '', 0, 0, 0, '', '', 64, '', 'address', 4),
(423, 'logistics', '要求物流', 'select', 164, '', '', '', '要求物流', '', 0, 0, 0, '', '', 64, '', 'logistics', 5),
(424, 'out_method', '出厂方式', 'select', 164, '/data/out_method/read', '', '款到生产', '出厂方式', '', 0, 1, 0, '', '', 64, '', 'outMethod', 6),
(425, 'primary', '首要', 'select', 164, '/data/boolean_type/read', '', '0', '首要', '', 0, 1, 0, '1', '0', 1, '', 'primary', 7),
(426, 'dealer_id', '客户', 'hidden', 164, '', 'v', '', '客户', '', 0, 1, 0, '9999999999', '1', 10, '', 'dealerId', 8),
(427, 'v', '#', 'hidden', 163, '', '', '', '#', '', 0, 1, 0, '9999999999', '1', 10, '', 'v', 1),
(428, 'dealer_id', '客户#', 'hidden', 163, '', '', '', '客户#', '', 0, 1, 0, '9999999999', '1', 10, '', 'dealerId', 2),
(429, 'linker', '联系人', 'text', 163, '', '', '', '联系人', '', 0, 1, 0, '', '', 32, '', 'linker', 3),
(430, 'phone', '联系电话', 'tel', 163, '', '', '', '联系电话', '', 0, 1, 0, '', '', 64, '', 'phone', 4),
(431, 'area_id', '所在地区', 'select', 163, '/data/area/read', '', '', '所在地区', '', 0, 1, 0, '9999999999', '1', 10, '', 'areaId', 5),
(432, 'address', '详细地址', 'text', 163, '', '', '', '详细地址', '', 0, 0, 0, '', '', 64, '', 'address', 6),
(433, 'logistics', '要求物流', 'select', 163, '', '', '', '要求物流', '', 0, 0, 0, '', '', 64, '', 'logistics', 7),
(434, 'out_method', '出厂方式', 'select', 163, '/data/out_method/read', '', '发货物流', '出厂方式', '', 0, 1, 0, '', '', 64, '', 'outMethod', 8),
(435, 'primary', '首要', 'select', 163, '/data/boolean_type/read', '', '0', '首要', '', 0, 1, 0, '1', '0', 1, '', 'primary', 9),
(436, 'v', '#', 'hidden', 166, '', '', '', '#', '', 0, 1, 0, '9999999999', '1', 10, '', 'v', 1),
(437, 'dealer_id', '#', 'hidden', 166, '', '', '', '#', '', 0, 1, 0, '9999999999', '1', 10, '', 'dealerId', 2),
(438, 'primary', '销售经理', 'select', 166, '/data/boolean_type/read', '', '', '销售经理', '', 0, 1, 0, '1', '0', 1, '', 'primary', 3),
(439, 'dealer_id', '客户#', 'hidden', 167, '', 'v', '', '客户#', '', 0, 1, 0, '9999999999', '1', 10, '', 'dealerId', 1),
(440, 'owner_id', '属主', 'select', 167, '/manage/user/read', '', '', '属主', '', 0, 1, 0, '9999999999', '1', 10, '', 'ownerId', 2),
(441, 'primary', '销售经理', 'select', 167, '/data/boolean_type/read', '', '0', '销售经理', '', 0, 1, 0, '1', '0', 1, '', 'primary', 3),
(442, 'owner_id', '客服#', 'hidden', 166, '', '', '', '客服#', '', 0, 1, 0, '9999999999', '1', 10, '', 'ownerId', 4),
(443, 'dealer_id', '客户#', 'hidden', 169, '', 'dealer_id', '', '客户#', '', 0, 1, 0, '9999999999', '1', 10, '', 'dealerId', 1),
(444, 'shop_id', '店面', 'select', 169, '/dealer/shop/read', 'shop_id-dealer_id', '', '店面', '', 0, 1, 0, '9999999999', '1', 10, '', 'shopId', 2),
(445, 'track_title', '主题', 'select', 169, '/data/track_title/read', '', '', '主题', '', 0, 1, 0, '', '', 128, '', 'trackTitle', 3),
(446, 'track', '内容', 'textarea', 169, '', '', '', '内容', '', 0, 1, 0, '', '', 1024, '', 'track', 4),
(447, 'dealer_linker_id', '联系人', 'select', 170, '/dealer/dealer_linker/read', '-dealer_id', '', '选择联系人', '', 0, 1, 0, '9999999999', '1', 10, '', 'dealerLinkerId', 1),
(448, 'shop_id', '店面#', 'hidden', 170, '', 'shop_id', '', '店面#', '', 0, 1, 0, '9999999999', '1', 10, '', 'shopId', 2),
(449, 'primary', '首要联系人', 'select', 170, '/data/boolean_type/read', '', '0', '首要联系人', '', 0, 1, 0, '1', '0', 1, '', 'primary', 3),
(450, 'v', '#', 'hidden', 172, '', '', '', '#', '', 0, 1, 0, '9999999999', '1', 10, '', 'v', 1),
(451, 'shop_id', '店面#', 'hidden', 172, '', '', '', '店面#', '', 0, 1, 0, '9999999999', '1', 10, '', 'shopId', 2),
(452, 'dealer_linker_id', '联系人#', 'hidden', 172, '', '', '', '联系人#', '', 0, 1, 0, '9999999999', '1', 10, '', 'dealerLinkerId', 3),
(453, 'primary', '首要联系人', 'select', 172, '/data/boolean_type/read', '', '', '首要联系人', '', 0, 1, 0, '1', '0', 1, '', 'primary', 4),
(454, 'dealer_id', '客户#', 'hidden', 171, '', 'dealer_id', '', '客户#', '', 0, 1, 0, '9999999999', '1', 10, '', 'dealerId', 1),
(455, 'shop_id', '店面#', 'hidden', 171, '', 'shop_id', '', '店面', '', 0, 1, 0, '9999999999', '1', 10, '', 'shopId', 2),
(456, 'name', '用户名', 'text', 171, '', '', '', '用户名', '', 0, 1, 0, '', '', 32, '', 'name', 3),
(457, 'password', '密码', 'password', 171, '', '', '', '密码', '', 0, 1, 0, '', '', 16, '', 'password', 4),
(458, 'truename', '真实姓名', 'text', 171, '', '', '', '真实姓名', '', 0, 1, 0, '', '', 64, '', 'truename', 5),
(459, 'position', '职位', 'select', 171, '/data/position/read', '', '', '职位', '', 0, 0, 0, '', '', 64, '', 'position', 6),
(460, 'mobilephone', '移动电话', 'tel', 171, '', '', '', '移动电话', '', 0, 1, 0, '', '', 16, '', 'mobilephone', 7),
(461, 'telephone', '座机', 'tel', 171, '', '', '', '座机', '', 0, 0, 0, '', '', 16, '', 'telephone', 8),
(462, 'email', 'Email', 'email', 171, '', '', '', 'Email', '', 0, 0, 0, '', '', 64, '', 'email', 9),
(463, 'qq', 'QQ', 'number', 171, '', '', '', 'QQ', '', 0, 0, 0, '', '', 16, '', 'qq', 10),
(464, 'fax', 'Fax', 'text', 171, '', '', '', 'Fax', '', 0, 0, 0, '', '', 16, '', 'fax', 11),
(465, 'primary', '首要联系人', 'select', 171, '/data/boolean_type/read', '', '0', '首要联系人', '', 0, 1, 0, '1', '0', 1, '', 'primary', 12),
(466, 'v', '#', 'hidden', 174, '', '', '', '#', '', 0, 1, 0, '9999999999', '1', 10, '', 'v', 1),
(467, 'dealer_delivery_id', '客户收货#', 'hidden', 174, '', '', '', '客户', '', 0, 1, 0, '9999999999', '1', 10, '', 'dealerDeliveryId', 2),
(468, 'shop_id', '店面#', 'hidden', 174, '', '', '', '店面#', '', 0, 1, 0, '9999999999', '1', 10, '', 'shopId', 3),
(469, 'primary', '首要收货', 'select', 174, '/data/boolean_type/read', '', '', '首要收货', '', 0, 1, 0, '1', '0', 1, '', 'primary', 4),
(470, 'dealer_delivery_id', '客户收货', 'select', 175, '/dealer/dealer_delivery/read', '-dealer_id', '', '客户收货', '', 0, 1, 0, '9999999999', '1', 10, '', 'dealerDeliveryId', 1),
(471, 'primary', '首要收货', 'select', 175, '/data/boolean_type/read', '', '', '首要收货', '', 0, 1, 0, '1', '0', 1, '', 'primary', 2),
(472, 'shop_id', '店面#', 'hidden', 175, '', 'shop_id', '', '店面#', '', 0, 1, 0, '9999999999', '1', 10, '', 'shopId', 3),
(473, 'dealer_id', '客户#', 'hidden', 176, '', 'dealer_id', '', '客户#', '', 0, 1, 0, '9999999999', '1', 10, '', 'dealerId', 1),
(474, 'shop_id', '店面#', 'hidden', 176, '', 'shop_id', '', '店面#', '', 0, 1, 0, '9999999999', '1', 10, '', 'shopId', 2),
(475, 'linker', '收货联系人', 'text', 176, '', '', '', '收货联系人', '', 0, 1, 0, '', '', 32, '', 'linker', 3),
(476, 'phone', '联系方式', 'tel', 176, '', '', '', '联系方式', '', 0, 1, 0, '', '', 64, '', 'phone', 4),
(477, 'area_id', '收货地区', 'select', 176, '/data/area/read', '', '', '收货地区', '', 0, 1, 0, '9999999999', '1', 10, '', 'areaId', 5),
(478, 'address', '详细地址', 'text', 176, '', '', '', '详细地址', '', 0, 0, 0, '', '', 64, '', 'address', 6),
(479, 'logistics', '要求物流', 'select', 176, '/data/logistics/read', '', '', '要求物流', '', 0, 0, 0, '', '', 64, '', 'logistics', 7),
(480, 'out_method', '出厂方式', 'select', 176, '/data/out_method/read', '', '发货物流', '出厂方式', '', 0, 1, 0, '', '', 64, '', 'outMethod', 8),
(481, 'primary', '首要收货', 'select', 176, '/data/boolean_type/read', '', '0', '首要收货', '', 0, 1, 0, '1', '0', 1, '', 'primary', 9),
(482, 'v', '#', 'hidden', 178, '', '', '', '#', '', 0, 1, 0, '9999999999', '1', 10, '', 'v', 1),
(483, 'name', '名称', 'text', 178, '', '', '', '名称', '', 0, 1, 0, '', '', 6, '', 'name', 3),
(484, 'company_type', '企业类型', 'select', 178, '/data/company_type/read', '', '', '企业类型', '', 0, 1, 0, '', '', 32, '', 'companyType', 4),
(485, 'area_id', '所在地区', 'select', 178, '/data/area/read', '', '', '所在地区', '', 0, 1, 0, '9999999999', '1', 10, '', 'areaId', 5),
(486, 'address', '详细地址', 'text', 178, '', '', '', '详细地址', '', 0, 0, 0, '', '', 64, '', 'address', 6),
(487, 'payterms', '支付条款', 'select', 178, '/data/payterms/read', '', '', '支付条款', '', 0, 1, 0, '', '', 64, '', 'payterms', 7);
INSERT INTO `j_form` (`f_id`, `f_name`, `f_label`, `f_form_type`, `f_func_id`, `f_url`, `f_query`, `f_dv`, `f_placeholder`, `f_classes`, `f_readonly`, `f_required`, `f_multiple`, `f_max`, `f_min`, `f_maxlength`, `f_pattern`, `f_ide`, `f_displayorder`) VALUES
(488, 'remark', '备注', 'textarea', 178, '', '', '', '备注', '', 0, 0, 0, '', '', 128, '', 'remark', 9),
(489, 'name', '名称', 'text', 188, '', '', '', '名称', '', 0, 1, 0, '', '', 64, '', 'name', 1),
(490, 'shop', '店面名称', 'text', 188, '', '', '', '店面名称', '', 0, 0, 0, '', '', 128, '', 'shop', 3),
(491, 'company_type', '企业类型', 'select', 188, '/data/company_type/read', '', '实体店面', '企业类型', '', 0, 1, 0, '', '', 64, '', 'companyType', 4),
(492, 'area_id', '所在地区', 'select', 188, '/data/area/read', '', '', '所在地区', '', 0, 1, 0, '', '', 10, '', 'areaId', 5),
(493, 'address', '详细地址', 'text', 188, '', '', '', '详细地址', '', 0, 0, 0, '', '', 64, '', 'address', 6),
(494, 'payterms', '支付条款', 'select', 188, '/data/payterms/read', '', '款到生产', '支付条款', '', 0, 1, 0, '', '', 64, '', 'payterms', 7),
(495, 'remark', '备注', 'textarea', 188, '', '', '', '备注', '', 0, 0, 0, '', '', 128, '', 'remark', 9),
(496, 'dealer_linker_name', '联系人用户名', 'text', 188, '', '', '', '联系人用户名', '', 0, 1, 0, '', '', 32, '', 'deliveryLinkerName', 10),
(497, 'dealer_linker_mobilephone', '联系人移动电话', 'tel', 188, '', '', '', '联系人移动电话', '', 0, 1, 0, '', '', 16, '', 'deliveryLinkerMobilephone', 12),
(498, 'dealer_linker_telephone', '联系人固话', 'tel', 188, '', '', '', '联系人固话', '', 0, 0, 0, '', '', 16, '', 'deliveryLinkerTelephone', 13),
(499, 'dealer_linker_email', '联系人Email', 'email', 188, '', '', '', '联系人Email', '', 0, 0, 0, '', '', 64, '', 'deliveryLinkerEmail', 14),
(500, 'dealer_linker_qq', '联系人QQ', 'number', 188, '', '', '', '联系人QQ', '', 0, 0, 0, '', '', 16, '', 'deliveryLinkerQq', 15),
(501, 'dealer_linker_fax', '联系人Fax', 'text', 188, '', '', '', '联系人Fax', '', 0, 0, 0, '', '', 16, '', 'deliveryLinkerfax', 16),
(502, 'dealer_linker_truename', '真实姓名', 'text', 188, '', '', '', '真实姓名', '', 0, 1, 0, '', '', 64, '', 'deliveryLinkerTruename', 11),
(503, 'dealer_linker_position', '职位', 'select', 188, '/data/position/read', '', '', '职位', '', 0, 0, 0, '', '', 64, '', 'dealerLinkerPosition', 17),
(504, 'dealer_delivery_linker', '收货联系人', 'text', 188, '', '', '', '收货联系人', '', 0, 0, 0, '', '', 32, '', 'dealerDeliveryLinker', 18),
(505, 'dealer_delivery_phone', '收货联系方式', 'text', 188, '', '', '', '收货联系方式', '', 0, 0, 0, '', '', 64, '', 'dealerDeliveryPhone', 19),
(506, 'dealer_delivery_area_id', '收货地区', 'select', 188, '/data/area/read', '', '', '收货地区', '', 0, 0, 0, '9999999999', '1', 10, '', 'dealerDeliveryAreaId', 20),
(507, 'dealer_delivery_address', '收货地址', 'text', 188, '', '', '', '收货地址', '', 0, 0, 0, '', '', 64, '', 'dealerDeliveryAddress', 21),
(508, 'dealer_delivery_logistics', '要求物流', 'select', 188, '/data/logistics/read', '', '', '要求物流', '', 0, 0, 0, '', '', 64, '', 'dealerDeliveryLogistics', 22),
(509, 'dealer_delivery_out_method', '出厂方式', 'select', 188, '/data/out_method/read', '', '发货物流', '出厂方式', '', 0, 1, 0, '', '', 64, '', 'dealerDeliveryOutMethod', 23),
(510, 'public', 'public', 'hidden', 188, '', '', '0', 'public', '', 0, 1, 0, '1', '0', 1, '', 'public', 24),
(511, 'card_id', '卡片#', 'hidden', 80, '', '', '', '卡片#', '', 0, 1, 0, '9999999999', '1', 10, '', 'cardId', 10),
(512, 'displayorder', '显示顺序', 'number', 76, '', '', '', '显示顺序', '', 0, 0, 0, '9999999999', '1', 4, '', 'displayorder', 17),
(513, 'displayorder', '显示顺序', 'number', 77, '', '', '', '显示顺序', '', 0, 0, 0, '9999999999', '1', 4, '', 'displayorder', 17),
(514, 'func_id', '功能#', 'hidden', 76, '', '', '', '功能#', '', 0, 1, 0, '9999999999', '1', 10, '', 'funcId', 18),
(515, 'num', '编号', 'text', 141, '', '', '', '编号', '', 0, 0, 0, '', '', 64, '', 'num', 2),
(516, 'num', '编号', 'text', 149, '', '', '', '编号', '', 0, 0, 0, '', '', 64, '', 'num', 2),
(517, 'num', '编号', 'text', 178, '', '', '', '编号', '', 0, 1, 0, '', '', 64, '', 'num', 2),
(518, 'num', '编号', 'text', 188, '', '', '', '编号', '', 0, 1, 0, '', '', 64, '', 'num', 2),
(519, 'down_payment', '首付比例', 'number', 141, '', '', '1', '首付比例', '', 0, 1, 0, '1', '0.3', 5, '', 'downPayment', 8),
(520, 'down_payment', '首付比例', 'number', 149, '', '', '1', '首付比例', '', 0, 1, 0, '1', '0.3', 5, '', 'downPayment', 8),
(521, 'down_payment', '首付比例', 'number', 178, '', '', '1', '首付比例', '', 0, 1, 0, '1.0', '0.3', 5, '', 'downPayment', 8),
(522, 'down_payment', '首付比例', 'number', 188, '', '', '1', '首付比例', '', 0, 1, 0, '1.0', '0.3', 5, '', 'downPayment', 8),
(523, 'displayorder', '显示顺序', 'number', 27, '', '', '', '显示顺序', '', 0, 0, 0, '9999999999', '1', 10, '', 'displayorder', 19),
(524, 'displayorder', '显示顺序', 'number', 28, '', '', '', '显示顺序', '', 0, 0, 0, '9999999999', '1', 10, '', 'displayorder', 18),
(525, 'form_page_id', '表单页面#', 'hidden', 27, '', '', '', '表单页面#', '', 0, 1, 0, '9999999999', '1', 10, '', 'formPageId', 2),
(526, 'v', '#', 'hidden', 189, '', '', '', '#', '', 0, 1, 0, '9999', '-9999', 4, '', 'v', 1),
(527, 'name', '名称', 'text', 189, '', '', '', '名称', '', 0, 1, 0, '', '', 64, '', 'name', 3),
(528, 'label', 'Label', 'text', 189, '', '', '', 'Label', '', 0, 1, 0, '', '', 64, '', 'label', 4),
(529, 'previous', '前置节点', 'text', 189, '', '', '', '前置节点', '', 0, 0, 0, '', '', 128, '', 'previous', 5),
(530, 'next', '后置节点', 'text', 189, '', '', '', '后置节点', '', 0, 0, 0, '', '', 128, '', 'next', 6),
(531, 'file', '执行文件', 'text', 189, '', '', '', '执行文件', '', 0, 1, 0, '', '', 64, '', 'file', 7),
(532, 'name', '名称', 'text', 190, '', '', '', '名称', '', 0, 1, 0, '', '', 64, '', 'name', 2),
(533, 'label', 'Label', 'text', 190, '', '', '', 'Label', '', 0, 1, 0, '', '', 64, '', 'label', 3),
(534, 'previous', '前置节点', 'text', 190, '', '', '', '前置节点', '', 0, 0, 0, '', '', 128, '', 'previous', 4),
(535, 'next', '后置节点', 'text', 190, '', '', '', '后置节点', '', 0, 0, 0, '', '', 128, '', 'next', 5),
(536, 'file', '执行文件', 'text', 190, '', '', '', '执行文件', '', 0, 1, 0, '', '', 64, '', 'file', 6),
(537, 'v', '#', 'hidden', 193, '', '', '', '#', '', 0, 1, 0, '9999', '-9999', 4, '', 'v', 1),
(538, 'name', '名称', 'text', 193, '', '', '', '名称', '', 0, 1, 0, '', '', 64, '', 'name', 3),
(539, 'label', 'Label', 'text', 193, '', '', '', 'Label', '', 0, 1, 0, '', '', 64, '', 'label', 4),
(540, 'previous', '前置节点', 'text', 193, '', '', '', '前置节点', '', 0, 0, 0, '', '', 128, '', 'previous', 5),
(541, 'next', '后置节点', 'text', 193, '', '', '', '后置节点', '', 0, 0, 0, '', '', 128, '', 'next', 6),
(542, 'file', '执行文件', 'text', 193, '', '', '', '执行文件', '', 0, 1, 0, '', '', 64, '', 'file', 7),
(543, 'name', '名称', 'text', 194, '', '', '', '名称', '', 0, 1, 0, '', '', 64, '', 'name', 2),
(544, 'label', 'Label', 'text', 194, '', '', '', 'Label', '', 0, 1, 0, '', '', 64, '', 'label', 3),
(545, 'previous', '前置节点', 'text', 194, '', '', '', '前置节点', '', 0, 0, 0, '', '', 128, '', 'previous', 4),
(546, 'next', '后置节点', 'text', 194, '', '', '', '后置节点', '', 0, 0, 0, '', '', 128, '', 'next', 5),
(547, 'file', '执行文件', 'text', 194, '', '', '', '执行文件', '', 0, 1, 0, '', '', 64, '', 'file', 6),
(548, 'id', '编号', 'number', 189, '', '', '', '编号', '', 0, 1, 0, '9999', '-9999', 4, '', 'id', 2),
(549, 'id', '编号', 'number', 190, '', '', '', '编号', '', 0, 1, 0, '9999', '-9999', 4, '', 'id', 1),
(550, 'id', '编号', 'number', 193, '', '', '', '编号', '', 0, 1, 0, '9999', '-9999', 4, '', 'id', 2),
(551, 'id', '编号', 'number', 194, '', '', '', '编号', '', 0, 1, 0, '9999', '-9999', 4, '', 'id', 1),
(552, 'v', '#', 'hidden', 195, '', '', '', '#', '', 0, 1, 0, '9999', '-9999', 4, '', 'v', 1),
(553, 'id', '编号', 'number', 195, '', '', '', '编号', '', 0, 1, 0, '9999', '-9999', 4, '', 'id', 2),
(554, 'name', '名称', 'text', 195, '', '', '', '名称', '', 0, 1, 0, '', '', 64, '', 'name', 3),
(555, 'label', 'Label', 'text', 195, '', '', '', 'Label', '', 0, 1, 0, '', '', 64, '', 'label', 4),
(556, 'previous', '前置节点', 'text', 195, '', '', '', '前置节点', '', 0, 0, 0, '', '', 128, '', 'previous', 5),
(557, 'next', '后置节点', 'text', 195, '', '', '', '后置节点', '', 0, 0, 0, '', '', 128, '', 'next', 6),
(558, 'file', '执行文件', 'text', 195, '', '', '', '执行文件', '', 0, 1, 0, '', '', 64, '', 'file', 7),
(559, 'id', '编号', 'number', 196, '', '', '', '编号', '', 0, 1, 0, '9999', '-9999', 4, '', 'id', 1),
(560, 'name', '名称', 'text', 196, '', '', '', '名称', '', 0, 1, 0, '', '', 64, '', 'name', 2),
(561, 'label', 'Label', 'text', 196, '', '', '', 'Label', '', 0, 1, 0, '', '', 64, '', 'label', 3),
(562, 'previous', '前置节点', 'text', 196, '', '', '', '前置节点', '', 0, 0, 0, '', '', 128, '', 'previous', 4),
(563, 'next', '后置节点', 'text', 196, '', '', '', '后置节点', '', 0, 0, 0, '', '', 128, '', 'next', 5),
(564, 'file', '执行文件', 'text', 196, '', '', '', '执行文件', '', 0, 1, 0, '', '', 64, '', 'file', 6),
(565, 'v', '#', 'hidden', 198, '', '', '', '#', '', 0, 1, 0, '999999', '1', 6, '', 'v', 1),
(566, 'province', '省', 'text', 198, '', '', '', '省', '', 0, 0, 0, '', '', 64, '', 'province', 2),
(567, 'city', '市', 'text', 198, '', '', '', '市', '', 0, 1, 0, '', '', 64, '', 'city', 3),
(568, 'county', '区/县', 'text', 198, '', '', '', '区/县', '', 0, 0, 0, '', '', 64, '', 'county', 4),
(569, 'province', '省', 'text', 199, '', '', '', '省', '', 0, 0, 0, '', '', 64, '', 'province', 1),
(570, 'city', '市', 'text', 199, '', '', '', '市', '', 0, 1, 0, '', '', 64, '', 'city', 2),
(571, 'county', '区/县', 'text', 199, '', '', '', '区/县', '', 0, 0, 0, '', '', 64, '', 'county', 3),
(572, 'v', '#', 'hidden', 201, '', '', '', '#', '', 0, 1, 0, '', '', 64, '', 'v', 1),
(573, 'name', '物流名称', 'text', 201, '', '', '', '物流名称', '', 0, 1, 0, '', '', 64, '', 'name', 2),
(574, 'phone', '联系方式', 'text', 201, '', '', '', '联系方式', '', 0, 0, 0, '', '', 64, '', 'phone', 3),
(575, 'area_id', '所在地区', 'select', 201, '', '', '', '所在地区', '', 0, 0, 0, '9999999999', '1', 6, '', 'areaId', 4),
(576, 'address', '详细地址', 'text', 201, '', '', '', '详细地址', '', 0, 0, 0, '', '', 64, '', 'address', 5),
(577, 'vip', 'VIP号', 'text', 201, '', '', '', 'VIP号', '', 0, 0, 0, '', '', 64, '', 'vip', 6),
(578, 'name', '物流名称', 'text', 202, '', '', '', '物流名称', '', 0, 1, 0, '', '', 64, '', 'name', 1),
(579, 'area_id', '所在地区', 'select', 202, '', '', '', '所在地区', '', 0, 0, 0, '9999999999', '1', 10, '', 'areaId', 2),
(580, 'address', '详细地址', 'text', 202, '', '', '', '详细地址', '', 0, 0, 0, '', '', 64, '', 'address', 3),
(581, 'vip', 'VIP号', 'text', 202, '', '', '', 'VIP号', '', 0, 0, 0, '', '', 64, '', 'vip', 4),
(582, 'v', '#', 'hidden', 205, '', '', '', '#', '', 0, 1, 0, '', '', 64, '', 'v', 1),
(583, 'name', '名称', 'text', 205, '', '', '', '名称', '', 0, 1, 0, '', '', 64, '', 'name', 2),
(584, 'name', '名称', 'text', 206, '', '', '', '名称', '', 0, 1, 0, '', '', 64, '', 'name', 1),
(585, 'v', '#', 'hidden', 208, '', '', '', '#', '', 0, 1, 0, '', '', 128, '', 'v', 1),
(586, 'name', '跟踪主题', 'text', 208, '', '', '', '跟踪主题', '', 0, 1, 0, '', '', 128, '', 'name', 2),
(587, 'name', '跟踪主题', 'text', 209, '', '', '', '跟踪主题', '', 0, 1, 0, '', '', 128, '', 'name', 1),
(588, 'v', '#', 'hidden', 212, '', '', '', '#', '', 0, 1, 0, '', '', 64, '', 'v', 1),
(589, 'name', '颜色名称', 'text', 212, '', '', '', '颜色名称', '', 0, 1, 0, '', '', 64, '', 'name', 2),
(590, 'name', '颜色名称', 'text', 213, '', '', '', '颜色名称', '', 0, 1, 0, '', '', 64, '', 'name', 1),
(591, 'v', '#', 'hidden', 215, '', '', '', '#', '', 0, 1, 0, '9999999999', '1', 10, '', 'v', 1),
(592, 'name', '厚度', 'number', 215, '', '', '', '厚度', '', 0, 1, 0, '9999999999', '1', 10, '', 'name', 2),
(593, 'thicker', '厚板', 'select', 215, '/data/boolean_type/read', '', '1', '厚板', '', 0, 1, 0, '1', '0', 1, '', 'thicker', 3),
(594, 'thicker', '厚板', 'select', 214, '/data/boolean_type/read', '', '1', '厚板', '', 0, 1, 0, '1', '0', 1, '', 'thicker', 2),
(595, 'name', '厚度', 'number', 214, '', '', '', '厚度', '', 0, 1, 0, '9999999999', '1', 10, '', 'name', 1),
(596, 'v', '#', 'hidden', 218, '', '', '', '#', '', 0, 1, 0, '', '', 64, '', 'v', 1),
(597, 'name', '材质', 'text', 218, '', '', '', '材质', '', 0, 1, 0, '', '', 64, '', 'name', 2),
(598, 'name', '材质', 'text', 219, '', '', '', '材质', '', 0, 1, 0, '', '', 64, '', 'name', 1),
(599, 'v', '#', 'hidden', 220, '', '', '', '#', '', 0, 1, 0, '', '', 4, '', 'v', 1),
(600, 'name', '环保级别', 'text', 220, '', '', '', '环保级别', '', 0, 1, 0, '', '', 4, '', 'name', 2),
(601, 'name', '环保级别', 'text', 221, '', '', '', '环保级别', '', 0, 1, 0, '', '', 4, '', 'name', 1),
(602, 'v', '#', 'hidden', 225, '', '', '', '#', '', 0, 1, 0, '', '', 64, '', 'v', 1),
(603, 'name', '名称', 'text', 225, '', '', '', '名称', '', 0, 1, 0, '', '', 64, '', 'name', 2),
(604, 'thick', '板材厚度', 'select', 225, '/data/board_thick/read', '', '', '板材厚度', '', 0, 1, 0, '9999999999', '1', 10, '', 'thick', 3),
(605, 'nature', '板材材质', 'select', 225, '/data/board_nature/read', '', '', '板材材质', '', 0, 1, 0, '', '', 64, '', 'nature', 4),
(606, 'color', '板材颜色', 'select', 225, '/data/board_color/read', '', '', '板材颜色', '', 0, 1, 0, '', '', 64, '', 'color', 5),
(607, 'class', '环保级别', 'select', 225, '/data/board_class/read', '', 'E1', '环保级别', '', 0, 1, 0, '', '', 4, '', 'class', 6),
(608, 'supplier_id', '供应商', 'select', 225, '/supplier/supplier/read', '', '', '供应商', '', 0, 1, 0, '9999', '1', 4, '', 'supplierId', 9),
(609, 'length', '长度', 'number', 225, '', '', '2440', '长度', '', 0, 1, 0, '9999999999', '1', 10, '', 'length', 7),
(610, 'width', '宽度', 'number', 225, '', '', '1220', '宽度', '', 0, 1, 0, '9999999999', '1', 10, '', 'width', 8),
(611, 'remark', '备注', 'text', 225, '', '', '', '备注', '', 0, 0, 0, '', '', 128, '', 'remark', 13),
(612, 'status', '在售', 'select', 225, '/data/boolean_type/read', '', '1', '在售', '', 0, 1, 0, '1', '0', 1, '', 'status', 14),
(613, 'name', '名称', 'text', 226, '', '', '', '可以自定义名称或由系统自动生成(厚度 材质 颜色 供应商)', '', 0, 0, 0, '', '', 64, '', 'name', 1),
(614, 'thick', '板材厚度', 'select', 226, '/data/board_thick/read', '', '18', '板材厚度', '', 0, 1, 1, '9999999999', '1', 10, '', 'thick', 2),
(615, 'nature', '板材材质', 'select', 226, '/data/board_nature/read', '', '颗粒板', '板材材质', '', 0, 1, 1, '', '', 64, '', 'nature', 3),
(616, 'color', '板材颜色', 'select', 226, '/data/board_color/read', '', '', '板材颜色', '', 0, 1, 1, '', '', 64, '', 'color', 4),
(617, 'class', '环保级别', 'select', 226, '/data/board_class/read', '', 'E1', '环保级别', '', 0, 1, 0, '', '', 4, '', 'class', 5),
(618, 'length', '长度', 'number', 226, '', '', '2440', '长度', '', 0, 1, 0, '9999999999', '1', 10, '', 'length', 6),
(619, 'width', '宽度', 'number', 226, '', '', '1220', '宽度', '', 0, 1, 0, '9999999999', '1', 10, '', 'width', 7),
(620, 'supplier_id', '供应商', 'select', 226, '/supplier/supplier/read', '', '', '供应商', '', 0, 1, 0, '9999', '1', 4, '', 'supplierId', 8),
(621, 'remark', '备注', 'text', 226, '', '', '', '备注', '', 0, 0, 0, '', '', 128, '', 'remark', 12),
(622, 'status', '在售', 'select', 226, '', '', '1', '在售', '', 0, 1, 0, '1', '0', 1, '', 'status', 13),
(623, 'purchase', '采购价', 'number', 226, '', '', '0', '每张板材的采购价格', '', 0, 1, 0, '9999999999', '0', 10, '', 'purchase', 9),
(624, 'unit_price', '售价', 'number', 226, '', '', '100', '每平方板材的最低售价', '', 0, 1, 0, '9999999999', '0', 10, '', 'unitPrice', 10),
(625, 'unit_price', '最低售价', 'number', 225, '', '', '100', '每平方板材的最低售价', '', 0, 1, 0, '9999999999', '0', 10, '', 'unitPrice', 11),
(626, 'purchase', '采购价格', 'number', 225, '', '', '0', '每张板材的采购价格', '', 0, 1, 0, '9999999999', '0', 10, '', 'purchase', 10),
(627, 'v', '#', 'hidden', 227, '', '', '', '#', '', 0, 1, 0, '', '', 1024, '', 'v', 1),
(628, 'unit_price', '定价', 'number', 227, '', '', '100', '定价', '', 0, 1, 0, '9999999999', '0', 10, '', 'unitPrice', 2),
(629, 'v', '#', 'hidden', 229, '', '', '', '#', '', 0, 1, 0, '9999', '1', 4, '', 'v', 1),
(630, 'name', '名称', 'text', 229, '', '', '', '名称', '', 0, 1, 0, '', '', 64, '', 'name', 2),
(631, 'code', '编码代号', 'text', 229, '', '', '', '编码代号', '', 0, 1, 0, '', '', 8, '', 'code', 3),
(632, 'remark', '备注', 'text', 229, '', '', '', '备注', '', 0, 0, 0, '', '', 128, '', 'remark', 4),
(633, 'remark', '备注', 'text', 230, '', '', '', '备注', '', 0, 0, 0, '', '', 128, '', 'remark', 3),
(634, 'name', '名称', 'text', 230, '', '', '', '名称', '', 0, 1, 0, '', '', 64, '', 'name', 1),
(635, 'code', '编码代号', 'text', 230, '', '', '', '编码代号', '', 0, 1, 0, '', '', 8, '', 'code', 2),
(636, 'amount', '库存', 'number', 225, '', '', '0', '库存', '', 0, 1, 0, '9999999999', '0', 10, '', 'amount', 12),
(637, 'amount', '库存', 'number', 226, '', '', '0', '库存', '', 0, 1, 0, '9999999999', '0', 10, '', 'amount', 11),
(638, 'v', '#', 'hidden', 232, '', '', '', '#', '', 0, 1, 0, '', '', 16, '', 'v', 1),
(639, 'name', '单位', 'text', 232, '', '', '', '单位', '', 0, 1, 0, '', '', 16, '', 'name', 2),
(640, 'name', '单位', 'text', 233, '', '', '', '单位', '', 0, 1, 0, '', '', 16, '', 'name', 1),
(641, 'v', '#', 'hidden', 235, '', '', '', '#', '', 0, 1, 0, '9999999999', '1', 10, '', 'v', 1),
(642, 'name', '名称', 'text', 235, '', '', '', '名称', '', 0, 1, 0, '', '', 64, '', 'name', 2),
(643, 'parent', '所属分类', 'select', 235, '/product/product/read', '', '', '所属分类', '', 0, 0, 0, '9999999999', '1', 10, '', 'parent', 3),
(644, 'code', '编码', 'text', 235, '', '', '', '编码', '', 0, 0, 0, '', '', 4, '', 'code', 4),
(645, 'name', '名称', 'text', 236, '', '', '', '名称', '', 0, 1, 0, '', '', 64, '', 'name', 1),
(646, 'parent', '所属分类', 'select', 236, '/product/product/read', '', '', '所属分类', '', 0, 1, 0, '9999999999', '1', 10, '', 'parent', 2),
(647, 'code', '编码', 'text', 236, '', '', '', '编码、代号', '', 0, 0, 0, '', '', 4, '', 'code', 3),
(648, 'remark', '备注', 'text', 236, '', '', '', '备注', '', 0, 0, 0, '', '', 128, '', 'remark', 5),
(649, 'remark', '备注', 'text', 235, '', '', '', '备注', '', 0, 0, 0, '', '', 128, '', 'remark', 6),
(650, 'v', '#', 'hidden', 238, '', '', '', '#', '', 0, 1, 0, '9999999999', '1', 10, '', 'v', 1),
(651, 'product_id', '所属分类', 'auto-complete', 238, '/product/product/read', '', '', '所属分类', '', 0, 1, 0, '9999999999', '1', 10, '', 'productId', 2),
(652, 'code', '编码', 'text', 238, '', '', '', '编码', '', 0, 0, 0, '', '', 64, '', 'code', 3),
(653, 'name', '商品名称', 'text', 238, '', '', '', '商品名称', '', 0, 1, 0, '', '', 128, '', 'name', 4),
(654, 'supplier_id', '供应商', 'select', 238, '/supplier/supplier/read', '', '', '供应商', '', 0, 1, 0, '9999', '1', 4, '', 'supplierId', 5),
(655, 'remark', '备注', 'textarea', 238, '', '', '', '备注', '', 0, 0, 0, '', '', 1024, '', 'remark', 11),
(656, 'speci', '规格', 'checkbox', 238, '/product/speci/read', '--product_id', '', '规格', '', 0, 0, 0, '', '', 64, '', 'speci', 10),
(657, 'purchase_unit', '采购单位', 'select', 238, '/data/unit/read', '', '', '采购单位', '', 0, 0, 0, '', '', 16, '', 'purchaseUnit', 6),
(658, 'purchase', '采购单价', 'number', 238, '', '', '0', '采购单价', '', 0, 1, 0, '9999999999', '0', 10, '', 'purchase', 7),
(659, 'unit', '销售单位', 'select', 238, '/data/unit/read', '', '', '销售单位', '', 0, 0, 0, '', '', 16, '', 'unit', 8),
(660, 'unit_price', '销售单价', 'number', 238, '', '', '0', '销售单价', '', 0, 1, 0, '9999999999', '0', 10, '', 'unitPrice', 9),
(666, 'product_id', '所属分类', 'auto-complete', 244, '/product/product/read', 'product_id', '', '所属分类', '', 0, 1, 0, '9999999999', '1', 10, '', 'productId', 1),
(667, 'parent', '父类', 'select', 244, '/product/speci/read', '--product_id', '', '父类', '', 0, 0, 0, '9999999999', '1', 10, '', 'parent', 2),
(668, 'name', '名称', 'text', 244, '', '', '', '名称', '', 0, 1, 0, '', '', 64, '', 'name', 3),
(669, 'remark', '备注', 'text', 244, '', '', '', '备注', '', 0, 0, 0, '', '', 128, '', 'remark', 4),
(670, 'v', '#', 'hidden', 246, '', '', '', '#', '', 0, 1, 0, '9999999999', '1', 10, '', 'v', 1),
(671, 'product_id', '所属分类', 'auto-complete', 246, '/product/product/read', '', '', '所属分类', '', 0, 1, 0, '9999999999', '1', 10, '', 'productId', 2),
(672, 'parent', '父类', 'select', 246, '/product/speci/read', '--product_id', '', '父类', '', 0, 0, 0, '9999999999', '1', 10, '', 'parent', 3),
(673, 'name', '名称', 'text', 246, '', '', '', '名称', '', 0, 1, 0, '', '', 64, '', 'name', 4),
(674, 'remark', '备注', 'text', 246, '', '', '', '备注', '', 0, 0, 0, '', '', 128, '', 'remark', 5),
(675, 'product_id', '产品分类', 'auto-complete', 239, '/product/product/read', '', '', '产品分类', '', 0, 1, 0, '9999999999', '1', 10, '', 'productId', 1),
(676, 'code', '商品编码', 'text', 239, '', '', '', '商品编码', '', 0, 0, 0, '', '', 64, '', 'code', 2),
(677, 'name', '商品名称', 'text', 239, '', '', '', '商品名称', '', 0, 1, 0, '', '', 128, '', 'name', 3),
(678, 'supplier_id', '供应商', 'select', 239, '/supplier/supplier/read', '', '', '供应商', '', 0, 1, 0, '9999', '1', 4, '', 'supplierId', 4),
(679, 'purchase_unit', '采购单位', 'select', 239, '/data/unit/read', '', '', '采购单位', '', 0, 1, 0, '', '', 16, '', 'purchaseUnit', 5),
(680, 'purchase', '采购单价', 'number', 239, '', '', '0', '采购单价', '', 0, 1, 0, '9999999999', '0', 10, '', 'purchase', 6),
(681, 'unit', '销售单位', 'select', 239, '/data/unit/read', '', '', '销售单位', '', 0, 1, 0, '', '', 16, '', 'unit', 7),
(682, 'unit_price', '销售单价', 'number', 239, '', '', '0', '销售单价', '', 0, 1, 0, '9999999999', '0', 10, '', 'unitPrice', 8),
(683, 'speci', '规格', 'checkbox', 239, '/product/speci/read', '--product_id', '', '规格', '', 0, 0, 0, '9999999999', '1', 10, '', 'speci', 9),
(684, 'remark', '备注', 'textarea', 239, '', '', '', '备注', '', 0, 0, 0, '', '', 1024, '', 'remark', 10),
(685, 'v', '#', 'hidden', 247, '', '', '', '#', '', 0, 1, 0, '9999999999', '1', 10, '', 'v', 1),
(686, 'code', '商品规格编码', 'text', 247, '', '', '', '商品规格编码', '', 0, 0, 0, '', '', 128, '', 'code', 2),
(687, 'purchase', '采购单价', 'number', 247, '', '', '', '采购单价', '', 0, 1, 0, '9999999999', '0', 10, '', 'purchase', 3),
(688, 'unit_price', '销售单价', 'number', 247, '', '', '', '销售单价', '', 0, 1, 0, '9999999999', '0', 10, '', 'unitPrice', 4),
(689, 'remark', '备注', 'textarea', 247, '', '', '', '备注', '', 0, 0, 0, '', '', 1024, '', 'remark', 5),
(690, 'status', '在售', 'select', 247, '/data/boolean_type/read', '', '', '在售', '', 0, 1, 0, '1', '0', 1, '', 'status', 6),
(691, 'v', '#', 'hidden', 250, '', '', '', '#', '', 0, 1, 0, '', '', 1024, '', 'v', 1),
(692, 'unit_price', '我的定价', 'number', 250, '', '', '0', '我的定价', '', 0, 1, 0, '9999999999', '0', 10, '', 'unitPrice', 2),
(693, 'goods_id', '商品名称#', 'hidden', 247, '', '', '', '商品名称#', '', 0, 1, 0, '9999999999', '1', 10, '', 'goodsId', 7),
(694, 'speci', '商品规格#', 'hidden', 247, '', '', '', '商品规格#', '', 0, 1, 0, '', '', 512, '', 'speci', 8),
(695, 'type', '配置类型', 'select', 133, '/data/configs_type/read', '', 'system', '配置类型', '', 0, 1, 0, '', '', 32, '', 'type', 2),
(697, 'type', '配置类型', 'select', 134, '/data/configs_type/read', '', 'system', '配置类型', '', 0, 1, 0, '', '', 32, '', 'type', 2),
(698, 'remark', '备注', 'text', 133, '', '', '', '备注', '', 0, 0, 0, '', '', 128, '', 'remark', 6),
(699, 'remark', '备注', 'text', 134, '', '', '', '备注', '', 0, 0, 0, '', '', 128, '', 'remark', 6),
(700, 'v', '#', 'hidden', 256, '', '', '', '#', '', 0, 1, 0, '99', '1', 2, '', 'v', 1),
(701, 'name', '名称', 'text', 256, '', '', '', '名称', '', 0, 1, 0, '', '', 64, '', 'name', 2),
(702, 'icon', '标志', 'text', 256, '', '', '', '标志', '', 0, 1, 0, '', '', 64, '', 'icon', 3),
(703, 'icon', '标志', 'text', 257, '', '', '', '标志', '', 0, 1, 0, '', '', 64, '', 'icon', 2),
(704, 'name', '名称', 'text', 257, '', '', '', '名称', '', 0, 1, 0, '', '', 64, '', 'name', 1),
(705, 'v', '#', 'hidden', 259, '', '', '', '#', '', 0, 1, 0, '', '', 64, '', 'v', 1),
(706, 'name', '门板封边', 'text', 259, '', '', '', '门板封边', '', 0, 1, 0, '', '', 64, '', 'name', 2),
(707, 'name', '门板封边', 'text', 260, '', '', '', '门板封边', '', 0, 1, 0, '', '', 64, '', 'name', 1),
(708, 'v', '#', 'hidden', 262, '', '', '', '#', '', 0, 1, 0, '', '', 64, '', 'v', 1),
(709, 'name', '名称', 'text', 262, '', '', '', '名称', '', 0, 1, 0, '', '', 64, '', 'name', 2),
(710, 'open_hole', '是否开孔', 'select', 262, '/data/boolean_type/read', '', '0', '是否开孔', '', 0, 1, 0, '1', '0', 1, '', 'openHole', 3),
(711, 'invisibility', '隐形拉手', 'select', 262, '/data/boolean_type/read', '', '0', '隐形拉手', '', 0, 1, 0, '1', '0', 1, '', 'invisibility', 4),
(712, 'invisibility', '隐形拉手', 'select', 263, '/data/boolean_type/read', '', '0', '隐形拉手', '', 0, 1, 0, '1', '0', 1, '', 'invisibility', 3),
(713, 'open_hole', '是否打孔', 'select', 263, '/data/boolean_type/read', '', '0', '是否打孔', '', 0, 1, 0, '1', '0', 1, '', 'openHole', 2),
(714, 'name', '名称', 'text', 263, '', '', '', '名称', '', 0, 1, 0, '', '', 64, '', 'name', 1),
(715, 'v', '#', 'hidden', 265, '', '', '', '#', '', 0, 1, 0, '', '', 64, '', 'v', 1),
(716, 'label', 'Label', 'text', 265, '', '', '', 'Label', '', 0, 1, 0, '', '', 64, '', 'label', 3),
(717, 'label', 'Label', 'text', 266, '', '', '', 'Label', '', 0, 1, 0, '', '', 64, '', 'label', 2),
(718, 'v', '#', 'hidden', 268, '', '', '', '#', '', 0, 0, 0, '9999', '-9999', 4, '', 'v', 1),
(719, 'id', '生产线编号', 'number', 268, '', '', '', '生产线编号', '', 0, 1, 0, '9999', '-9999', 4, '', 'id', 2),
(720, 'id', '生产线编号', 'number', 269, '', '', '', '生产线编号', '', 0, 1, 0, '9999', '-9999', 4, '', 'id', 1),
(721, 'label', 'Label', 'text', 269, '', '', '', 'Label', '', 0, 1, 0, '', '', 32, '', 'label', 2),
(722, 'production_line', '生产线', 'select', 272, '/data/production_line/read', 'production_line', '', '生产线', '', 0, 1, 0, '9999', '-9999', 4, '', 'productionLine', 1),
(723, 'procedure', '工序', 'select', 272, '/data/procedure/read', '', '', '工序', '', 0, 1, 0, '', '', 64, '', 'procedure', 2),
(724, 'v', '#', 'hidden', 274, '', '', '', '#', '', 0, 1, 0, '', '', 64, '', 'v', 1),
(725, 'name', '名称', 'text', 274, '', '', '', '名称', '', 0, 1, 0, '', '', 64, '', 'name', 2),
(726, 'finance_activity_type', '类型', 'select', 274, '/data/finance_activity_type/read', '', '', '类型', '', 0, 1, 0, '', '', 16, '', 'financeActivityType', 3),
(727, 'name', '名称', 'text', 275, '', '', '', '名称', '', 0, 1, 0, '', '', 64, '', 'name', 1),
(728, 'finance_activity_type', '类型', 'select', 275, '/data/finance_activity_type/read', '', '', '类型', '', 0, 1, 0, '', '', 16, '', 'financeActivityType', 2),
(730, 'v', '#', 'hidden', 277, '', '', '', '#', '', 0, 1, 0, '9999', '-9999', 4, '', 'v', 1),
(731, 'id', '编号', 'number', 277, '', '', '', '编号', '', 0, 1, 0, '9999', '-9999', 4, '', 'id', 2),
(732, 'name', '名称', 'text', 277, '', '', '', '名称', '', 0, 1, 0, '', '', 64, '', 'name', 3),
(733, 'label', 'Label', 'text', 277, '', '', '', 'Label', '', 0, 1, 0, '', '', 64, '', 'label', 4),
(734, 'previous', '前置节点', 'text', 277, '', '', '', '前置节点', '', 0, 0, 0, '', '', 128, '', 'previous', 5),
(735, 'next', '后置节点', 'text', 277, '', '', '', '后置节点', '', 0, 0, 0, '', '', 128, '', 'next', 6),
(736, 'file', '执行文件', 'text', 277, '', '', '', '执行文件', '', 0, 1, 0, '', '', 64, '', 'file', 7),
(737, 'id', '编号', 'number', 278, '', '', '', '编号', '', 0, 1, 0, '9999', '-9999', 4, '', 'id', 1),
(738, 'name', '名称', 'text', 278, '', '', '', '名称', '', 0, 1, 0, '', '', 64, '', 'name', 2),
(739, 'label', 'Label', 'text', 278, '', '', '', 'Label', '', 0, 1, 0, '', '', 64, '', 'label', 3),
(740, 'previous', '前置节点', 'text', 278, '', '', '', '前置节点', '', 0, 0, 0, '', '', 128, '', 'previous', 4),
(741, 'next', '后置节点', 'text', 278, '', '', '', '后置节点', '', 0, 0, 0, '', '', 128, '', 'next', 5),
(742, 'file', '执行文件', 'text', 278, '', '', '', '执行文件', '', 0, 1, 0, '', '', 64, '', 'file', 6),
(743, 'v', '#', 'hidden', 1, '', '', '', '#', '', 0, 1, 0, '9999999999', '1', 10, '', 'v', 1),
(744, 'dealer', '客户', 'text', 1, '', '', '', '客户', '', 1, 1, 0, '', '', 512, '', 'dealer', 3),
(745, 'url', 'URL', 'text', 80, '', '', '', 'URL', '', 0, 0, 0, '', '', 256, '', 'url', 9),
(746, 'query', 'Url参数', 'text', 80, '', '', '', 'Url参数', '', 0, 0, 0, '', '', 128, '', 'query', 8),
(747, 'query', 'Url参数', 'text', 81, '', '', '', 'Url参数', '', 0, 0, 0, '', '', 128, '', 'query', 9),
(748, 'url', 'URL', 'text', 81, '', '', '', 'URL', '', 0, 0, 0, '', '', 256, '', 'url', 8),
(749, 'v', '订单#', 'hidden', 293, '', '', '', '订单#', '', 0, 1, 0, '9999999999', '1', 10, '', 'v', 1),
(750, 'check_remark', '批注', 'textarea', 293, '', '', '', '批注', '', 0, 1, 0, '', '', 128, '', 'checkRemark', 2),
(751, 'v', '#', 'hidden', 295, '', '', '', '#', '', 0, 1, 0, '', '', 1024, '', 'v', 1),
(752, 'purchase', '采购价', 'number', 295, '', '', '888', '采购价', '', 0, 1, 0, '9999999999', '1', 10, '', 'purchase', 2),
(753, 'v', '#', 'hidden', 300, '', '', '', '#', '', 0, 0, 0, '', '', 512, '', 'v', 1),
(754, 'request_outdate', '要求出厂', 'date', 300, '', '', '', '要求出厂', '', 0, 1, 0, '', '', 64, '', 'requestOutdate', 2),
(755, 'label', 'Label', 'text', 268, '', '', '', 'Label', '', 0, 1, 0, '', '', 64, '', 'label', 3),
(756, 'id', '编号', 'number', 265, '', '', '', '编号', '', 0, 1, 0, '9999', '1', 4, '', 'id', 2),
(757, 'id', '编号', 'number', 266, '', '', '', '编号', '', 0, 1, 0, '9999', '1', 4, '', 'id', 1),
(758, 'displayorder', '执行顺序', 'number', 272, '', '', '', '执行顺序', '', 0, 0, 0, '9999', '1', 4, '', 'displayorder', 3),
(759, 'v', '#', 'hidden', 301, '', '', '', '#', '', 0, 1, 0, '9999999999', '1', 10, '', 'v', 1),
(760, 'production_line', '生产线', 'hidden', 301, '', '', '', '生产线', '', 0, 1, 0, '9999', '0', 4, '', 'productionLine', 2),
(761, 'procedure', '工序', 'hidden', 301, '', '', '', '工序', '', 0, 1, 0, '9999', '0', 4, '', 'procedure', 3),
(762, 'displayorder', '执行顺序', 'number', 301, '', '', '', '执行顺序', '', 0, 0, 0, '9999', '1', 4, '', 'displayorder', 4),
(763, 'num', '序列号', 'text', 268, '', '', '', '序列号', '', 0, 0, 0, '', '', 64, '', 'num', 4),
(764, 'num', '序列号', 'text', 269, '', '', '', '序列号', '', 0, 0, 0, '', '', 64, '', 'num', 3),
(765, 'v', '#', 'hidden', 302, '', '', '', '#', '', 0, 1, 0, '9999999999', '1', 10, '', 'v', 1),
(766, 'parent', '父级', 'select', 302, '/data/classify/read?class=0', '', '', '父级', '', 0, 0, 0, '9999999999', '1', 10, '', 'parent', 2),
(767, 'name', '名称', 'text', 302, '', '', '', '名称', '', 0, 1, 0, '', '', 32, '', 'name', 3),
(768, 'flag', '标记', 'text', 302, '', '', '', '标记', '', 0, 1, 0, '', '', 8, '', 'flag', 4),
(769, 'plate', '板块名称', 'datalist', 302, '/data/plate/read', '', '', '板块名称', '', 0, 0, 0, '', '', 64, '', 'plate', 5),
(770, 'width_min', '宽最小', 'number', 302, '', '', '0', '宽最小', '', 0, 0, 0, '999999', '0', 6, '', 'widthMin', 6),
(771, 'width_max', '宽最大', 'number', 302, '', '', '0', '宽最大', '', 0, 0, 0, '999999', '0', 6, '', 'widthMax', 7),
(772, 'length_min', '长最小', 'number', 302, '', '', '0', '长最小', '', 0, 0, 0, '999999', '0', 6, '', 'lengthMin', 8),
(773, 'length_max', '长最大', 'number', 302, '', '', '0', '长最大', '', 0, 0, 0, '999999', '0', 6, '', 'lengthMax', 9),
(774, 'thick', '厚度', 'datalist', 302, '/data/board_thick/read', '', '0', '厚度', '', 0, 0, 0, '9999999999', '0', 10, '', 'thick', 10),
(775, 'edge', '封边', 'datalist', 302, '/data/edge/read', '', '', '封边', '', 0, 0, 0, '', '', 32, '', 'edge', 11),
(776, 'slot', '开槽', 'datalist', 302, '/data/slot/read', '', '', '开槽', '', 0, 0, 0, '', '', 64, '', 'slot', 12),
(777, 'remark', '备注', 'text', 302, '', '', '', '备注', '', 0, 0, 0, '', '', 128, '', 'remark', 15),
(778, 'production_line', '生产线', 'select', 302, '/data/production_line/read', '', '', '生产线', '', 0, 1, 0, '9999', '0', 4, '', 'productionLine', 16),
(779, 'status', '启用', 'select', 302, '/data/boolean_type/read', '', '', '启用', '', 0, 1, 0, '1', '0', 1, '', 'status', 17),
(780, 'parent', '父级', 'select', 305, '/data/classify/read?class=0', '', '', '父级', '', 0, 0, 0, '9999999999', '1', 10, '', 'parent', 1),
(781, 'flag', '标记', 'text', 305, '', '', '', '标记', '', 0, 1, 0, '', '', 8, '', 'flag', 3),
(782, 'name', '名称', 'text', 305, '', '', '', '名称', '', 0, 1, 0, '', '', 32, '', 'name', 2),
(783, 'plate', '板块名称', 'datalist', 305, '/data/plate/read', '', '', '板块名称', '', 0, 0, 0, '', '', 64, '', 'plate', 4),
(784, 'width_min', '宽最小', 'number', 305, '', '', '0', '宽最小', '', 0, 0, 0, '999999', '0', 6, '', 'widthMin', 5),
(785, 'width_max', '宽最大', 'number', 305, '', '', '0', '宽最大', '', 0, 0, 0, '999999', '0', 6, '', 'widthMax', 6),
(786, 'width_min', '长最小', 'number', 305, '', '', '0', '长最小', '', 0, 0, 0, '999999', '0', 6, '', 'widthMin', 7),
(787, 'width_max', '长最大', 'number', 305, '', '', '0', '长最大', '', 0, 0, 0, '999999', '0', 6, '', 'widthMax', 8),
(788, 'thick', '厚度', 'datalist', 305, '/data/board_thick/read', '', '0', '厚度', '', 0, 0, 0, '9999999999', '0', 10, '', 'thick', 9),
(789, 'edge', '封边', 'datalist', 305, '/data/edge/read', '', '', '封边', '', 0, 0, 0, '', '', 64, '', 'edge', 10),
(790, 'slot', '开槽', 'datalist', 305, '/data/slot/read', '', '', '开槽', '', 0, 0, 0, '', '', 64, '', 'slot', 11),
(791, 'remark', '备注', 'text', 305, '', '', '', '备注', '', 0, 0, 0, '', '', 128, '', 'remark', 14),
(792, 'production_line', '生产线', 'select', 305, '/data/production_line/read', '', '', '生产线', '', 0, 1, 0, '9999', '-9999', 4, '', 'productionLine', 15),
(793, 'status', '启用', 'select', 305, '/data/boolean_type/read', '', '1', '启用', '', 0, 1, 0, '1', '0', 1, '', 'status', 16),
(794, 'home', '首页', 'select', 9, '/data/boolean_type/read', '', '0', '首页', '', 0, 1, 0, '1', '0', 1, '', 'home', 12),
(795, 'home', '首页', 'select', 14, '/data/boolean_type/read', '', '0', '首页', '', 0, 1, 0, '1', '0', 1, '', 'home', 11),
(796, 'decide_size', '尺寸判定', 'text', 302, '', '', '', '尺寸判定', '', 0, 0, 0, '', '', 64, '', 'decideSize', 13),
(797, 'decide_size', '尺寸判定', 'text', 305, '', '', '', '尺寸判定', '', 0, 0, 0, '', '', 64, '', 'decideSize', 12),
(798, 'v', '#', 'hidden', 311, '', '', '', '#', '', 0, 1, 0, '9999999999', '1', 10, '', 'v', 1),
(799, 'procedure', '工序', 'select', 311, '/data/procedure/read', '', '', '工序', '', 0, 1, 0, '9999', '-9999', 4, '', 'procedure', 2),
(800, 'workflow_procedure_id', '工作流', 'select', 311, '/workflow/workflow_procedure/read', '', '', '工作流', '', 0, 1, 0, '9999', '-9999', 4, '', 'workflowProcedureId', 3),
(801, 'init', '初始态', 'select', 311, '/data/boolean_type/read', '', '0', '初始态', '', 0, 1, 0, '1', '0', 1, '', 'init', 4),
(802, 'init', '初始态', 'select', 312, '/data/boolean_type/read', '', '0', '初始态', '', 0, 1, 0, '1', '0', 1, '', 'init', 3),
(803, 'procedure', '工序', 'select', 312, '/data/procedure/read', 'procedure', '', '工序', '', 0, 1, 0, '9999', '-9999', 4, '', 'procedure', 1),
(804, 'workflow_procedure_id', '工作流', 'select', 312, '/workflow/workflow_procedure/read', '', '', '工作流', '', 0, 1, 0, '9999', '-9999', 4, '', 'workflowProcedureId', 2),
(805, 'production_line', '生产线', 'select', 235, '/data/production_line/read', '', '', '生产线', '', 0, 0, 0, '9999', '-9999', 4, '', 'productionLine', 5),
(806, 'production_line', '生产线', 'select', 236, '/data/production_line/read', '', '', '生产线', '', 0, 0, 0, '9999', '-9999', 4, '', 'productionLine', 4),
(807, 'v', '#', 'hidden', 298, '', '', '', '#', '', 0, 1, 0, '9999999999', '1', 10, '', 'v', 1),
(808, 'down_payment', '首付比例', 'number', 298, '', '', '', '首付比例', '', 0, 1, 0, '1', '0.3', 5, '', 'downPayment', 2),
(809, 'v', '#', 'hidden', 299, '', '', '', '#', '', 0, 1, 0, '', '', 512, '', 'v', 1),
(810, 'remark', '备注', 'text', 299, '', '', '', '备注', '', 0, 1, 0, '', '', 128, '', 'remark', 2),
(811, 'v', '#', 'hidden', 317, '', '', '', '#', '', 0, 1, 0, '', '', 512, '', 'v', 1),
(812, 'status', '状态', 'select', 317, '/data/application_status/read', '', '', '状态', '', 0, 1, 0, '2', '0', 1, '', 'status', 2),
(813, 'remark', '备注', 'textarea', 317, '', '', '', '备注', '', 0, 1, 0, '', '', 128, '', 'remark', 3),
(814, 'abnormity', '异形', 'select', 302, '/data/boolean_type/read', '', '0', '异形', '', 0, 1, 0, '1', '0', 1, '', 'abnormity', 14),
(815, 'abnormity', '异形', 'select', 305, '/data/boolean_type/read', '', '0', '异形', '', 0, 1, 0, '1', '0', 1, '', 'abnormity', 13),
(816, 'v', '#', 'hidden', 337, '', '', '', '#', '', 0, 1, 0, '9999999999', '1', 10, '', 'v', 1),
(817, 'type', '类型', 'hidden', 337, '', '', '', '类型', '', 0, 1, 0, '1', '0', 1, '', 'type', 2),
(818, 'edge', '封边', 'select', 337, '/manage/user/edger', '', '', '封边', '', 0, 1, 0, '9999999999', '1', 10, '', 'edge', 3),
(819, 'type', '类型', 'hidden', 129, '', '', '', '类型', '', 0, 1, 0, '1', '0', 1, '', 'type', 2);

-- --------------------------------------------------------

--
-- 表的结构 `j_form_page`
--

CREATE TABLE `j_form_page` (
  `fp_id` int(10) UNSIGNED NOT NULL COMMENT 'v',
  `fp_menu_id` smallint(4) UNSIGNED NOT NULL COMMENT '菜单V',
  `fp_name` varchar(64) NOT NULL COMMENT '名称',
  `fp_label` varchar(64) NOT NULL COMMENT 'Label',
  `fp_url` varchar(128) DEFAULT NULL COMMENT 'URL',
  `fp_source_url` varchar(128) DEFAULT NULL COMMENT '源URL',
  `fp_source_query` varchar(128) DEFAULT NULL COMMENT '源Query'
) ENGINE=InnoDB DEFAULT CHARSET=utf8 COMMENT='表单页面';

--
-- 转存表中的数据 `j_form_page`
--

INSERT INTO `j_form_page` (`fp_id`, `fp_menu_id`, `fp_name`, `fp_label`, `fp_url`, `fp_source_url`, `fp_source_query`) VALUES
(1, 5, 'myself_form_page', '个人中心表单', '/manage/myself/edit', '/manage/myself/read', ''),
(2, 144, 'pick_scan_form', '拣货扫描', '/warehouse/pick_scan/add', '', ''),
(3, 10, 'order_add_form', '新增订单', '/order/order/add', '', ''),
(7, 194, 'valuate_door_form', '门板计价表单', '', '/order/order_product_board/door', 'v'),
(8, 194, 'valuate_cabinet_form', '橱柜计价表单', '', '/order/order_product_board/cabinet', 'v'),
(9, 194, 'valuate_wardrobe_form', '衣柜计价表单', '', '/order/order_product_board/wardrobe', 'v'),
(10, 194, 'valuate_wood_form', '木框门计价表单', '', '/order/order_product_board/wood', 'v'),
(11, 194, 'valuate_fitting_form', '配件计价表单', '', '/order/order_product_fitting/read', 'v'),
(12, 194, 'valuate_other_form', '外购计价表单', '', '/order/order_product_other/read', 'v'),
(13, 194, 'valuate_server_form', '服务计价表单', '', '/order/order_product_server/read', 'v');

-- --------------------------------------------------------

--
-- 表的结构 `j_form_type`
--

CREATE TABLE `j_form_type` (
  `ft_name` char(32) NOT NULL COMMENT '名称',
  `ft_label` varchar(16) DEFAULT NULL COMMENT 'Label'
) ENGINE=InnoDB DEFAULT CHARSET=utf8 COMMENT='表单类型';

--
-- 转存表中的数据 `j_form_type`
--

INSERT INTO `j_form_type` (`ft_name`, `ft_label`) VALUES
('auto-complete', '自动完成'),
('button', 'button'),
('checkbox', 'CHECKBOX'),
('color', 'COLOR'),
('datalist', 'DataList'),
('date', 'DATE'),
('datetime', 'DATETIME'),
('datetime-local', 'DATETIME-LOCAL'),
('dealer', '客户'),
('email', 'EMAIL'),
('file', 'FILE'),
('hidden', 'HIDDEN'),
('image', 'IMAGE'),
('month', 'MONTH'),
('number', 'NUMBER'),
('password', '密码'),
('radio', 'RADIO'),
('range', 'RANGE'),
('recommend', 'SELECT推荐'),
('search', 'SEARCH'),
('select', 'SELECT'),
('submit', 'Submit'),
('tel', 'TEL'),
('text', 'TEXT'),
('textarea', 'TEXTAREA'),
('time', 'TIME'),
('url', 'URL'),
('week', 'WEEK');

-- --------------------------------------------------------

--
-- 表的结构 `j_func`
--

CREATE TABLE `j_func` (
  `f_id` smallint(4) UNSIGNED NOT NULL COMMENT 'v',
  `f_name` char(64) NOT NULL COMMENT '名称',
  `f_label` varchar(64) DEFAULT NULL COMMENT 'Label',
  `f_url` varchar(256) NOT NULL DEFAULT 'javascript:void(0);' COMMENT 'Url',
  `f_query` varchar(128) DEFAULT NULL COMMENT 'Query',
  `f_displayorder` smallint(2) NOT NULL DEFAULT '0' COMMENT '显示顺序',
  `f_img` varchar(128) DEFAULT NULL COMMENT 'Img',
  `f_menu_id` smallint(4) UNSIGNED NOT NULL COMMENT '菜单',
  `f_group_no` varchar(64) DEFAULT NULL COMMENT '组号',
  `f_toggle` varchar(16) DEFAULT NULL COMMENT 'Toggle',
  `f_target` varchar(64) DEFAULT NULL COMMENT 'Target',
  `f_tag` varchar(16) DEFAULT NULL COMMENT 'Tag',
  `f_multiple` tinyint(1) NOT NULL DEFAULT '0' COMMENT '多选',
  `f_single` tinyint(1) UNSIGNED DEFAULT '0' COMMENT '单选',
  `f_source` varchar(64) DEFAULT NULL COMMENT 'source',
  `f_modal_type` varchar(16) DEFAULT NULL COMMENT 'modal_type'
) ENGINE=InnoDB DEFAULT CHARSET=utf8 COMMENT='功能列表';

--
-- 转存表中的数据 `j_func`
--

INSERT INTO `j_func` (`f_id`, `f_name`, `f_label`, `f_url`, `f_query`, `f_displayorder`, `f_img`, `f_menu_id`, `f_group_no`, `f_toggle`, `f_target`, `f_tag`, `f_multiple`, `f_single`, `f_source`, `f_modal_type`) VALUES
(1, 'edit', '编辑', '/order/order/edit', '', 1, 'fa fa-pencil', 12, '#orderTable', 'modal', '#orderEditModal', 'a', 0, 1, '#orderTable', 'ajax'),
(2, 'remove', '作废', '/order/order/remove', '', 4, 'fa fa-trash-o', 12, '', 'backstage', '#orderTable', 'a', 1, 0, '#orderTable', ''),
(4, 'progress', '进程图', '/workflow/workflow/index/read', '', 2, 'fa fa-hourglass-1', 12, '#orderTable', 'child', '#orderTable', 'a', 0, 1, '#orderTable', ''),
(5, 'add', '新增', '/permission/usergroup/add', '', 3, 'fa fa-plus', 103, '', 'modal', '#usergroupAddModal', 'button', 0, 0, '#usergroupTable', 'ajax'),
(6, 'edit', '编辑', '/permission/usergroup/edit', '', 1, 'fa fa-pencil', 103, '#usergroupTable', 'modal', '#usergroupEditModal', 'a', 0, 1, '#usergroupTable', 'ajax'),
(7, 'usergroup_role', '用户组角色', '/permission/usergroup_role/index/read', '', 2, 'fa fa-eye', 103, '#usergroupTable', 'child', '#usergroupTable', 'a', 0, 1, '#usergroupTable', ''),
(8, 'remove', '删除', '/permission/usergroup/remove', NULL, 4, 'fa fa-trash-o', 103, '', 'backstage', '#usergroupTable', 'a', 1, 0, '', ''),
(9, 'edit', '编辑', '/permission/menu/edit', '', 1, 'fa fa-pencil', 105, '#menuTable', 'modal', '#menuEditModal', 'a', 0, 1, '#menuTable', 'ajax'),
(10, 'func', '功能', '/permission/func/index/read', 'menu_v', 2, 'fa fa-eye', 105, '#menuTable', 'child', '#menuTable', 'a', 0, 1, '#menuTable', ''),
(11, 'card', '卡片', '/permission/card/index/read', 'menu_v', 4, 'fa fa-eye', 105, '#menuTable', 'child', '#menuTable', 'a', 0, 1, '#menuTable', ''),
(13, 'form_page', '表单页面', '/permission/form_page/index/read', 'menu_v', 5, 'fa fa-eye', 105, '#menuTable', 'child', '#menuTable', 'a', 0, 1, '#menuTable', ''),
(14, 'add', '新增', '/permission/menu/add', '', 6, 'fa fa-plus', 105, '', 'modal', '#menuAddModal', 'button', 0, 0, '#menuTable', 'ajax'),
(15, 'remove', '删除', '/permission/menu/remove', NULL, 7, 'fa fa-trash-o', 105, '', 'backstage', '#menuTable', 'a', 1, 0, '#menuTable', ''),
(16, 'edit', '编辑', '/permission/func/edit', '', 1, 'fa fa-pencil', 107, '#funcTable', 'modal', '#funcEditModal', 'a', 0, 1, '#funcTable', 'ajax'),
(17, 'form', '表单', '/permission/form/index/read', '', 2, 'fa fa-eye', 107, '#funcTable', 'child', '#funcTable', 'a', 0, 1, '#funcTable', ''),
(18, 'add', '新增', '/permission/func/add', '', 3, 'fa fa-plus', 107, '', 'modal', '#funcAddModal', 'button', 0, 0, '#funcTable', 'ajax'),
(19, 'remove', '删除', '/permission/func/remove', '', 4, 'fa fa-trash-o', 107, '', 'backstage', '#funcTable', 'a', 1, 0, '#funcTable', ''),
(20, 'edit', '编辑', '/permission/card/edit', '', 1, 'fa fa-pencil', 108, '#cardTable', 'modal', '#cardEditModal', 'a', 0, 1, '#cardTable', 'ajax'),
(21, 'element', '元素', '/permission/element/index/read', '', 2, 'fa fa-eye', 108, '#cardTable', 'child', '#cardTable', 'a', 0, 1, '', ''),
(22, 'add', '新增', '/permission/card/add', '', 3, 'fa fa-plus', 108, '', 'modal', '#cardAddModal', 'button', 0, 0, '#cardTable', 'ajax'),
(23, 'remove', '删除', '/permission/card/remove', '', 4, 'fa fa-trash-o', 108, '', 'backstage', '#cardTable', 'a', 1, 0, '#cardTable', ''),
(24, 'edit', '编辑', '/permission/page_search/edit', '', 1, 'fa fa-pencil', 109, '#pageSearchTable', 'modal', '#pageSearchEditModal', 'a', 0, 1, '#pageSearchTable', 'ajax'),
(25, 'add', '新增', '/permission/page_search/add', '', 2, 'fa fa-plus', 109, '', 'modal', '#pageSearchAddModal', 'button', 0, 0, '#pageSearchTable', 'ajax'),
(26, 'remove', '删除', '/permission/page_search/remove', '', 3, 'fa fa-trash-o', 109, '', 'backstage', '#pageSearchTable', 'a', 1, 0, '#pageSearchTable', ''),
(27, 'edit', '编辑', '/permission/page_form/edit', '', 1, 'fa fa-pencil', 110, '#pageFormTable', 'modal', '#pageFormEditModal', 'a', 0, 1, '#pageFormTable', 'ajax'),
(28, 'add', '新增', '/permission/page_form/add', '', 2, 'fa fa-plus', 110, '', 'modal', '#pageFormAddModal', 'button', 0, 0, '#pageFormTable', 'ajax'),
(29, 'remove', '删除', '/permission/page_form/remove', '', 3, 'fa fa-trash-o', 110, '', 'backstage', '#pageFormTable', 'a', 1, 0, '#pageFormTable', ''),
(30, 'warehouse_order_product', '库位订单', '/warehouse/warehouse_order_product/index/read', '', 1, 'fa fa-eye', 101, '#warehouseTable', 'child', '#warehouseTable', 'a', 0, 1, '#warehouseTable', ''),
(34, 'enable', '启用', '/warehouse/warehouse_shelve/enable', '', 1, 'fa fa-pencil', 120, '#warehouseShelveTable', 'backstage', '#warehouseShelveTable', 'a', 1, 0, '#warehouseShelveTable', ''),
(35, 'add', '新增', '/warehouse/warehouse_shelve/add', NULL, 3, 'fa fa-plus', 120, '', 'modal', '#warehouseAreaAddModal', 'button', 0, 0, '', 'ajax'),
(37, 'out', '出库', '/warehouse/warehouse_order_product/out', 'warehouse_v', 1, 'fa fa-minus', 121, '#warehouseOrderProductTable', 'backstage', '#warehouseOrderProductTable', 'a', 1, 0, '#warehouseOrderProductTable', ''),
(39, 'move', '移库', '/warehouse/warehouse_order_product/move', '', 2, 'fa fa-exchange', 121, '#warehouseOrderProductTable', 'modal', '#warehouseOrderProductMoveModal', 'a', 1, 0, '#warehouseOrderProductTable', 'ajax'),
(41, 'in', '入库', '/warehouse/warehouse_order_product/in', '', 1, 'fa fa-plus', 122, '', 'modal', '#warehouseWaitingInInModal', 'button', 0, 0, '', 'ajax'),
(43, 'pick_sheet_detail', '查看明细', '/warehouse/pick_sheet_detail/index/read', '', 1, 'fa fa-eye', 124, '', 'child', '#pickSheetTable', 'a', 0, 1, '#pickSheetTable', ''),
(44, 'scan', '扫描', '/warehouse/pick_scan/index/read', 'stock_outted_v', 1, 'fa fa-qrcode', 126, '', 'child', '#pickSheetDetailTable', 'a', 0, 0, '#pickSheetDetailTable', ''),
(45, 'print', '打印', '/warehouse/pick_sheet_print', 'stock_outted_v', 2, 'fa fa-print', 126, '', 'child', '#pickSheetDetailTable', 'a', 0, 0, '', ''),
(46, 'print', '打印', '/warehouse/outted_sheet/index/print', NULL, 1, 'fa fa-print', 125, '', 'blank', '#outtedSheetTable', 'a', 0, 0, '#outtedSheetTable', ''),
(47, 'edit', '编辑', '/manage/user/edit', '', 1, 'fa fa-pencil', 128, '#userTable', 'modal', '#userEddModal', 'a', 0, 1, '#userTable', 'ajax'),
(48, 'add', '添加', '/manage/user/add', '', 5, 'fa fa-plus', 128, '', 'modal', '#userAddModal', 'button', 0, 0, '', 'ajax'),
(49, 'remove', '删除', '/manage/user/remove', '', 6, 'fa fa-trash-o', 128, '', 'backstage', '#userTable', 'a', 1, 0, '#userTable', ''),
(50, 'save', '保存', '/permission/usergroup_role/edit', 'usergroup_v', 1, 'fa fa-save', 129, '#usergroupRoleTable', 'backstage', '#usergroupRoleTable', 'a', 1, 0, '#usergroupRoleTable', ''),
(51, 'edit', '编辑', '/permission/role/edit', '', 1, 'fa fa-pencil', 104, '#roleTable', 'modal', '#roleEditModal', 'a', 0, 1, '#roleTable', 'ajax'),
(52, 'role_menu', '角色菜单权限', '/permission/role_menu/index/read', 'role_v-', 2, 'fa fa-eye', 104, '#roleTable', 'child', '#roleTable', 'a', 0, 1, '#roleTable', ''),
(53, 'role_visit', '角色访问控制权限', '/permission/role_visit/index/read', '', 3, 'fa fa-eye', 104, '#roleTable', 'child', '#roleTable', 'a', 0, 1, '#roleTable', ''),
(54, 'role_func', '角色功能权限', '/permission/role_func/index/read', '', 4, 'fa fa-eye', 104, '#roleTable', 'child', '#roleTable', 'a', 0, 1, '#roleTable', ''),
(55, 'role_form', '角色表单权限', '/permission/role_form/index/read', '', 5, 'fa fa-eye', 104, '#roleTable', 'child', '#roleTable', 'a', 0, 1, '#roleTable', ''),
(56, 'role_card', '角色卡片权限', '/permission/role_card/index/read', '', 6, 'fa fa-eye', 104, '#roleTable', 'child', '#roleTable', 'a', 0, 1, '#roleTable', ''),
(57, 'role_element', '角色元素权限', '/permission/role_element/index/read', '', 7, 'fa fa-eye', 104, '#roleTable', 'child', '#roleTable', 'a', 0, 1, '#roleTable', ''),
(58, 'role_page_search', '角色页面搜索权限', '/permission/role_page_search/index/read', '', 8, 'fa fa-eye', 104, '#roleTable', 'child', '#roleTable', 'a', 0, 1, '#roleTable', ''),
(59, 'add', '新增', '/permission/role/add', NULL, 11, 'fa fa-plus', 104, '', 'modal', '#roleAddModal', 'button', 0, 0, '', 'ajax'),
(60, 'remove', '删除', '/permission/role/remove', '', 12, 'fa fa-pencil', 104, '', 'backstage', '#roleTable', 'a', 1, 0, '#roleTable', ''),
(61, 'save', '保存', '/permission/role_menu/edit', 'role_v-', 1, 'fa fa-save', 130, '#roleMenuTable', 'backstage', '#roleMenuTable', 'a', 1, 0, '#roleMenuTable', ''),
(62, 'save', '保存', '/permission/role_card/edit', 'role_v-', 1, 'fa fa-save', 134, '#roleCardTable', 'backstage', '#roleCardTable', 'a', 1, 0, '#roleCardTable', ''),
(63, 'save', '保存', '/permission/role_element/edit', 'role_v-', 1, 'fa fa-save', 135, '#roleElementTable', 'backstage', '#roleElementTable', 'a', 1, 0, '#roleElementTable', ''),
(64, 'save', '保存', '/permission/role_func/edit', 'role_v-', 1, 'fa fa-save', 132, '#roleFuncTable', 'backstage', '#roleFuncTable', 'a', 1, 0, '#roleFuncTable', ''),
(65, 'save', '保存', '/permission/role_form/edit', 'role_v-', 1, 'fa fa-save', 133, '#roleFormTable', 'backstage', '#roleFormTable', 'a', 1, 0, '#roleFormTable', ''),
(66, 'save', '保存', '/permission/role_page_search/edit', 'role_v-', 1, 'fa fa-save', 136, '#rolePageSearchTable', 'backstage', '#rolePageSearchTable', 'a', 1, 0, '#rolePageSearchTable', ''),
(67, 'save', '保存', '/permission/role_visit/edit', 'role_v-', 1, 'fa fa-save', 131, '#roleVisitTable', 'backstage', '#roleVisitTable', 'a', 1, 0, '#roleVisitTable', ''),
(68, 'save', '保存', '/permission/role_page_form/edit', 'role_v-', 1, 'fa fa-save', 137, '#rolePageFormTable', 'backstage', '#rolePageFormTable', 'a', 1, 0, '#rolePageFormTable', ''),
(69, 'role_page_form', '角色页面表单权限', '/permission/role_page_form/index/read', '', 10, 'fa fa-eye', 104, '#roleTable', 'child', '#roleTable', 'a', 0, 1, '#roleTable', ''),
(71, 'edit', '编辑', '/permission/form_page/edit', '', 1, 'fa fa-pencil', 138, '#formPageTable', 'modal', '#formPageEditModal', 'a', 0, 1, '#formPageTable', 'ajax'),
(72, 'add', '新增', '/permission/form_page/add', '', 3, 'fa fa-plus', 138, '', 'modal', '#formPageAddModal', 'button', 0, 0, '#formPageTable', 'ajax'),
(73, 'remove', '删除', '/permission/form_page/remove', '', 4, 'fa fa-trash-o', 138, '', 'backstage', '#formPageTable', 'a', 1, 0, '#formPageTable', ''),
(74, 'page_form', '页面表单', '/permission/page_form/index/read', '', 2, 'fa fa-eye', 138, '#formPageTable', 'child', '#formPageTable', 'a', 0, 1, '#formPageTable', ''),
(75, 'save', '保存', '/permission/role_form_page/edit', 'role_v-', 1, 'fa fa-save', 139, '#roleFormPageTable', 'backstage', '#roleFormPageTable', 'a', 1, 0, '#roleFormPageTable', ''),
(76, 'edit', '编辑', '/permission/form/edit', '', 1, 'fa fa-pencil', 140, '#formTable', 'modal', '#formEditModal', 'a', 0, 1, '#formTable', 'ajax'),
(77, 'add', '新增', '/permission/form/add', '', 2, 'fa fa-plus', 140, '', 'modal', '#formAddModal', 'button', 0, 0, '#formTable', 'ajax'),
(78, 'remove', '删除', '/permission/form/remove', '', 3, 'fa fa-trash-o', 140, '', 'backstage', '#formTable', 'a', 1, 0, '#formTable', ''),
(80, 'edit', '编辑', '/permission/element/edit', '', 1, 'fa fa-pencil', 141, '#elementTable', 'modal', '#elementEditModal', 'a', 0, 1, '#elementTable', 'ajax'),
(81, 'add', '新增', '/permission/element/add', '', 2, 'fa fa-plus', 141, '', 'modal', '#elementAddModal', 'button', 0, 0, '#elementTable', 'ajax'),
(82, 'remove', '删除', '/permission/element/remove', '', 3, 'fa fa-trash-o', 141, '', 'backstage', '#elementTable', 'a', 1, 0, '#elementTable', ''),
(83, 'page_search', '页面搜索', '/permission/page_search/index/read', 'menu_v', 3, 'fa fa-eye', 105, '#menuTable', 'child', '#menuTable', 'a', 0, 1, '#menuTable', ''),
(84, 'role_form_page', '角表单页面权限', '/permission/role_form_page/index/read', '', 9, 'fa fa-eye', 104, '#roleTable', 'child', '#roleTable', 'a', 0, 1, '#roleTable', ''),
(85, 'edit', '编辑', '/permission/visit/edit', '', 1, 'fa fa-pencil', 106, '#visitTable', 'modal', '#visitEditModal', 'a', 0, 1, '#visitTable', 'ajax'),
(86, 'add', '新增', '/permission/visit/add', '', 2, 'fa fa-plus', 106, '', 'modal', '#visitAddModal', 'button', 0, 0, '#visitTable', 'ajax'),
(87, 'remove', '删除', '/permission/visit/remove', '', 3, 'fa fa-trash-o', 106, '', 'backstage', '#visitTable', 'a', 1, 0, '#visitTable', ''),
(90, 'unable', '停用', '/warehouse/warehouse_shelve/unable', '', 2, 'fa fa-times', 120, '#warehouseShelveTable', 'backstage', '#warehouseShelveTable', 'a', 1, 0, '#warehouseShelveTable', ''),
(92, 'remove', '删除', '/warehouse/warehouse_shelve/remove', '', 4, 'fa fa-trash-o', 120, '', 'backstage', '#warehouseShelveTable', 'a', 1, 0, '#warehouseShelveTable', ''),
(93, 'enable', '可用', '/warehouse/warehouse/enable', '', 2, 'fa fa-circle-o', 101, '#warehouseTable', 'backstage', '#warehouseTable', 'a', 1, 0, '#warehouseTable', ''),
(94, 'occupy', '占用', '/warehouse/warehouse/occupy', '', 3, 'fa fa-dot-circle-o', 101, '#warehouseTable', 'backstage', '#warehouseTable', 'a', 1, 0, '#warehouseTable', ''),
(95, 'unable', '停用', '/warehouse/warehouse/unable', '', 4, 'fa fa-times-circle', 101, '#warehouseTable', 'backstage', '#warehouseTable', 'a', 1, 0, '#warehouseTable', ''),
(96, 'pick_sheet_print', '打印', '/warehouse/pick_sheet_print', '', 2, 'fa fa-print', 124, '', 'child', '#pickSheetTable', 'a', 0, 1, '13617130218', ''),
(98, 'remove', '删除', '/order/mrp/remove', '', 3, 'fa fa-trash-o', 146, '', 'backstage', '#mrpTable', 'a', 1, 0, '#mrpTable', ''),
(99, 'edit', '编辑', '/workflow/workflow_mrp/edit', '', 1, 'fa fa-pencil', 147, '#workflowMrpTable', 'modal', '#workflowMrpEditModal', 'a', 0, 1, '#workflowMrpTable', 'ajax'),
(100, 'add', '新增', '/workflow/workflow_mrp/add', '', 2, 'fa fa-plus', 147, '', 'modal', '#workflowMrpAddModal', 'button', 0, 0, '#workflowMrpTable', 'ajax'),
(101, 'remove', '删除', '/workflow/workflow_mrp/remove', '', 3, 'fa fa-trash-o', 147, '', 'backstage', '#workflowMrpTable', 'a', 1, 0, '#workflowMrpTable', ''),
(102, 'distribution', '分配', '/order/mrp/distribution', '', 2, 'fa fa-plus', 146, '', 'modal', '#mrpDistributionModal', 'a', 1, 0, '#mrpTable', 'ajax'),
(103, 're_shear', '重新分配', '/order/mrp/re_shear', '', 1, 'fa fa-rotate-left', 146, '#mrpTable', 'backstage', '#mrpTable', 'a', 1, 0, '#mrpTable', ''),
(104, 'electronic_sawed', '确认下料', '/order/electronic_saw/edit', '', 1, 'fa fa-pencil', 87, '', 'backstage', '#electronicSawTable', 'a', 1, 0, '#electronicSawTable', ''),
(105, 'workflow_order_product_msg', '跟踪', '/workflow/workflow_order_product_msg/index/read', '', 1, 'fa fa-hourglass-1', 145, '#produceProcessTrackingTable', 'child', '#produceProcessTrackingTable', 'a', 0, 1, '#produceProcessTrackingTable', ''),
(106, 'lack_detail', '差板块详情', '/order/lack_detail/index/read', '', 1, 'fa fa-eye', 62, '#lackTable', 'child', '#lackTable', 'a', 0, 1, '#lackTable', ''),
(109, 'edit', '编辑', '/workflow/workflow_order_product_board/edit', '', 1, 'fa fa-pencil', 152, '#workflowOrderProductBoardTable', 'modal', '#workflowOrderProductBoardEditModal', 'a', 0, 1, '#workflowOrderProductBoardTable', 'ajax'),
(110, 'add', '新增', '/workflow/workflow_order_product_board/add', '', 2, 'fa fa-plus', 152, '', 'modal', '#workflowOrderProductBoardAddModal', 'button', 0, 0, '#workflowOrderProductBoardTable', 'ajax'),
(111, 'remove', '删除', '/workflow/workflow_order_product_board/remove', '', 3, 'fa fa-trash-o', 152, '', 'backstage', '#workflowOrderProductBoardTable', 'a', 1, 0, '#workflowOrderProductBoardTable', ''),
(112, 'edit', '确认封边', '/order/edge/edit', '-type', 2, 'fa fa-plus', 89, '', 'backstage', '#edgeTable', 'a', 1, 0, '#edgeTable', ''),
(113, 'edit', '确认打孔', '/order/punch/edit', '', 1, 'fa fa-plus', 90, '', 'backstage', '#punchTable', 'a', 1, 0, '#punchTable', ''),
(116, 'statistic', '下料统计', '/order/electronic_saw_statistic/index/read', '--keyword,distribution,start_date,start_date,status', 2, 'fa fa-bar-chart', 87, '', 'child', '', 'a', 0, 0, '', ''),
(117, 'statistic', '封边统计', '/order/edge_statistic/index/read', '--keyword,edger,start_date,end_date,status', 3, 'fa fa-bar-chart', 89, '', 'child', '', 'a', 0, 0, '', ''),
(118, 'statistic', '打孔统计', '/order/punch_statistic/index/read', '--keyword,puncher,start_date,end_date,status', 2, 'fa fa-bar-chart', 90, '', 'child', '', 'a', 0, 0, '', ''),
(119, 'statistic', '扫描统计', '/order/scan_statistic/index/read', '--keyword,scan,start_date,end_date,status', 3, 'fa fa-bar-chart', 154, '', 'child', '', 'a', 0, 0, '', ''),
(120, 'statistic', '打包统计', '/order/pack_statistic/index/read', '--keyword,pack,start_date,end_date,status', 2, 'fa fa-bar-chart', 155, '', 'child', '', 'a', 0, 0, '', ''),
(121, 'edit', '编辑', '/warehouse/warehouse_area/edit', '', 1, 'fa fa-pencil', 161, '#warehouseAreaTable', 'modal', '#warehouseAreaEditModal', 'a', 0, 1, '#warehouseAreaTable', 'ajax'),
(122, 'add', '新增', '/warehouse/warehouse_area/add', '', 4, 'fa fa-plus', 161, '', 'modal', '#warehouseAreaAddModal', 'button', 0, 0, '#warehouseAreaTable', 'ajax'),
(123, 'enable', '启用', '/warehouse/warehouse/enable', '', 2, 'fa fa-check', 161, '#warehouseAreaTable', 'backstage', '#warehouseAreaTable', 'a', 1, 0, '#warehouseAreaTable', ''),
(124, 'unable', '停用', '/warehouse/warehouse/unable', '', 3, 'fa fa-times', 161, '#warehouseAreaTable', 'backstage', '#warehouseAreaTable', 'a', 1, 0, '#warehouseAreaTable', ''),
(125, 'edit', '编辑', '/warehouse/unqrcode/edit', '', 1, 'fa fa-pencil', 162, '#unqrcodeTable', 'modal', '#unqrcodeEditModal', 'a', 0, 1, '#unqrcodeEditModal', 'ajax'),
(126, 'add', '新增', '/warehouse/unqrcode/add', '', 2, 'fa fa-plus', 162, '', 'modal', '#unqrcodeAddModal', 'button', 0, 0, '', 'ajax'),
(127, 'remove', '删除', '/warehouse/unqrcode/remove', '', 4, 'fa fa-trash-o', 162, '', 'backstage', '#unqrcodeTable', 'a', 1, 0, '#unqrcodeTable', ''),
(128, 'label', '打印标签', '/warehouse/unqrcode_label', '', 3, 'fa fa-print', 162, '', 'child', '#unqrcodeTable', 'a', 0, 1, '#unqrcodeTable', ''),
(129, 'correct', '扫描校正', '/order/scan/correct', '', 1, 'fa fa-pencil', 154, '#scanTable', 'modal', '#scanCorrectTable', 'a', 1, 0, '#scanTable', 'ajax'),
(130, 'correct', '打包校正', '/order/pack/correct', '', 1, 'fa fa-pencil', 155, '#packTable', 'modal', '#packCorrectModal', 'a', 1, 0, '#packTable', 'ajax'),
(131, 'distribution', '分配', '/order/produce_door/distribution', '', 1, 'fa fa-plus', 81, '#produceDoorTable', 'modal', '#produceDoorDistributionModal', 'a', 1, 0, '#produceDoorTable', 'ajax'),
(132, 'distribution', '分配', '/order/produce_wood/distribution', '', 1, 'fa fa-plus', 82, '#produceWoodTable', 'modal', '#produceWoodDistributionModal', 'a', 1, 0, '#produceWoodTable', 'ajax'),
(133, 'edit', '编辑', '/data/configs/edit', '', 1, 'fa fa-pencil', 163, '#configsTable', 'modal', '#configsEditModal', 'a', 0, 1, '#configsTable', 'ajax'),
(134, 'add', '新增', '/data/configs/add', '', 2, 'fa fa-plus', 163, '', 'modal', '#configsAddModal', 'button', 0, 0, '#configsTable', 'ajax'),
(135, 'remove', '删除', '/data/configs/remove', '', 3, 'fa fa-trash-o', 163, '', 'backstage', '#configsTable', 'a', 1, 0, '#configsTable', ''),
(136, 'stop', '停用', '/manage/user/stop', '', 2, 'fa fa-times-circle', 128, '#userTable', 'backstage', '#userTable', 'a', 1, 0, '#userTable', ''),
(137, 'start', '启用', '/manage/user/start', '', 3, 'fa fa-check-circle', 128, '#userTable', 'backstage', '#userTable', 'a', 1, 0, '#userTable', ''),
(138, 'offtime', '休假', '/manage/user/offtime', '', 4, 'fa fa-circle', 128, '#userTable', 'backstage', '#userTable', 'a', 1, 0, '#userTable', ''),
(139, 'stop', '停用', '/manage/myself/stop', '', 1, 'fa fa-times-circle', 5, '', 'backstage', '', 'a', 0, 0, '', ''),
(140, 'start', '启用', '/manage/myself/start', '', 2, 'fa fa-check-circle', 5, '', 'backstage', '', 'a', 0, 0, '', ''),
(141, 'edit', '编辑', '/dealer/dealer/edit', '', 1, 'fa fa-pencil', 14, '#dealerTable', 'modal', '#dealerAddModal', 'a', 0, 1, '#dealerTable', 'ajax'),
(142, 'shop', '店面', '/dealer/shop/index/read', '', 2, 'fa fa-home', 14, '#dealerTable', 'child', '#dealerTable', 'a', 0, 1, '#dealerTable', ''),
(143, 'dealer_linker', '联系人', '/dealer/dealer_linker/index/read', '', 3, 'fa fa-users', 14, '#dealerTable', 'child', '#dealerTable', 'a', 0, 1, '#dealerTable', ''),
(144, 'dealer_delivery', '收货', '/dealer/dealer_delivery/index/read', '', 4, 'fa fa-truck', 14, '#dealerTable', 'child', '#dealerTable', 'a', 0, 1, '#dealerTable', ''),
(145, 'owner', '属主', '/dealer/dealer_owner/index/read', '', 5, 'fa fa-user-o', 14, '#dealerTable', 'child', '#dealerTable', 'a', 0, 1, '#dealerTable', ''),
(146, 'track', '跟踪', '/dealer/dealer_track/index/read', '', 6, 'fa fa-hand-o-right', 14, '#dealerTable', 'child', '#dealerTable', 'a', 0, 1, '#dealerTable', ''),
(147, 'dealer_balance', '对账单', '/dealer/dealer_balance/index/read', '', 7, 'fa fa-money', 14, '#dealerTable', 'child', '#dealerTable', 'a', 0, 1, '#dealerTable', ''),
(148, 'stop', '禁用', '/dealer/dealer/stop', '', 8, 'fa fa-stop', 14, '#dealerTable', 'backstage', '#dealerTable', 'a', 1, 0, '#dealerTable', ''),
(149, 'add', '新增', '/dealer/dealer/add', '', 12, 'fa fa-plus', 14, '', 'modal', '#dealerAddTable', 'button', 0, 0, '', 'ajax'),
(150, 'start', '启用', '/dealer/dealer/start', '', 9, 'fa fa-play', 14, '#dealerTable', 'backstage', '#dealerTable', 'a', 1, 0, '#dealerTable', ''),
(151, 'remove', '删除', '/dealer/dealer/remove', '', 13, 'fa fa-trash-o', 14, '', 'backstage', '#dealerTable', 'a', 1, 0, '#dealerTable', ''),
(152, 'claim', '认领', '/dealer/dealer_owner/claim', '', 10, 'fa fa-hand-o-down', 14, '#dealerTable', 'backstage', '#dealerTable', 'a', 1, 0, '#dealerTable', ''),
(153, 'release', '释放', '/dealer/dealer_owner/release', '', 11, 'fa fa-hand-o-up', 14, '#dealerTable', 'backstage', '#dealerTable', 'a', 1, 0, '#dealerTable', ''),
(154, 'edit', '编辑', '/dealer/shop/edit', '', 1, 'fa fa-pencil', 16, '#shopTable', 'modal', '#shopEditModal', 'a', 0, 1, '#shopTable', 'ajax'),
(155, 'dealer_linker', '联系人', '/dealer/dealer_linker_shop/index/read', 'dealer_id', 2, 'fa fa-users', 16, '#shopTable', 'child', '#shopTable', 'a', 0, 1, '#shopTable', ''),
(156, 'dealer_delivery', '收货', '/dealer/dealer_delivery_shop/index/read', 'dealer_id', 3, 'fa fa-truck', 16, '#shopTable', 'child', '#shopTable', 'a', 0, 1, '#shopTable', ''),
(157, 'add', '新增', '/dealer/shop/add', '', 5, 'fa fa-plus', 16, '', 'modal', '#shopAddModal', 'button', 0, 0, '#shopTable', 'ajax'),
(158, 'remove', '删除', '/dealer/shop/remove', '', 6, 'fa fa-trash-o', 16, '', 'backstage', '#shopTable', 'a', 1, 0, '#shopTable', ''),
(159, 'track', '跟踪', '/dealer/dealer_track/index/read', 'dealer_id--', 4, 'fa fa-hand-o-right', 16, '#shopTable', 'child', '#shopTable', 'a', 0, 1, '#shopTable', ''),
(160, 'edit', '编辑', '/dealer/dealer_linker/edit', '', 1, 'fa fa-pencil', 164, '#dealerLinkerTable', 'modal', '#dealerEditModal', 'a', 0, 1, '#dealerLinkerTable', 'ajax'),
(161, 'add', '新增', '/dealer/dealer_linker/add', '', 2, 'fa fa-plus', 164, '', 'modal', '#dealerAddModal', 'button', 0, 0, '#dealerLinkerTable', 'ajax'),
(162, 'remove', '删除', '/dealer/dealer_linker/remove', '', 3, 'fa fa-remove', 164, '', 'backstage', '#dealerLinkerTable', 'a', 1, 0, '#dealerLinkerTable', ''),
(163, 'edit', '编辑', '/dealer/dealer_delivery/edit', '', 1, 'fa fa-pencil', 165, '#dealerDeliveryTable', 'modal', '#dealerDeliveryEditModal', 'a', 0, 1, '#dealerDeliveryTable', 'ajax'),
(164, 'add', '新增', '/dealer/dealer_delivery/add', '', 2, 'fa fa-plus', 165, '', 'modal', '#dealerDeliveryAddModal', 'button', 0, 0, '#dealerDeliveryTable', 'ajax'),
(165, 'remove', '删除', '/dealer/dealer_delivery/remove', '', 3, 'fa fa-trash-o', 165, '', 'backstage', '#dealerDeliveryTable', 'a', 1, 0, '#dealerDeliveryTable', ''),
(166, 'edit', '编辑', '/dealer/dealer_owner/edit', '', 1, 'fa fa-pencil', 166, '#dealerOwnerTable', 'modal', '#dealerOwnerEditModal', 'a', 0, 1, '#dealerOwnerTable', 'ajax'),
(167, 'add', '新增', '/dealer/dealer_owner/add', '', 2, 'fa fa-plus', 166, '', 'modal', '#dealerOwnerAddModal', 'button', 0, 0, '#dealerOwnerTable', 'ajax'),
(168, 'remove', '删除', '/dealer/dealer_owner/remove', '', 3, 'fa fa-trash-o', 166, '', 'backstage', '#dealerOwnerTable', 'a', 1, 0, '#dealerOwnerTable', ''),
(169, 'add', '新增', '/dealer/dealer_track/add', '', 1, 'fa fa-plus', 167, '', 'modal', '#dealerTrackAddModal', 'button', 0, 0, '#dealerTrackTable', 'ajax'),
(170, 'add', '引入联系人', '/dealer/dealer_linker_shop/add', '', 2, 'fa fa-long-arrow-down', 168, '', 'modal', '#dealerLinkerShopAddModal', 'button', 0, 0, '#dealerLinkerShopTable', 'ajax'),
(171, 'dealer_linker_add', '新建', '/dealer/dealer_linker/add', '', 3, 'fa fa-plus', 168, '', 'modal', '#dealerLinkerShopDealerLinkerAddModal', 'button', 0, 0, '#dealerLinkerShopTable', 'ajax'),
(172, 'edit', '编辑', '/dealer/dealer_linker_shop/edit', '', 1, 'fa fa-pencil', 168, '#dealerLinkerTable', 'modal', '#dealerLinkerShopEditModal', 'a', 1, 1, '#dealerLinkerShopTable', 'ajax'),
(173, 'dealer_linker', '客户联系人', '/dealer/dealer_linker/index/read', 'dealer_id', 4, 'fa fa-users', 168, '', 'child', '#dealerLinkerShopTable', 'a', 0, 0, '#dealerLinkerShopTable', ''),
(174, 'edit', '编辑', '/dealer/dealer_delivery_shop/edit', '', 1, 'fa fa-pencil', 169, '#dealerDeliveryShopTable', 'modal', '#dealerDeliveryShopEditModal', 'a', 0, 1, '#dealerDeliveryShopTable', 'ajax'),
(175, 'add', '引入收货', '/dealer/dealer_delivery_shop/add', '', 2, 'fa fa-long-arrow-down', 169, '', 'modal', '#dealerDeliveryShopAddModal', 'button', 0, 0, '#dealerDeliveryShopTable', 'ajax'),
(176, 'dealer_delivery_add', '新增', '/dealer/dealer_delivery/add', '', 3, 'fa fa-plus', 169, '', 'modal', '#dealerDeliveryShopDealerDeliveryAddModal', 'button', 0, 0, '#dealerDeliveryShopTable', 'ajax'),
(177, 'dealer_delivery', '管理收货', '/dealer/dealer_delivery/index/read', 'dealer_id', 4, 'fa fa-truck', 169, '', 'child', '#dealerDeliveryShopTable', 'a', 0, 0, '#dealerDeliveryShopTable', ''),
(178, 'edit', '编辑', '/dealer/dealer/edit', '', 1, 'fa fa-pencil', 15, '#myDealerTable', 'modal', '#myDealerEditModal', 'a', 0, 1, '#myDealerTable', 'ajax'),
(179, 'shop', '店面', '/dealer/shop/index/read', '', 2, 'fa fa-home', 15, '#myDealerTable', 'child', '#myDealerTable', 'a', 0, 1, '#myDealerTable', ''),
(180, 'dealer_linker', '联系人', '/dealer/dealer_linker/index/read', '', 3, 'fa fa-users', 15, '#myDealerTable', 'child', '#myDealerTable', 'a', 0, 1, '#myDealerTable', ''),
(181, 'dealer_delivery', '收货', '/dealer/dealer_delivery/index/read', '', 4, 'fa fa-truck', 15, '#myDealerTable', 'child', '#myDealerTable', 'a', 0, 1, '#myDealerTable', ''),
(182, 'owner', '属主', '/dealer/dealer_owner/index/read', '', 5, 'fa fa-user-o', 15, '#myDealerTable', 'child', '#myDealerTable', 'a', 0, 1, '#myDealerTable', ''),
(183, 'track', '跟踪', '/dealer/dealer_track/index/read', '', 6, 'fa fa-hand-o-right', 15, '#myDealerTable', 'child', '#myDealerTable', 'a', 0, 1, '#myDealerTable', ''),
(184, 'dealer_balance', '对账单', '/dealer/dealer_balance/index/read', '', 7, 'fa fa-money', 15, '#myDealerTable', 'child', '#myDealerTable', 'a', 0, 1, '#myDealerTable', ''),
(185, 'stop', '禁用', '/dealer/dealer/stop', '', 8, 'fa fa-stop', 15, '#myDealerTable', 'backstage', '#myDealerTable', 'a', 1, 0, '#myDealerTable', ''),
(186, 'start', '启用', '/dealer/dealer/start', '', 9, 'fa fa-play', 15, '#myDealerTable', 'backstage', '#myDealerTable', 'a', 1, 0, '#myDealerTable', ''),
(187, 'discard', '弃领', '/dealer/dealer_owner/discard', '', 10, 'fa fa-hand-o-up', 15, '#myDealerTable', 'backstage', '#myDealerTable', 'a', 1, 0, '#myDealerTable', ''),
(188, 'add', '新增', '/dealer/dealer/add', '', 11, 'fa fa-plus', 15, '', 'modal', '#myDealerAddTable', 'button', 0, 0, '#myDealerTable', 'ajax'),
(189, 'edit', '编辑', '/workflow/workflow_order/edit', '', 1, 'fa fa-pencil', 171, '#workflowOrderTable', 'modal', '#workflowOrderEditModal', 'a', 0, 1, '#workflowOrderTable', 'ajax'),
(190, 'add', '新增', '/workflow/workflow_order/add', '', 2, 'fa fa-plus', 171, '', 'modal', '#workflowOrderAddModal', 'button', 0, 0, '#workflowOrderTable', 'ajax'),
(191, 'remove', '删除', '/workflow/workflow_order/remove', '', 3, 'fa fa-trash-o', 171, '', 'backstage', '#workflowOrderTable', 'a', 1, 0, '#workflowOrderTable', ''),
(192, 'remove', '删除', '/workflow/workflow_order_product/remove', '', 3, 'fa fa-trash-o', 173, '', 'backstage', '#workflowOrderProductTable', 'a', 1, 0, '#workflowOrderProductTable', ''),
(193, 'edit', '编辑', '/workflow/workflow_order_product/edit', '', 1, 'fa fa-pencil', 173, '#workflowOrderProductTable', 'modal', '#workflowOrderProductEditModal', 'a', 0, 1, '#workflowOrderProductTable', 'ajax'),
(194, 'add', '新增', '/workflow/workflow_order_product/add', '', 2, 'fa fa-plus', 173, '', 'modal', '#workflowOrderProductAddModal', 'button', 0, 0, '#workflowOrderProductTable', 'ajax'),
(195, 'edit', '编辑', '/workflow/workflow_order_product_classify/edit', '', 1, 'fa fa-pencil', 174, '#workflowOrderProductClassifyTable', 'modal', '#workflowOrderProductClassifyEditModal', 'a', 0, 1, '#workflowOrderProductClassifyTable', 'ajax'),
(196, 'add', '新增', '/workflow/workflow_order_product_classify/add', '', 2, 'fa fa-plus', 174, '', 'modal', '#workflowOrderProductClassifyAddModal', 'button', 0, 0, '#workflowOrderProductClassifyTable', 'ajax'),
(197, 'remove', '删除', '/workflow/workflow_order_product_classify/remove', '', 3, 'fa fa-trash-o', 174, '', 'backstage', '#workflowOrderProductClassifyTable', 'a', 1, 0, '#workflowOrderProductClassifyTable', ''),
(198, 'edit', '编辑', '/data/area/edit', '', 1, 'fa fa-pencil', 23, '#areaTable', 'modal', '#areaEditModal', 'a', 0, 1, '#areaTable', 'ajax'),
(199, 'add', '新增', '/data/area/add', '', 2, 'fa fa-plus', 23, '', 'modal', '#areaAddModal', 'button', 0, 0, '#areaTable', 'ajax'),
(200, 'remove', '删除', '/data/area/remove', '', 3, 'fa fa-trash-o', 23, '', 'backstage', '#areaTable', 'a', 1, 0, '#areaTable', ''),
(201, 'edit', '编辑', '/data/logistics/edit', '', 1, 'fa fa-pencil', 24, '#logisticsTable', 'modal', '#logisticsEditModal', 'a', 0, 1, '#logisticsTable', 'ajax'),
(202, 'add', '新增', '/data/logistics/add', '', 2, 'fa fa-plus', 24, '', 'modal', '#logisticsAddModal', 'button', 0, 0, '#logisticsTable', 'ajax'),
(203, 'remove', '删除', '/data/logistics/remove', '', 3, 'fa fa-trash-o', 24, '', 'backstage', '#logisticsTable', 'a', 1, 0, '#logisticsTable', ''),
(205, 'edit', '编辑', '/data/position/edit', '', 1, 'fa fa-pencil', 17, '#positionTable', 'modal', '#positionEditModal', 'a', 0, 1, '#positionTable', 'ajax'),
(206, 'add', '新增', '/data/position/add', '', 2, 'fa fa-plus', 17, '', 'modal', '#positionAddModal', 'button', 0, 0, '#positionTable', 'ajax'),
(207, 'remove', '删除', '/data/position/remove', '', 3, 'fa fa-trash-o', 17, '', 'backstage', '#positionTable', 'a', 1, 0, '#positionTable', ''),
(208, 'edit', '编辑', '/data/track_title/edit', '', 1, 'fa fa-pencil', 176, '#trackTitleTable', 'modal', '#trackTitleEditModal', 'a', 0, 1, '#trackTitleTable', 'ajax'),
(209, 'add', '编辑', '/data/track_title/add', '', 2, 'fa fa-plus', 176, '', 'modal', '#trackTitleAddModal', 'button', 0, 0, '#trackTitleTable', ''),
(210, 'remove', '删除', '/data/track_title/remove', '', 3, 'fa fa-trash-o', 176, '', 'backstage', '#trackTitleTable', 'a', 1, 0, '#trackTitleTable', ''),
(211, 'remove', '删除', '/data/board_color/remove', '', 3, 'fa fa-trash-o', 32, '', 'backstage', '#boardColorTable', 'a', 1, 0, '#boardColorTable', ''),
(212, 'edit', '编辑', '/data/board_color/edit', '', 1, 'fa fa-pencil', 32, '#boardColorTable', 'modal', '#boardColorEditModal', 'a', 0, 1, '#boardColorTable', 'ajax'),
(213, 'add', '新增', '/data/board_color/add', '', 2, 'fa fa-plus', 32, '', 'modal', '#boardColorAddModal', 'button', 0, 0, '#boardColorTable', 'ajax'),
(214, 'add', '新增', '/data/board_thick/add', '', 2, 'fa fa-plus', 31, '', 'modal', '#boardThickAddModal', 'button', 0, 0, '#boardThickTable', 'ajax'),
(215, 'edit', '编辑', '/data/board_thick/edit', '', 1, 'fa fa-pencil', 31, '#boardThickTable', 'modal', '#boardThickEditModal', 'a', 0, 1, '#boardThickTable', 'ajax'),
(216, 'remove', '删除', '/data/board_thick/remove', '', 3, 'fa fa-trash-o', 31, '', 'backstage', '#boardThickTable', 'a', 1, 0, '#boardThickTable', ''),
(217, 'remove', '删除', '/data/board_nature/remove', '', 3, 'fa fa-trash-o', 33, '', 'backstage', '#boardNatureTable', 'a', 1, 0, '#boardNatureTable', ''),
(218, 'edit', '编辑', '/data/board_nature/edit', '', 1, 'fa fa-pencil', 33, '#boardNatureTable', 'modal', '#boardNatureEditTable', 'a', 0, 1, '#boardNatureTable', 'ajax'),
(219, 'add', '新增', '/data/board_nature/add', '', 2, 'fa fa-plus', 33, '', 'modal', '#boardNatureAddTable', 'button', 0, 0, '#boardNatureTable', 'ajax'),
(220, 'edit', '编辑', '/data/board_class/edit', '', 1, 'fa fa-pencil', 34, '#boardClassTable', 'modal', '#boardClassEditModal', 'a', 0, 1, '#boardClassTable', 'ajax'),
(221, 'add', '新增', '/data/board_class/add', '', 2, 'fa fa-plus', 34, '', 'modal', '#boardClassAddModal', 'button', 0, 0, '#boardClassTable', 'ajax'),
(222, 'remove', '删除', '/data/board_class/remove', '', 3, 'fa fa-trash-o', 34, '', 'backstage', '#boardClassTable', 'a', 1, 0, '#boardClassTable', ''),
(223, 'stop', '停售', '/product/board/stop', '', 1, 'fa fa-times-rectangle', 39, '#boardTable', 'backstage', '#boardTable', 'a', 1, 0, '#boardTable', ''),
(224, 'start', '起售', '/product/board/start', '', 2, 'fa fa-check-square', 39, '#boardTable', 'backstage', '#boardTable', 'a', 1, 0, '#boardTable', ''),
(225, 'edit', '编辑', '/product/board/edit', '', 3, 'fa fa-pencil', 39, '#boardTable', 'modal', '#boardEditTable', 'a', 0, 1, '#boardTable', 'ajax'),
(226, 'add', '新增', '/product/board/add', '', 7, 'fa fa-plus', 39, '', 'modal', '#boardAddTable', 'button', 0, 0, '#boardTable', 'ajax'),
(227, 'saler_price_add', '我来定价', '/product/saler_board_price/add', '', 5, 'fa fa-money', 39, '#boardTable', 'modal', '#salerBoardPriceAddModal', 'a', 1, 0, '#boardTable', 'ajax'),
(228, 'saler_price', '销售定价', '/product/saler_board_price/index/read', '', 6, 'fa fa-user', 39, '#boardTable', 'child', '#boardTable', 'a', 0, 1, '#boardTable', ''),
(229, 'edit', '编辑', '/supplier/supplier/edit', '', 1, 'fa fa-pencil', 36, '#supplierTable', 'modal', '#supplierEditModal', 'a', 0, 1, '#supplierTable', 'ajax'),
(230, 'add', '新增', '/supplier/supplier/add', '', 2, 'fa fa-plus', 36, '', 'modal', '#supplierAddModal', 'button', 0, 0, '#supplierTable', 'ajax'),
(231, 'remove', '删除', '/supplier/supplier/remove', '', 3, 'fa fa-trash-o', 36, '', 'backstage', '#supplierTable', 'a', 1, 0, '#supplierTable', ''),
(232, 'edit', '编辑', '/data/unit/edit', '', 1, 'fa fa-pencil', 178, '#unitTable', 'modal', '#unitEditModal', 'a', 0, 1, '#unitTable', 'ajax'),
(233, 'add', '新增', '/data/unit/add', '', 2, 'fa fa-plus', 178, '', 'modal', '#unitAddModal', 'button', 0, 0, '#unitTable', 'ajax'),
(234, 'remove', '删除', '/data/unit/remove', '', 3, 'fa fa-trash-o', 178, '', 'backstage', '#unitTable', 'a', 1, 0, '#unitTable', ''),
(235, 'edit', '编辑', '/product/product/edit', '', 1, 'fa fa-pencil', 38, '#productTable', 'modal', '#productEditModal', 'a', 0, 1, '#productTable', 'ajax'),
(236, 'add', '新增', '/product/product/add', '', 3, 'fa fa-plus', 38, '', 'modal', '#productAddModal', 'button', 0, 0, '#productTable', 'ajax'),
(237, 'remove', '删除', '/product/product/remove', '', 4, 'fa fa-trash-o', 38, '', 'backstage', '#productTable', 'a', 1, 0, '#productTable', 'ajax'),
(238, 'edit', '编辑', '/product/goods/edit', '', 4, 'fa fa-pencil', 179, '#goodsTable', 'modal', '#goodsEditModal', 'a', 0, 1, '#goodsTable', 'ajax'),
(239, 'add', '新增', '/product/goods/add', '', 5, 'fa fa-plus', 179, '', 'modal', '#goodsAddModal', 'button', 0, 0, '#goodsTable', 'ajax'),
(240, 'remove', '删除', '/product/goods/remove', '', 6, 'fa fa-trash-o', 179, '', 'backstage', '#goodsTable', 'a', 1, 0, '#goodsTable', ''),
(241, 'goods_speci', '商品规格', '/product/goods_speci/index/read', '', 3, 'fa fa-bullseye', 179, '#goodsTable', 'child', '#goodsTable', 'a', 0, 1, '#goodsTable', ''),
(242, 'speci', '产品规格', '/product/speci/index/read', '', 2, 'fa fa-cube', 38, '#productTable', 'child', '#productTable', 'a', 0, 1, '#productTable', ''),
(244, 'add', '新增', '/product/speci/add', '', 2, 'fa fa-plus', 180, '', 'modal', '#speciAddModal', 'button', 0, 0, '#speciTable', 'ajax'),
(245, 'remove', '删除', '/product/speci/remove', '', 3, 'fa fa-trash-o', 180, '', 'backstage', '#speciTable', 'a', 1, 0, '#speciTable', ''),
(246, 'edit', '编辑', '/product/speci/edit', '', 1, 'fa fa-pencil', 180, '#speciTable', 'modal', '#speciEditModal', 'a', 0, 1, '#speciTable', 'ajax'),
(247, 'edit', '编辑', '/product/goods_speci/edit', '', 3, 'fa fa-pencil', 181, '#goodsSpeciTable', 'modal', '#goodsSpeciEditModal', 'a', 0, 1, '#goodsSpeciTable', 'ajax'),
(249, 'remove', '删除', '/product/goods_speci/remove', '', 6, 'fa fa-trash-o', 181, '', 'backstage', '#goodsSpeciTable', 'a', 1, 0, '#goodsSpeciTable', ''),
(250, 'saler_goods_price_add', '我来定价', '/product/saler_goods_price/add', '', 4, 'fa fa-money', 181, '#goodsSpeciTable', 'modal', '#salerGoodsPriceAddModal', 'a', 0, 1, '#goodsSpeciTable', 'ajax'),
(251, 'saler_goods_price', '销售定价', '/product/saler_goods_price/index/read', '', 5, 'fa fa-user', 181, '#goodsSpeciTable', 'child', '#goodsSpeciTable', 'a', 0, 1, '#goodsSpeciTable', ''),
(252, 'stop', '停售', '/product/goods_speci/stop', '', 1, 'fa fa-times-rectangle', 181, '#goodsSpeciTable', 'backstage', '#goodsSpeciTable', 'a', 1, 0, '#goodsSpeciTable', ''),
(253, 'start', '起售', '/product/goods_speci/start', '', 2, 'fa fa-check-square', 181, '#goodsSpeciTable', 'backstage', '#goodsSpeciTable', 'a', 1, 0, '#goodsSpeciTable', ''),
(254, 'stop', '停售', '/product/goods/stop', '', 1, 'fa fa-times-rectangle', 179, '#goodsTable', 'backstage', '#goodsTable', 'a', 1, 0, '#goodsTable', ''),
(255, 'start', '起售', '/product/goods/start', '', 2, 'fa fa-check-square', 179, '#goodsTable', 'backstage', '#goodsTable', 'a', 1, 0, '#goodsTable', ''),
(256, 'edit', '编辑', '/data/task_level/edit', '', 1, 'fa fa-pencil', 21, '#taskLevelTable', 'modal', '#taskLevelEditModal', 'a', 0, 1, '#taskLevelTable', 'ajax'),
(257, 'add', '新增', '/data/task_level/add', '', 2, 'fa fa-plus', 21, '', 'modal', '#taskLevelAddModal', 'button', 0, 0, '#taskLevelTable', 'ajax'),
(258, 'remove', '删除', '/data/task_level/remove', '', 3, 'fa fa-trash-o', 21, '', 'backstage', '#taskLevelTable', 'a', 1, 0, '#taskLevelTable', ''),
(259, 'edit', '编辑', '/data/door_edge/edit', '', 1, 'fa fa-pencil', 186, '#doorEdgeTable', 'modal', '#doorEdgeEditModal', 'a', 0, 1, '#doorEdgeTable', 'ajax'),
(260, 'add', '新增', '/data/door_edge/add', '', 2, 'fa fa-plus', 186, '', 'modal', '#doorEdgeAddModal', 'button', 0, 0, '#doorEdgeTable', 'ajax'),
(261, 'remove', '删除', '/data/door_edge/remove', '', 3, 'fa fa-trash-o', 186, '', 'backstage', '#doorEdgeTable', 'a', 1, 0, '#doorEdgeTable', ''),
(262, 'edit', '编辑', '/data/handle/edit', '', 1, 'fa fa-pencil', 187, '#handleTable', 'modal', '#handleEditModal', 'a', 0, 1, '#handleTable', 'ajax'),
(263, 'add', '新增', '/data/handle/add', '', 2, 'fa fa-plus', 187, '', 'modal', '#handleAddModal', 'button', 0, 0, '#handleTable', 'ajax'),
(264, 'remove', '删除', '/data/handle/remove', '', 3, 'fa fa-trash-o', 187, '', 'backstage', '#handleTable', 'a', 1, 0, '#handleTable', ''),
(265, 'edit', '编辑', '/data/procedure/edit', '', 1, 'fa fa-pencil', 188, '#procedureTable', 'modal', '#procedureEditModal', 'a', 0, 1, '#procedureTable', 'ajax'),
(266, 'add', '新增', '/data/procedure/add', '', 3, 'fa fa-plus', 188, '', 'modal', '#procedureAddModal', 'button', 0, 0, '#procedureTable', 'ajax'),
(267, 'remove', '删除', '/data/procedure/remove', '', 4, 'fa fa-trash-o', 188, '', 'backstage', '#procedureTable', 'a', 1, 0, '#procedureTable', ''),
(268, 'edit', '编辑', '/data/production_line/edit', '', 1, 'fa fa-pencil', 189, '#productionLineTable', 'modal', '#productionLineEditModal', 'a', 0, 1, '#productionLineTable', 'ajax'),
(269, 'add', '新增', '/data/production_line/add', '', 3, 'fa fa-plus', 189, '', 'modal', '#productionLineAddModal', 'button', 0, 0, '#productionLineTable', 'ajax'),
(270, 'remove', '删除', '/data/production_line/remove', '', 4, 'fa fa-trash-o', 189, '', 'backstage', '#productionLineTable', 'a', 1, 0, '#productionLineTable', ''),
(271, 'production_line_procedure', '生产线工序', '/data/production_line_procedure/index/read', '', 2, 'fa fa-bars', 189, '#productionLineTable', 'child', '#productionLineTable', 'a', 0, 1, '#productionLineTable', ''),
(272, 'add', '新增', '/data/production_line_procedure/add', '', 2, 'fa fa-plus', 190, '', 'modal', '#productionLineProcedureAddModal', 'button', 0, 0, '#productionLineProcedureTable', 'ajax'),
(273, 'remove', '删除', '/data/production_line_procedure/remove', '', 3, 'fa fa-trash-o', 190, '', 'backstage', '#productionLineProcedureTable', 'a', 1, 0, '#productionLineProcedureTable', ''),
(274, 'edit', '编辑', '/finance/income_pay/edit', '', 1, 'fa fa-pencil', 70, '#incomePayTable', 'modal', '#incomePayEditModal', 'a', 0, 1, '#incomePayTable', 'ajax'),
(275, 'add', '新增', '/finance/income_pay/add', '', 2, 'fa fa-plus', 70, '', 'modal', '#incomePayAddModal', 'button', 0, 0, '#incomePayTable', 'ajax'),
(276, 'remove', '删除', '/finance/income_pay/remove', '', 3, 'fa fa-trash-o', 70, '', 'backstage', '#incomePayTable', 'a', 1, 0, '#incomePayTable', ''),
(277, 'edit', '编辑', '/workflow/workflow_procedure/edit', '', 1, 'fa fa-pencil', 191, '#workflowProcedureTable', 'modal', '#workflowProcedureEditModal', 'a', 0, 1, '#workflowProcedureTable', 'ajax'),
(278, 'add', '新增', '/workflow/workflow_procedure/add', '', 2, 'fa fa-plus', 191, '', 'modal', '#workflowProcedureAddModal', 'button', 0, 0, '#workflowProcedureTable', 'ajax'),
(279, 'remove', '删除', '/workflow/workflow_procedure/remove', '', 3, 'fa fa-trash-o', 191, '', 'backstage', '#workflowProcedureTable', 'a', 0, 0, '#workflowProcedureTable', ''),
(280, 'add', '新建', '/order/order/index/add', '', 3, 'fa fa-plus', 12, '', 'child', '', 'a', 0, 0, '', ''),
(281, 'dismantle', '拆单', '/order/dismantle', '', 1, 'fa fa-arrows', 44, '#orderProductTable', 'child', '#orderProductTable', 'a', 0, 1, '#orderProductTable', ''),
(282, 'dismantled', '确认拆单', '/order/dismantle/dismantled', '', 2, 'fa fa-gavel', 44, '#orderProductTable', 'backstage', '#orderProductTable', 'a', 1, 0, '#orderProductTable', ''),
(283, 'disabled', '作废', '/order/dismantle/disabled', '', 3, 'fa fa-trash-o', 44, '', 'backstage', '#orderProductTable', 'a', 1, 0, '#orderProductTable', ''),
(284, 'dismantle', '拆单', '/order/dismantle', 'order_id', 1, 'fa fa-arrows', 193, '', 'child', '#orderDetailOrderTable', 'a', 0, 0, '#orderDetailOrderTable', ''),
(285, 'valuate', '计价', '/order/valuate', 'order_id', 2, 'fa fa-money', 193, '', 'child', '#orderDetailOrderTable', 'a', 0, 0, '#orderDetailOrderTable', ''),
(287, 'refresh', '刷新', 'javascript:void(0);', '', 3, 'fa fa-refresh', 193, '', 'refresh', '', 'a', 0, 0, '', ''),
(288, 'add', '计价', '/order/valuate', '', 3, 'fa fa-plus', 46, '', 'child', '#valuateTable', 'a', 0, 1, '#valuateTable', ''),
(289, 'valuated', '确认计价', '/order/valuate/valuated', '', 1, 'fa fa-gavel', 46, '#valuateTable', 'backstage', '#valuateTable', 'a', 1, 0, '#valuateTable', ''),
(290, 're_dismantle', '重新拆单', '/order/order/re_dismantle', '', 2, 'fa fa-arrows', 46, '#valuateTable', 'backstage', '#valuateTable', 'a', 0, 1, '#valuateTable', ''),
(291, 're_valuate', '重新计价', '/order/valuate/re_valuate', '', 1, 'fa fa-money', 47, '#checkTable', 'backstage', '#checkTable', 'a', 0, 1, '#checkTable', ''),
(292, 're_dismantle', '重新拆单', '/order/order/re_dismantle', '', 2, 'fa fa-arrows', 47, '#checkTable', 'backstage', '#checkTable', 'a', 0, 1, '#checkTable', ''),
(293, 'add', '审核批注', '/order/check/add', '', 3, 'fa fa-sticky-note', 47, '', 'modal', '#checkAddModal', 'button', 0, 1, '#checkTable', 'ajax'),
(294, 'checked', '审核通过', '/order/check/checked', '', 4, 'fa fa-gavel', 47, '', 'backstage', '#checkTable', 'a', 1, 0, '#checkTable', 'ajax'),
(295, 'purchase', '采购价', '/product/board/purchase', '', 4, 'fa fa-money', 39, '#boardTable', 'modal', '#boardPurchaseModal', 'a', 1, 0, '#boardTable', 'ajax'),
(296, 're_dismantle', '拆单', '/order/order/re_dismantle', '', 1, 'fa fa-arrows', 69, '#waitSureTable', 'backstage', '#waitSureTable', 'a', 0, 1, '#waitSureTable', ''),
(297, 're_valuate', '计价', '/order/valuate/re_valuate', '', 2, 'fa fa-money', 69, '#waitSureTable', 'backstage', '#waitSureTable', 'a', 0, 1, '#waitSureTable', ''),
(298, 'edit', '编辑', '/order/wait_sure/edit', '', 3, 'fa fa-pencil', 69, '#waitSureTable', 'modal', '#waitSureEditModal', 'a', 0, 1, '#waitSureTable', 'ajax'),
(299, 'easy_produce', '宽松生产', '/order/application/easy_produce', '', 4, 'fa fa-paper-plane', 69, '#waitSureTable', 'modal', '#waitSurePaymentModal', 'a', 1, 0, '#waitSureTable', 'ajax'),
(300, 'add', '确认生产', '/order/wait_sure/add', '', 5, 'fa fa-gavel', 69, '', 'modal', '#waitSureAddModal', 'button', 0, 1, '#waitSureTable', ''),
(301, 'edit', '编辑', '/data/production_line_procedure/edit', '', 1, 'fa fa-pencil', 190, '#productionLineProcedureTable', 'modal', '#productionLineProcedureEditModal', 'a', 0, 1, '#productionLineProcedureTable', 'ajax'),
(302, 'edit', '编辑', '/data/classify/edit', '', 1, 'fa fa-pencil', 86, '#classifyTable', 'modal', '#classifyEditModal', 'a', 0, 1, '#classifyTable', 'ajax'),
(303, 'start', '启用', '/data/classify/start', '', 2, 'fa fa-check', 86, '#classifyTable', 'backstage', '#classifyTable', 'a', 1, 0, '#classifyTable', ''),
(304, 'stop', '停用', '/data/classify/stop', '', 3, 'fa fa-times', 86, '#classifyTable', 'backstage', '#classifyTable', 'a', 1, 0, '#classifyTable', ''),
(305, 'add', '新增', '/data/classify/add', '', 4, 'fa fa-plus', 86, '', 'modal', '#classifyAddModal', 'button', 0, 0, '#classifyTable', ''),
(306, 'remove', '删除', '/data/classify/remove', '', 5, 'fa fa-trash-o', 86, '', 'backstage', '#classifyTable', 'a', 1, 0, '#classifyTable', ''),
(307, 'today', '今日', '/order/electronic_saw_statistic/electronic_sawed?days=0', '', 1, '', 196, '', '', '', '', 0, 0, '', ''),
(308, 'seven', '7日', '/order/electronic_saw_statistic/electronic_sawed?days=7', '', 2, '', 196, '', '', '', '', 0, 0, '', ''),
(309, 'thirty', '30日', '/order/electronic_saw_statistic/electronic_sawed?days=30', '', 3, '', 196, '', '', '', '', 0, 0, '', ''),
(310, 'procedure_workflow', '工作流工序', '/data/procedure_workflow/index/read', '', 2, 'fa fa-bars', 188, '#procedureTable', 'child', '#procedureTable', 'a', 0, 1, '#procedureTable', ''),
(311, 'edit', '编辑', '/data/procedure_workflow/edit', '', 1, 'fa fa-pencil', 197, '#procedureWorkflowTable', 'modal', '#procedureWorkflowEditModal', 'a', 0, 1, '#procedureWorkflowTable', 'ajax'),
(312, 'add', '新增', '/data/procedure_workflow/add', '', 2, 'fa fa-plus', 197, '', 'modal', '#procedureWorkflowAddModal', 'button', 0, 0, '#procedureWorkflowTable', 'ajax'),
(313, 'remove', '删除', '/data/procedure_workflow/remove', '', 3, 'fa fa-trash-o', 197, '', 'backstage', '#procedureWorkflowTable', 'a', 1, 0, '#procedureWorkflowTable', ''),
(314, 're_dismantle', '重新拆单', '/order/order/re_dismantle', '', 1, 'fa fa-arrows', 198, '#produceTable', 'backstage', '#produceTable', 'a', 0, 1, '#produceTable', ''),
(315, 're_valuate', '重新核价', '/order/valuate/re_valuate', '', 2, 'fa fa-money', 198, '#produceTable', 'backstage', '#produceTable', 'a', 0, 1, '#produceTable', ''),
(316, 're_sure', '重新确认', '/order/wait_sure/re_sure', '', 3, 'fa fa-gavel', 198, '#produceTable', 'backstage', '#produceTable', 'a', 0, 1, '#produceTable', ''),
(317, 'edit', '批注', '/order/application/edit', '', 1, 'fa fa-pencil', 49, '#applicationTable', 'modal', '#applicationEditModal', 'a', 1, 0, '#applicationTable', 'ajax'),
(318, 'pass', '通过', '/order/application/pass', '', 2, 'fa fa-gavel', 49, '', 'backstage', '#applicationTable', 'a', 1, 0, '#applicationTable', ''),
(319, 'drawing', '图纸', '/drawing/print_drawing/index/read', 'order_product_id', 1, 'fa fa-image-o', 199, '', 'child', '#orderProductBoardPlateTable', 'a', 0, 0, '#orderProductBoardPlateTable', ''),
(320, 'print_list', '生产清单', '/print/print_order_product_board_plate', 'order_product_id', 2, 'fa fa-excel-o', 199, '', 'child', '#orderProductBoardPlateTable', 'a', 0, 0, '#orderProductBoardPlateTable', ''),
(321, 'print', '打印', '/drawing/print_drawing/index/read', '', 1, 'fa fa-print', 54, '', 'child', '#drawingTable', 'a', 0, 1, '#drawingTable', ''),
(322, 'remove', '删除', '/drawing/drawing/remove', '', 2, 'fa fa-trash-o', 54, '', 'backstage', '#drawingTable', 'a', 1, 0, '#drawingTable', ''),
(323, 'drawing', '图纸', '/drawing/print_drawing/index/read', 'order_product_id', 1, 'fa fa-image-o', 202, '', 'child', '#orderProductBoardDoorTable', 'a', 0, 0, '#orderProductBoardDoorTable', ''),
(324, 'print_list', '生产清单', '/print/print_order_product_board_door', 'order_product_id', 2, 'fa fa-print', 202, '', 'child', '#orderProductBoardDoorTable', 'a', 0, 0, '#orderProductBoardDoorTable', ''),
(325, 'drawing', '查看图纸', '/drawing/print_drawing/index/read', 'order_product_id', 1, 'fa fa-image-o', 204, '', 'child', '#orderProductBoardWoodTable', 'a', 0, 0, '#orderProductBoardWoodTable', ''),
(326, 'print_list', '生产清单', '/print/print_order_product_board_wood', 'order_product_id', 2, 'fa fa-print', 204, '', 'child', '#orderProductBoardWoodTable', 'a', 0, 0, '#orderProductBoardWoodTable', ''),
(327, 'print_list', '生产清单', '/print/print_order_product_fitting', 'order_product_id', 1, 'fa fa-print', 206, '', 'child', '#orderProductFittingTable', 'a', 0, 0, '#orderProductFittingTable', ''),
(328, 'print_list', '生产清单', '/print/print_order_product_other', 'order_product_id', 1, 'fa fa-print', 208, '', 'child', '#orderProductOtherTable', 'a', 0, 0, '#orderProductOtherTable', ''),
(329, 'pre_download', '预览', '/order/optimize/pre_download', '', 2, 'fa fa-eye', 57, '', 'blank', '#optimizeTable', 'a', 1, 0, '#optimizeTable', ''),
(330, 'download', '优化', '/order/optimize/download', '', 3, 'fa fa-download', 57, '', 'blank', '#optimizeTable', 'a', 1, 0, '#optimizeTable', ''),
(331, 'print_drawing', '打印图纸', '/drawing/print_drawing/index/prints', '-type', 1, 'fa fa-image-o', 58, '', 'blank', '#printListTable', 'a', 0, 1, '#printListTable', ''),
(332, 'print', '打印', '/chart/print_list/prints', '-type', 2, 'fa fa-print', 58, '', 'blank', '#printListTable', 'a', 0, 1, '#printListTable', ''),
(333, 'print', '打印', '/chart/remark_list/prints', '', 1, 'fa fa-print', 211, '#remarkListTable', 'blank', '#remarkListTable', 'a', 1, 0, '#remarkListTable', ''),
(334, 'to_board', '推台锯', '/order/optimize/to_board', '', 1, 'fa fa-reply', 57, '#optimizeTable', 'backstage', '#optimizeTable', 'a', 1, 0, '#optimizeTable', ''),
(335, 'to_classify', '电子锯', '/order/pre_produce/to_classify', '', 1, 'fa fa-reply', 94, '#preProduceTable', 'backstage', '#preProduceTable', 'a', 1, 0, '#preProduceTable', '');
INSERT INTO `j_func` (`f_id`, `f_name`, `f_label`, `f_url`, `f_query`, `f_displayorder`, `f_img`, `f_menu_id`, `f_group_no`, `f_toggle`, `f_target`, `f_tag`, `f_multiple`, `f_single`, `f_source`, `f_modal_type`) VALUES
(336, 'to_board', '推台锯', '/order/pre_produce/to_board', '', 2, 'fa fa-reply', 94, '#preProduceTable', 'backstage', '#preProduceTable', 'a', 1, 0, '#preProduceTable', ''),
(337, 'correct', '封边矫正', '/order/edge/correct', '', 1, 'fa fa-pencil', 89, '#edgeTable', 'modal', '#edgeCorrectModal', 'a', 0, 1, '#edgeTable', ''),
(338, 'edit', '确认扫描', '/order/scan/edit', '-type', 2, 'fa fa-plus', 154, '', 'backstage', '#scanTable', 'a', 1, 0, '#scanTable', ''),
(339, 'show', '显示全部', 'javascript:void(0);', '', 1, 'fa fa-eye', 60, '#scanBoardTable', 'front', '#scanBoardTable', 'button', 0, 0, '#scanBoardTable', ''),
(340, 'save', '确认', '/order/scan_board/edit', '', 2, 'fa fa-save', 60, '', 'save', '#scanBoardTable', 'a', 1, 0, '#scanBoardTable', ''),
(341, 'refresh', '刷新', 'javascript:void(0);', '', 3, 'fa fa-refresh', 60, '', 'refresh', '#scanBoardTable', 'a', 0, 0, '#scanBoardTable', ''),
(342, 'print_labe', '打印包装标签', '/order/pack_label/index/prints', '', 2, 'fa fa-square', 63, '', 'blank', '', 'a', 0, 0, '', ''),
(343, 'packed_history', '打包记录', '/order/packed_history/index/read', '', 1, 'fa fa-history', 63, '#packedStatisticTable', 'child', '#packedStatisticTable', 'a', 0, 1, '#packedStatisticTable', '');

-- --------------------------------------------------------

--
-- 表的结构 `j_goods`
--

CREATE TABLE `j_goods` (
  `g_id` int(10) UNSIGNED NOT NULL COMMENT 'v',
  `g_name` varchar(128) NOT NULL COMMENT '名称',
  `g_product_id` int(10) UNSIGNED NOT NULL COMMENT '分类',
  `g_code` varchar(64) DEFAULT NULL COMMENT '编码',
  `g_purchase_unit` varchar(16) DEFAULT NULL COMMENT '采购单位',
  `g_unit` varchar(16) DEFAULT NULL COMMENT '销售单位',
  `g_purchase` float(10,2) UNSIGNED NOT NULL DEFAULT '0.00' COMMENT '采购单价',
  `g_unit_price` float(10,2) UNSIGNED NOT NULL DEFAULT '0.00' COMMENT '销售单价',
  `g_supplier_id` smallint(4) NOT NULL COMMENT '供应商',
  `g_speci` varchar(1024) DEFAULT NULL COMMENT '规格',
  `g_remark` varchar(1024) DEFAULT NULL COMMENT '备注',
  `g_status` tinyint(1) UNSIGNED NOT NULL DEFAULT '1' COMMENT '状态',
  `g_creator` int(10) NOT NULL COMMENT '创建人',
  `g_create_datetime` datetime NOT NULL COMMENT '创建日期'
) ENGINE=InnoDB DEFAULT CHARSET=utf8 COMMENT='商品';

--
-- 转存表中的数据 `j_goods`
--

INSERT INTO `j_goods` (`g_id`, `g_name`, `g_product_id`, `g_code`, `g_purchase_unit`, `g_unit`, `g_purchase`, `g_unit_price`, `g_supplier_id`, `g_speci`, `g_remark`, `g_status`, `g_creator`, `g_create_datetime`) VALUES
(1, '螺钉盖帽', 8, 'Z', '个', '个', 4.00, 8.00, 4, '1,2', '', 1, 1, '2018-07-31 21:35:06'),
(2, '铝合金脚线', 8, 'Z01', '米', '米', 10.00, 15.00, 4, '1,2,4,5,6', '', 1, 1, '2018-07-31 21:46:46'),
(3, '不锈钢金属脚100高', 8, '', '个', '个', 8.00, 14.00, 4, '', '', 1, 1, '2018-08-01 17:03:15'),
(4, '3D移门', 12, '', '平方', '平方', 100.00, 1300.00, 6, NULL, '', 1, 1, '2018-08-12 14:15:41'),
(5, '丹文迪移门', 12, '', '平方', '平方', 100.00, 1800.00, 5, '', '', 1, 1, '2018-08-12 14:16:19'),
(6, '圆弧脚线', 13, '', '个', '个', 0.00, 30.00, 16, '', '', 1, 1, '2018-08-12 16:12:31'),
(7, '色板勾打孔', 13, '', '套', '套', 0.00, 15.00, 16, '', '', 1, 1, '2018-08-12 16:16:27');

-- --------------------------------------------------------

--
-- 表的结构 `j_goods_speci`
--

CREATE TABLE `j_goods_speci` (
  `gs_id` int(10) UNSIGNED NOT NULL COMMENT 'v',
  `gs_goods_id` int(10) UNSIGNED NOT NULL COMMENT '商品v',
  `gs_speci` varchar(512) NOT NULL COMMENT '规格分类',
  `gs_code` varchar(128) DEFAULT NULL COMMENT '编码',
  `gs_purchase` float(10,2) UNSIGNED NOT NULL COMMENT '采购单价',
  `gs_unit_price` float(10,2) UNSIGNED NOT NULL COMMENT '销售价格',
  `gs_remark` varchar(1024) DEFAULT NULL COMMENT '备注',
  `gs_status` tinyint(1) UNSIGNED NOT NULL DEFAULT '1' COMMENT '状态',
  `gs_creator` int(10) NOT NULL COMMENT '创建人',
  `gs_create_datetime` datetime NOT NULL COMMENT '创建日期'
) ENGINE=InnoDB DEFAULT CHARSET=utf8 COMMENT='商品规格';

--
-- 转存表中的数据 `j_goods_speci`
--

INSERT INTO `j_goods_speci` (`gs_id`, `gs_goods_id`, `gs_speci`, `gs_code`, `gs_purchase`, `gs_unit_price`, `gs_remark`, `gs_status`, `gs_creator`, `gs_create_datetime`) VALUES
(1, 2, '30cm-银色', '', 10.00, 15.00, '', 1, 1, '2018-08-01 10:07:24'),
(2, 2, '30cm-金属色', '', 10.00, 15.00, '', 1, 1, '2018-08-01 10:07:24'),
(3, 3, '-', '', 8.00, 14.00, '', 1, 1, '2018-08-01 17:14:08'),
(7, 1, '30cm', '', 4.00, 8.00, '', 1, 1, '2018-08-01 17:14:49'),
(8, 4, '-', '', 100.00, 1300.00, '', 1, 1, '2018-08-12 14:24:04'),
(9, 5, '-', '', 100.00, 1800.00, '', 1, 1, '2018-08-12 14:27:18'),
(13, 6, '-', '', 0.00, 30.00, '', 1, 1, '2018-08-12 16:15:27'),
(15, 7, '-', '', 0.00, 15.00, '', 1, 1, '2018-08-12 16:16:27');

-- --------------------------------------------------------

--
-- 表的结构 `j_handle`
--

CREATE TABLE `j_handle` (
  `h_name` varchar(64) NOT NULL COMMENT 'v',
  `h_open_hole` tinyint(1) UNSIGNED NOT NULL DEFAULT '0' COMMENT '是否打孔',
  `h_invisibility` tinyint(1) UNSIGNED NOT NULL DEFAULT '0' COMMENT '隐形拉手'
) ENGINE=InnoDB DEFAULT CHARSET=utf8 COMMENT='门板封边拉手';

--
-- 转存表中的数据 `j_handle`
--

INSERT INTO `j_handle` (`h_name`, `h_open_hole`, `h_invisibility`) VALUES
('L型拉手', 0, 1),
('亮光G型拉手', 0, 1),
('加厚G型拉手', 0, 1),
('哑光G型拉手', 0, 1),
('定尺拉手', 0, 1),
('暗扣128孔距', 1, 0),
('暗扣160孔距', 1, 0),
('枪色G型拉手', 0, 1),
('香槟G型拉手', 0, 1),
('黑色G型拉手', 0, 1);

-- --------------------------------------------------------

--
-- 表的结构 `j_hinge_punch`
--

CREATE TABLE `j_hinge_punch` (
  `hp_name` varchar(64) NOT NULL COMMENT 'v'
) ENGINE=InnoDB DEFAULT CHARSET=utf8 COMMENT='铰链孔';

--
-- 转存表中的数据 `j_hinge_punch`
--

INSERT INTO `j_hinge_punch` (`hp_name`) VALUES
('上翻门'),
('吊柜右开'),
('吊柜对开'),
('吊柜左开'),
('地柜右开'),
('地柜对开'),
('地柜左开'),
('抽屉');

-- --------------------------------------------------------

--
-- 表的结构 `j_income_pay`
--

CREATE TABLE `j_income_pay` (
  `ip_finance_activity_type` varchar(16) NOT NULL COMMENT '收支类型',
  `ip_name` varchar(64) NOT NULL COMMENT '名称'
) ENGINE=InnoDB DEFAULT CHARSET=utf8 COMMENT='收支类型';

--
-- 转存表中的数据 `j_income_pay`
--

INSERT INTO `j_income_pay` (`ip_finance_activity_type`, `ip_name`) VALUES
('支出', '借支'),
('收入', '其它收入'),
('支出', '内部转账'),
('支出', '合作商款'),
('收入', '客户返款'),
('支出', '工资'),
('支出', '材料供应'),
('支出', '现金采购'),
('收入', '货款收入'),
('支出', '费用'),
('支出', '返款'),
('支出', '还款'),
('收入', '银行结息');

-- --------------------------------------------------------

--
-- 表的结构 `j_logistics`
--

CREATE TABLE `j_logistics` (
  `l_name` varchar(64) NOT NULL COMMENT 'v',
  `l_phone` varchar(64) DEFAULT NULL COMMENT '联系电话',
  `l_area_id` int(10) UNSIGNED NOT NULL DEFAULT '0' COMMENT '地区',
  `l_address` varchar(64) DEFAULT NULL COMMENT '地址',
  `l_vip` varchar(64) DEFAULT NULL COMMENT 'VIP',
  `l_creator` int(10) UNSIGNED NOT NULL DEFAULT '0' COMMENT '创建人',
  `l_create_datetime` datetime NOT NULL COMMENT '创建时间'
) ENGINE=InnoDB DEFAULT CHARSET=utf8 COMMENT='物流信息';

--
-- 转存表中的数据 `j_logistics`
--

INSERT INTO `j_logistics` (`l_name`, `l_phone`, `l_area_id`, `l_address`, `l_vip`, `l_creator`, `l_create_datetime`) VALUES
('万美物流', '18608602565', 0, '舵落口7号门外面', '0', 0, '0000-00-00 00:00:00'),
('三元物流', '15327126385', 0, '舵落口17区11栋111号', '0', 0, '0000-00-00 00:00:00'),
('三才物流', '83248037', 0, '舵落口25区4栋14-15号', '0', 0, '0000-00-00 00:00:00'),
('中天物流', '', 0, '', '0', 0, '0000-00-00 00:00:00'),
('中运通物流', '83399836', 0, '舵落口18区B5栋10号', '003086', 0, '0000-00-00 00:00:00'),
('京昌物流', NULL, 0, NULL, '3086', 0, '0000-00-00 00:00:00'),
('全顺物流', '', 0, '', '0', 0, '0000-00-00 00:00:00'),
('兴发物流', '027-85321195', 0, '舵落口18区Ｂ栋6号', '0', 0, '0000-00-00 00:00:00'),
('冬成物流', '', 0, '', '0', 0, '0000-00-00 00:00:00'),
('利兴和物流', '83374660', 0, '舵落口大市场12区8栋5号', '0', 0, '0000-00-00 00:00:00'),
('到厂自提', NULL, 0, NULL, NULL, 0, '0000-00-00 00:00:00'),
('华兴物流', '15629066780', 0, '舵落口大市场16区6栋2号', '0', 0, '0000-00-00 00:00:00'),
('华维物流', '83394130', 0, '', '0', 0, '0000-00-00 00:00:00'),
('和通物流', '15671619778', 0, '舵落口13区6栋10号 15671619778', '0', 0, '0000-00-00 00:00:00'),
('回升物流', '15587681476', 0, '舵落口19区6栋12号', '0', 0, '0000-00-00 00:00:00'),
('回生物流', '15587681476', 0, '舵落口19区6栋9号', '0', 0, '0000-00-00 00:00:00'),
('大公物流', '83867887', 0, '三支沟', '0', 0, '0000-00-00 00:00:00'),
('大兵物流', '', 0, '', '0', 0, '0000-00-00 00:00:00'),
('大地物流', '18062145355', 0, '舵落口大市场14栋A区1-5号', '0', 0, '0000-00-00 00:00:00'),
('大运物流', '83290861', 0, '舵落口16区6栋3B', '0', 0, '0000-00-00 00:00:00'),
('大运金龙', '15337116077', 0, '舵落口25区3栋8号', '0', 0, '0000-00-00 00:00:00'),
('大道物流', NULL, 0, NULL, '6020311', 0, '0000-00-00 00:00:00'),
('天园', '13657209287', 0, '舵落口三支沟四明路团结村703号', '0', 0, '0000-00-00 00:00:00'),
('天天顺物流', '', 0, '', '0', 0, '0000-00-00 00:00:00'),
('天安物流', '18602708399', 0, '舵落口市场16区2栋1号', '0', 0, '0000-00-00 00:00:00'),
('天马物流', '2783081481', 0, '舵落口大市场16区11栋6号', '0', 0, '0000-00-00 00:00:00'),
('奔马物流', '18507134078', 2867, '汉口北华中物流市场', '', 0, '0000-00-00 00:00:00'),
('宇鑫物流', '', 0, '', '0', 0, '0000-00-00 00:00:00'),
('宇顺物流', '59848338', 2867, '汉口北四季美丰华食品城对面', '', 0, '0000-00-00 00:00:00'),
('安易达快运', '83290802', 0, '舵落口大市场16区10栋8A号', '0', 0, '0000-00-00 00:00:00'),
('宗天物流', NULL, 0, NULL, NULL, 0, '0000-00-00 00:00:00'),
('小愚公物流', '', 2867, '', '', 0, '0000-00-00 00:00:00'),
('德邦物流', '', 2867, '', '', 0, '0000-00-00 00:00:00'),
('恒发物流', '', 0, '', '0', 0, '0000-00-00 00:00:00'),
('恒大时代物流', '13317155605', 0, '舵落口17区15栋169号，13317155605', '0', 0, '0000-00-00 00:00:00'),
('恒通物流', '', 0, '', '0', 0, '0000-00-00 00:00:00'),
('愚公物流', '83080619', 0, '舵落口14区A5-1号', '0', 0, '0000-00-00 00:00:00'),
('新顺兴', '027-83394108', 0, '舵落口大市场19区1栋8号，电话027-83394108，13871372572', '0', 0, '0000-00-00 00:00:00'),
('日月鑫物流', '', 0, '', '0', 0, '0000-00-00 00:00:00'),
('木兰物流', '63225035', 0, '舵落口26区4栋B座28号', '0', 0, '0000-00-00 00:00:00'),
('杰圣物流', '83394001', 0, '舵落口12区6栋4号', '0', 0, '0000-00-00 00:00:00'),
('桥运物流', '', 0, '', '0', 0, '0000-00-00 00:00:00'),
('正大物流', '1533723067', 0, '舵落口大市场18区11栋1-2号15301732003，1533723067', '0', 0, '0000-00-00 00:00:00'),
('永兴物流', '027-83216197', 0, '舵落口大市场19区2栋', '0', 0, '0000-00-00 00:00:00'),
('永康物流', '83306955', 0, '舵落口大市场18区11栋4号', '0', 0, '0000-00-00 00:00:00'),
('汉神物流', '', 0, '', '0', 0, '0000-00-00 00:00:00'),
('汉鼎托运', '83247127', 0, '舵落口19区13栋1号', '0', 0, '0000-00-00 00:00:00'),
('江汉物流', '', 0, '', '0', 0, '0000-00-00 00:00:00'),
('畅通物流', '83086298', 0, '舵落口13区4栋10、11号 83086298 汉阳18717168278 汉西13797093555', '0', 0, '0000-00-00 00:00:00'),
('畅顺物流', '027-83086129', 0, '地址舵落口大市场26区1栋1号', '0', 0, '0000-00-00 00:00:00'),
('益多物流', '15717171489', 0, '舵落口14区6栋10号', '0', 0, '0000-00-00 00:00:00'),
('神州物流', '83233077', 0, '舵落口大市场旁团结大道695号', '0', 0, '0000-00-00 00:00:00'),
('祥龙托运', '027-83248048', 0, '舵落口十九区六栋六号，', '0', 0, '0000-00-00 00:00:00'),
('腾龙物流', '', 0, '舵落口19区铁路桥下110号', '0', 0, '0000-00-00 00:00:00'),
('辉辉快运', '18907120585', 0, '舵落口13区3栋1号', '0', 0, '0000-00-00 00:00:00'),
('迅达物流', '83394899', 0, '舵落口13区7栋9号', '0', 0, '0000-00-00 00:00:00'),
('金典物流', '0', 0, '0', '1', 0, '0000-00-00 00:00:00'),
('鑫兴达物流', '83374940', 0, '额头湾轻轨站旁联达物流园里面电话：83374940', '0', 0, '0000-00-00 00:00:00'),
('鑫君翔物流', '', 0, '', '0', 0, '0000-00-00 00:00:00'),
('鑫和快运', '02785019788', 2867, '汉口北', '', 0, '0000-00-00 00:00:00'),
('鑫方通物流', '52358920', 0, '舵落口15区14栋212号', '0', 0, '0000-00-00 00:00:00'),
('鑫统一物流', '', 0, '', '0', 0, '0000-00-00 00:00:00'),
('鑫辉凡物流', '15802721535', 2867, '汉口北物流市场第2号楼2-1-01号', '', 0, '0000-00-00 00:00:00'),
('鑫锦航', '18986166781/1372', 0, '16区15栋11号', '0', 0, '0000-00-00 00:00:00'),
('鑫长胜', '83088997', 0, '舵落口大市场16区铁路桥底下', '0', 0, '0000-00-00 00:00:00'),
('鑫隆汉神', '18972645609', 0, '舵落口大市场25区4栋10-11 18972645609', '0', 0, '0000-00-00 00:00:00'),
('鑫鸿讯物流', '', 2867, '汉口北大道19号华中物流超市E38', '', 0, '0000-00-00 00:00:00'),
('长安快运', '', 0, '汉口北食品城物流区', '0', 0, '0000-00-00 00:00:00'),
('长胜物流', '2783088997', 0, '舵落口大市场十三区5栋6号', '0', 0, '0000-00-00 00:00:00'),
('长风物流', '027-83064867', 0, '舵落口12区6栋9-10号门面 电话:027-83064867 18971079738', '0', 0, '0000-00-00 00:00:00'),
('顺利物流', '', 0, '', '0', 0, '0000-00-00 00:00:00'),
('顺意物流', '61661986', 0, '汉口此货运中心42栋-8', '0', 0, '0000-00-00 00:00:00'),
('顺昌物流', '85909290', 2867, '汉口北华中物流超市A区117号', '', 0, '0000-00-00 00:00:00'),
('顺达物流', '18986117138', 0, '舵落口大市场18区B1-5号 18986117138', '0', 0, '0000-00-00 00:00:00'),
('飞翔物流', '83246819', 0, '舵落口大市场19区12栋5-6号', '0', 0, '0000-00-00 00:00:00'),
('飞龙物流', '', 0, '', '0', 0, '0000-00-00 00:00:00'),
('骏达物流', '', 0, '', '0', 0, '0000-00-00 00:00:00'),
('骐誉物流', '027-83374583', 0, '航落口大市场16区5栋7号', '0', 0, '0000-00-00 00:00:00'),
('鸿发快运', '', 0, '', '0', 0, '0000-00-00 00:00:00'),
('鸿迅物流', '', 0, '', '0', 0, '0000-00-00 00:00:00'),
('鸿运物流', '18986031629', 0, '舵落口26区铁路桥下', '0', 0, '0000-00-00 00:00:00');

-- --------------------------------------------------------

--
-- 表的结构 `j_menu`
--

CREATE TABLE `j_menu` (
  `m_id` smallint(4) UNSIGNED NOT NULL COMMENT 'v',
  `m_name` char(64) NOT NULL COMMENT '名称',
  `m_label` varchar(64) DEFAULT NULL COMMENT 'Label',
  `m_class` tinyint(2) NOT NULL DEFAULT '0' COMMENT '等级',
  `m_parent` smallint(4) NOT NULL DEFAULT '0' COMMENT '父类',
  `m_url` varchar(256) NOT NULL DEFAULT 'javascript:void(0);' COMMENT 'Url',
  `m_displayorder` smallint(4) UNSIGNED NOT NULL COMMENT '显示顺序',
  `m_img` varchar(128) DEFAULT NULL COMMENT 'Img',
  `m_mobile` tinyint(1) UNSIGNED NOT NULL DEFAULT '0' COMMENT '显示在移动端',
  `m_invisible` tinyint(1) UNSIGNED NOT NULL DEFAULT '0' COMMENT 'invisible',
  `m_page_type` varchar(32) DEFAULT 'table' COMMENT '页面显示类型',
  `m_home` tinyint(1) UNSIGNED NOT NULL DEFAULT '0' COMMENT '首页显示'
) ENGINE=InnoDB DEFAULT CHARSET=utf8 COMMENT='菜单';

--
-- 转存表中的数据 `j_menu`
--

INSERT INTO `j_menu` (`m_id`, `m_name`, `m_label`, `m_class`, `m_parent`, `m_url`, `m_displayorder`, `m_img`, `m_mobile`, `m_invisible`, `m_page_type`, `m_home`) VALUES
(1, 'manage', '管理', 0, 0, 'javascript:void(0);', 174, '<i class="fa fa-wrench"></i>', 0, 0, 'table', 0),
(5, 'myself', '个人中心', 1, 1, '/manage/myself/index/read', 175, '<i class="fa fa-male"></i>', 0, 0, 'form', 0),
(9, 'orders', '订单', 0, 0, 'javascript:void(0);', 1, '<i class="fa fa-folder"></i>', 1, 0, 'table', 0),
(10, 'order_add', '新建订单', 1, 9, '/order/order/index/add', 2, 'fa fa-plus', 2, 0, 'form', 0),
(11, 'upload', '数据导入', 1, 9, '/upload', 6, 'fa fa-upload', 0, 0, 'table', 0),
(12, 'order', '订单列表', 1, 9, '/order/order/index/read', 9, 'fa fa-bars', 1, 0, 'table', 0),
(13, 'dealers', '客户', 0, 0, 'javascript:void(0);', 121, 'fa fa-users', 0, 0, 'table', 0),
(14, 'dealer', '客户池', 1, 13, '/dealer/dealer/index/read', 122, 'fa fa-list', 0, 0, 'table', 0),
(15, 'my_dealer', '我的客户', 1, 13, '/dealer/my_dealer/index/read', 123, 'fa fa-bars', 0, 0, 'table', 0),
(16, 'shop', '店面', 1, 13, '/dealer/shop/index/read', 124, 'fa fa-home', 0, 1, 'table', 0),
(17, 'position', '客户组织结构', 1, 13, '/data/position/index/read', 132, 'fa fa-bars', 0, 0, 'table', 0),
(19, 'data', '基础数据', 0, 0, 'javascript:void(0);', 156, '<i class="fa fa-cogs"></i>', 0, 0, 'table', 0),
(20, 'order_type', '订单类型', 1, 19, '/data/order_type/index/read', 158, '<i class="fa fa-leaf"></i>', 0, 1, NULL, 0),
(21, 'task_level', '任务等级', 1, 19, '/data/task_level/index/read', 159, 'fa fa-star', 0, 0, 'table', 0),
(22, 'wardrobe_board', '衣柜板块', 1, 9, '/data/wardrobe_board/index/read', 20, '<i class="fa fa-bars"></i>', 0, 1, NULL, 0),
(23, 'area', '地区', 1, 19, '/data/area/index/read', 164, 'fa fa-map', 0, 0, 'table', 0),
(24, 'logistics', '物流', 1, 64, '/data/logistics/index/read', 90, 'fa fa-truck', 0, 0, 'table', 0),
(26, 'abnormity', '异形板块', 1, 9, '/data/abnormity/index/read', 19, '<i class="fa fa-folder"></i>', 0, 1, NULL, 0),
(27, 'wardrobe_edge', '衣柜封边', 1, 9, '/data/wardrobe_edge/index/read', 21, '<i class="fa fa-bars"></i>', 0, 1, NULL, 0),
(28, 'wardrobe_slot', '衣柜开槽', 1, 9, '/data/wardrobe_slot/index/read', 22, '<i class="fa fa-bars"></i>', 0, 1, NULL, 0),
(29, 'truck', '货车', 1, 64, '/data/truck/index/read', 88, '<i class="fa fa-truck"></i>', 0, 1, NULL, 0),
(30, 'train', '车次', 1, 64, '/data/train/index/read', 89, '<i class="fa fa-train"></i>', 0, 1, NULL, 0),
(31, 'board_thick', '板材厚度', 1, 37, '/data/board_thick/index/read', 117, 'fa fa-bars', 0, 0, 'table', 0),
(32, 'board_color', '板材颜色', 1, 37, '/data/board_color/index/read', 118, 'fa fa-bars', 0, 0, 'table', 0),
(33, 'board_nature', '板材材质', 1, 37, '/data/board_nature/index/read', 119, 'fa fa-bars', 0, 0, 'table', 0),
(34, 'board_class', '环保级别', 1, 37, '/data/board_class/index/read', 120, 'fa fa-bars', 0, 0, 'table', 0),
(35, 'suppliers', '供应商', 0, 0, 'javascript:void(0);', 133, 'fa fa-th', 0, 0, 'table', 0),
(36, 'supplier', '供应商列表', 1, 35, '/supplier/supplier/index/read', 134, 'fa fa-list', 0, 0, 'table', 0),
(37, 'products', '产品', 0, 0, 'javascript:void(0);', 106, 'fa fa-diamond', 0, 0, 'table', 0),
(38, 'product', '产品类型', 1, 37, '/product/product/index/read', 107, 'fa fa-diamond', 0, 0, 'table', 0),
(39, 'board', '在售板材', 1, 37, '/product/board/index/read', 112, 'fa fa-square-o', 0, 0, 'table', 0),
(40, 'fitting', '在售配件', 1, 37, '/product/fitting/index/read', 114, '<i class="fa fa-bars"></i>', 0, 1, NULL, 0),
(41, 'other', '外购产品', 1, 37, '/product/other/index/read', 115, '<i class="fa fa-bars"></i>', 0, 1, NULL, 0),
(42, 'server', '服务产品', 1, 37, '/product/server/index/read', 116, '<i class="fa fa-bars"></i>', 0, 1, NULL, 0),
(43, 'workflow', '订单进程', 1, 170, '/workflow/workflow/index/read', 144, 'fa fa-wikipedia-w', 0, 1, 'table', 0),
(44, 'order_product', '等待拆单', 1, 9, '/order/order_product/index/read', 7, 'fa fa-arrows', 1, 0, 'table', 0),
(45, 'customer_service', '客服', 0, 0, 'javascript:void(0);', 27, 'fa fa-female', 0, 0, 'table', 0),
(46, 'valuate', '计价', 1, 45, '/order/valuate/index/read', 28, 'fa fa-money', 0, 0, 'table', 0),
(47, 'check', '财务审核', 1, 48, '/order/check/index/read', 95, 'fa fa-hourglass', 0, 0, 'table', 0),
(48, 'finances', '财务', 0, 0, 'javascript:void(0);', 93, 'fa fa-money', 0, 0, 'table', 0),
(49, 'application', '申请', 1, 48, '/order/application/index/read', 94, 'fa fa-th', 0, 0, 'table', 0),
(50, 'money_delivery', '款到发货', 1, 48, '/order/money_delivery/index/read', 96, '<i class="fa fa-battery-2"></i>', 0, 1, NULL, 0),
(51, 'money_logistics', '物流代收', 1, 48, '/order/money_logistics/index/read', 97, '<i class="fa fa-battery-4"></i>', 0, 1, NULL, 0),
(52, 'finance_received', '及时进账', 1, 48, '/finance/finance_received/index/read', 100, '<i class="fa fa-sign-in"></i>', 0, 1, NULL, 0),
(53, 'account', '财务账户', 1, 48, '/finance/account/index/read', 104, '<i class="fa fa-bars"></i>', 0, 1, NULL, 0),
(54, 'drawing', '图纸库', 1, 9, '/drawing/drawing/index/read', 12, 'fa fa-image', 0, 0, 'table', 0),
(55, 'plan', '计划', 0, 0, 'javascript:void(0);', 33, 'fa fa-retweet', 0, 0, 'table', 0),
(56, 'bd', '导出BD', 1, 55, '/order/bd/index/read', 35, '<i class="fa fa-bold"></i>', 0, 1, NULL, 0),
(57, 'optimize', '优化', 1, 55, '/order/optimize/index/read', 36, 'fa fa-square-o', 0, 0, 'table', 0),
(58, 'print_list', '打印清单', 1, 55, '/order/print_list/index/read', 38, 'fa fa-print', 0, 0, 'table', 0),
(59, 'packages', '包装', 0, 0, 'javascript:void(0);', 67, '<i class="fa fa-archive"></i>', 0, 0, 'table', 0),
(60, 'scan_board', '板件扫描', 1, 59, '/order/scan_board', 68, 'fa fa-qrcode', 0, 0, 'page', 0),
(62, 'lack', '差板件', 1, 59, '/order/lack/index/read', 69, 'fa fa-square', 0, 1, 'table', 0),
(63, 'packed_statistic', '包装统计', 1, 59, '/order/packed_statistic/index/read', 71, 'fa fa-bar-chart', 0, 0, 'table', 0),
(64, 'finished_products', '成品库', 0, 0, 'javascript:void(0);', 73, '<i class="fa fa-database"></i>', 0, 0, 'table', 0),
(65, 'ining', '正在入库', 1, 64, '/order/ining/index/read', 74, '<i class="fa fa-hourglass-2"></i>', 0, 1, NULL, 0),
(66, 'wait_delivery', '等待发货', 1, 64, '/order/wait_delivery/index/read', 75, '<i class="fa fa-hourglass-3"></i>', 0, 1, NULL, 0),
(67, 'deliveried', '已发货', 1, 64, '/order/deliveried/index/read', 76, '<i class="fa fa-hourglass-o"></i>', 0, 1, NULL, 0),
(68, 'stock_outted', '发货记录', 1, 64, '/stock/stock_outted/index/read', 77, '<i class="fa fa-table"></i>', 0, 1, NULL, 0),
(69, 'wait_sure', '等待确认', 1, 45, '/order/wait_sure/index/read', 30, 'fa fa-legal', 0, 0, 'table', 0),
(70, 'income_pay', '收支类型', 1, 48, '/finance/income_pay/index/read', 105, 'fa fa-bars', 0, 0, 'table', 0),
(71, 'finance_pay', '支出', 1, 48, '/finance/finance_pay/index/read', 102, '<i class="fa fa-sign-out"></i>', 0, 1, NULL, 0),
(72, 'finance_back', '返款', 1, 48, '/finance/finance_back/index/read', 103, '<i class="fa fa-backward"></i>', 0, 1, NULL, 0),
(73, 'statistics', '统计', 0, 0, 'javascript:void(0);', 135, 'fa fa-pie-chart', 0, 1, 'table', 0),
(74, 'dealer_money', '经销商欠款', 1, 73, '/dealer/dealer_money/index/read', 136, '<i class="fa fa-bars"></i>', 0, 1, NULL, 0),
(75, 'order_sorter', '下单排行', 1, 73, '/order/order_sorter/index/read', 137, '<i class="fa fa-bars"></i>', 0, 1, NULL, 0),
(76, 'finance_received_outtime', '未到账款', 1, 48, '/finance/finance_received_outtime/index/read', 101, '<i class="fa fa-sign-in"></i>', 0, 1, NULL, 0),
(77, 'order_predict', '销售预计', 1, 73, '/order/order_predict/index/read', 138, '<i class="fa fa-bars"></i>', 0, 1, NULL, 0),
(78, 'produces', '生产', 0, 0, 'javascript:void(0);', 45, 'fa fa-tree', 0, 0, 'table', 0),
(79, 'produce_cabinet', '橱柜', 1, 78, '/order/produce_cabinet/index/read', 50, 'fa fa-bars', 0, 1, 'table', 0),
(80, 'produce_wardrobe', '衣柜', 1, 78, '/order/produce_wardrobe/index/read', 51, 'fa fa-bars', 0, 1, 'table', 0),
(81, 'produce_door', '门板', 1, 78, '/order/produce_door/index/read', 52, 'fa fa-bars', 0, 0, 'table', 0),
(82, 'produce_wood', '木框门', 1, 78, '/order/produce_wood/index/read', 53, 'fa fa-bars', 0, 0, 'table', 0),
(83, 'order_clear_fitting', '配件', 1, 78, '/order/order_clear_fitting/index/read', 54, 'fa fa-bars', 0, 1, 'table', 0),
(84, 'order_warn', '订单预警', 1, 45, '/order/order_warn/index/read', 31, '<i class="fa fa-warning"></i>', 0, 1, NULL, 0),
(85, 'board_predict', '面积预计', 1, 73, '/order/board_predict/index/read', 139, '<i class="fa fa-bars"></i>', 0, 1, NULL, 0),
(86, 'classify', '板块分类', 1, 55, '/data/classify/index/read', 44, 'fa fa-archive', 0, 0, 'table', 0),
(87, 'electronic_saw', '电子锯', 1, 78, '/order/electronic_saw/index/read', 55, 'fa fa-bars', 0, 0, 'table', 0),
(88, 'table_saw', '推台锯', 1, 78, '/order/table_saw/index/read', 58, 'fa fa-bars', 0, 1, 'table', 0),
(89, 'edge', '封边', 1, 78, '/order/edge/index/read', 59, 'fa fa-bars', 0, 0, 'table', 0),
(90, 'punch', '打孔', 1, 78, '/order/punch/index/read', 61, 'fa fa-bars', 0, 0, 'table', 0),
(91, 'everyday_asured', '每日确认', 1, 73, '/order/everyday_asured/index/read', 140, '<i class="fa fa-bars"></i>', 0, 1, NULL, 0),
(92, 'money_month', '按月结款', 1, 48, '/order/money_month/index/read', 98, '<i class="fa fa-battery-4"></i>', 0, 1, NULL, 0),
(93, 'money_factory', '到厂付款', 1, 48, '/order/money_factory/index/read', 99, '<i class="fa fa-battery-4"></i>', 0, 1, NULL, 0),
(94, 'pre_produce', '生产准备', 1, 55, '/order/pre_produce/index/read', 34, 'fa fa-fire', 0, 0, 'table', 0),
(95, 'signin', '登录信息', 1, 1, '/manage/signin/index/read', 177, 'fa fa-info', 0, 0, 'table', 0),
(96, 'producing', '正在生产', 1, 78, '/order/producing/index/read', 46, '<i class="fa fa-bars"></i>', 0, 1, NULL, 0),
(97, 'wardrobe_punch', '衣柜打孔', 1, 9, '/data/wardrobe_punch/index/read', 23, '<i class="fa fa-bars"></i>', 0, 1, NULL, 0),
(98, 'face', '单双面', 1, 9, '/data/face/index/read', 24, '<i class="fa fa-bars"></i>', 0, 1, NULL, 0),
(99, 'self_dismantle', '我的分解', 1, 73, '/order/self_dismantle/index/read', 141, '<i class="fa fa-bars"></i>', 0, 1, NULL, 0),
(100, 'dismantle_statistic', '分解统计', 1, 73, '/order/dismantle_statistic/index/read', 142, '<i class="fa fa-bars"></i>', 0, 1, NULL, 0),
(101, 'warehouse', '库位', 1, 64, '/warehouse/warehouse/index/read', 78, '<i class="fa fa-bars"></i>', 0, 0, 'table', 0),
(102, 'permission', '权限', 0, 0, 'javascript:void(0);', 178, '<i class="fa fa-bars"></i>', 0, 0, 'table', 0),
(103, 'usergroup', '用户组', 1, 102, '/permission/usergroup/index/read', 179, 'fa fa-bars', 0, 0, 'table', 0),
(104, 'role', '角色', 1, 102, '/permission/role/index/read', 181, '<i class="fa fa-bars"></i>', 0, 0, 'table', 0),
(105, 'menu', '菜单管理', 1, 102, '/permission/menu/index/read', 191, 'fa fa-bars', 0, 0, 'table', 0),
(106, 'visit', '访问控制', 1, 102, '/permission/visit/index/read', 192, '<i class="fa fa-bars"></i>', 0, 1, NULL, 0),
(107, 'func', '功能管理', 1, 102, '/permission/func/index/read', 193, 'fa fa-eye', 0, 1, 'table', 0),
(108, 'card', '卡片管理', 1, 102, '/permission/card/index/read', 195, 'fa fa-eye', 0, 1, 'table', 0),
(109, 'page_search', '页面搜索', 1, 102, '/permission/page_search/index/read', 197, 'fa fa-eye', 0, 1, 'table', 0),
(110, 'page_form', '页面表单', 1, 102, '/permission/page_form/index/read', 198, 'fa fa-eye', 0, 1, 'table', 0),
(111, 'boolean_type', '布尔', 1, 19, '/data/boolean_type/index/read', 166, '<i class="fa fa-bars"></i>', 0, 0, 'table', 0),
(112, 'card_setting', '卡片设置', 1, 19, '/data/card_setting/index/read', 167, '<i class="fa fa-bars"></i>', 0, 0, 'table', 0),
(113, 'card_type', '卡片类型', 1, 19, '/data/card_type/index/read', 168, '<i class="fa fa-bars"></i>', 0, 0, 'table', 0),
(114, 'form_type', '表单类型', 1, 19, '/data/form_type/index/read', 169, '<i class="fa fa-bars"></i>', 0, 0, 'table', 0),
(115, 'modal_type', '模态类型', 1, 19, '/data/modal_type/index/read', 170, '<i class="fa fa-bars"></i>', 0, 0, 'table', 0),
(116, 'page_type', '页面类型', 1, 19, '/data/page_type/index/read', 171, '<i class="fa fa-bars"></i>', 0, 0, 'table', 0),
(117, 'tag_type', '标签类型', 1, 19, '/data/tag_type/index/read', 172, '<i class="fa fa-bars"></i>', 0, 0, 'table', 0),
(118, 'toggle_type', 'Toggle类型', 1, 19, '/data/toggle_type/index/read', 173, '<i class="fa fa-bars"></i>', 0, 0, 'table', 0),
(120, 'warehouse_shelve', '货架', 1, 64, '/warehouse/warehouse_shelve/index/read', 92, '<i class="fa fa-align-justify"></i>', 0, 0, 'table', 0),
(121, 'warehouse_order_product', '出入库史', 1, 64, '/warehouse/warehouse_order_product/index/read', 80, 'fa fa-history', 0, 0, 'table', 0),
(122, 'warehouse_waiting_in', '等待入库', 1, 64, '/warehouse/warehouse_waiting_in/index/read', 81, 'fa fa-arrow-circle-right', 0, 0, 'table', 0),
(123, 'warehouse_waiting_out', '等待出库', 1, 64, '/warehouse/warehouse_waiting_out/index/read', 82, 'fa fa-arrow-circle-left', 0, 1, 'table', 0),
(124, 'pick_sheet', '拣货单', 1, 64, '/warehouse/pick_sheet/index/read', 83, '<i class="fa fa-arrow-circle-up"></i>', 0, 0, 'table', 0),
(125, 'outted_sheet', '出货单', 1, 64, '/warehouse/outted_sheet/index/read', 86, '<i class="fa fa-circle-o"></i>', 0, 0, 'table', 0),
(126, 'pick_sheet_detail', '拣货单明细', 1, 64, '/warehouse/pick_sheet_detail/index/read', 84, '<i class="fa fa-bars"></i>', 0, 1, 'table', 0),
(127, 'outted_sheet_detail', '出货单明细', 1, 64, '/warehouse/outted_sheet_detail/index/read', 87, '<i class="fa fa-bars"></i>', 0, 1, 'table', 0),
(128, 'user', '用户管理', 1, 1, '/manage/user/index/read', 176, '<i class="fa fa-users"></i>', 0, 0, 'table', 0),
(129, 'usergroup_role', '用户组角色', 1, 102, '/permission/usergroup_role/index/read', 180, '<i class="fa fa-bars"></i>', 0, 1, 'table', 0),
(130, 'role_menu', '角色菜单权限', 1, 102, '/permission/role_menu/index/read', 182, '<i class="fa fa-bars"></i>', 0, 1, 'table', 0),
(131, 'role_visit', '角色访问权限', 1, 102, '/permission/role_visit/index/read', 183, '<i class="fa fa-bars"></i>', 0, 1, 'table', 0),
(132, 'role_func', '角色功能权限', 1, 102, '/permission/role_func/index/read', 184, '<i class="fa fa-bars"></i>', 0, 1, 'table', 0),
(133, 'role_form', '角色表单权限', 1, 102, '/permission/role_form/index/read', 185, '<i class="fa fa-bars"></i>', 0, 1, 'table', 0),
(134, 'role_card', '角色卡片权限', 1, 102, '/permission/role_card/index/read', 186, '<i class="fa fa-bars"></i>', 0, 1, 'table', 0),
(135, 'role_element', '角色元素权限', 1, 102, '/permission/role_element/index/read', 187, '<i class="fa fa-bars"></i>', 0, 1, 'table', 0),
(136, 'role_page_search', '角色搜索权限', 1, 102, '/permission/role_page_search/index/read', 188, '<i class="fa fa-bars"></i>', 0, 1, 'table', 0),
(137, 'role_page_form', '角色页面表单权限', 1, 102, '/permission/role_page_form/index/read', 190, '<i class="fa fa-bars"></i>', 0, 1, 'table', 0),
(138, 'form_page', '表单页面', 1, 102, '/permission/form_page/index/read', 199, 'fa fa-eye', 0, 1, 'table', 0),
(139, 'role_form_page', '角色表单页面权限', 1, 102, '/permission/role_form_page/index/read', 189, '<i class="fa fa-bars"></i>', 0, 1, 'table', 0),
(140, 'form', '功能表单', 1, 102, '/permission/form/index/read', 194, 'fa fa-eye', 0, 1, 'table', 0),
(141, 'element', '卡片元素', 1, 102, '/permission/element/index/read', 196, 'fa fa-eye', 0, 1, 'table', 0),
(144, 'pick_scan', '拣货扫描', 1, 64, '/warehouse/pick_scan/index/read', 85, 'fa fa-qrcode', 0, 1, 'form', 0),
(145, 'produce_process_tracking', 'PPT', 1, 78, '/order/produce_process_tracking/index/read', 49, 'fa fa-bars', 0, 0, 'table', 0),
(146, 'mrp', 'MRP', 1, 78, '/order/mrp/index/read', 47, 'fa fa-bars', 0, 0, 'table', 0),
(147, 'workflow_mrp', 'MRP工作流', 1, 170, '/workflow/workflow_mrp/index/read', 150, 'fa fa-wikipedia-w', 0, 0, 'table', 0),
(148, 'workflow_mrp_msg', 'MRP工作流信息', 1, 170, '/workflow/workflow_mrp_msg/index/read', 151, 'fa fa-bars', 0, 1, 'table', 0),
(149, 'workflow_order_product_msg', 'OP工作流信息', 1, 170, '/workflow/workflow_order_product_msg/index/read', 148, 'fa fa-bars', 0, 1, 'table', 0),
(150, 'lack_detail', '差板块详情', 1, 59, '/order/lack_detail/index/read', 70, 'fa fa-bars', 0, 1, 'table', 0),
(152, 'workflow_order_product_board', 'OPB工作流', 1, 170, '/workflow/workflow_order_product_board/index/read', 152, 'fa fa-wikipedia-w', 0, 0, 'table', 0),
(153, 'workflow_order_product_board_msg', 'OPB工作流信息', 1, 170, '/workflow/workflow_order_product_board_msg/index/read', 153, 'fa fa-bars', 0, 1, 'table', 0),
(154, 'scan', '扫描', 1, 78, '/order/scan/index/read', 63, 'fa fa-bars', 0, 0, 'table', 0),
(155, 'pack', '打包', 1, 78, '/order/pack/index/read', 65, 'fa fa-bars', 0, 0, 'table', 0),
(156, 'electronic_saw_statistic', '电子锯统计', 1, 78, '/order/electronic_saw_statistic/index/read', 56, 'fa fa-bar-chart', 0, 1, 'table', 0),
(157, 'edge_statistic', '封边统计', 1, 78, '/order/edge_statistic/index/read', 60, 'fa fa-bar-chart', 0, 1, 'table', 0),
(158, 'punch_statistic', '打孔统计', 1, 78, '/order/punch_statistic/index/read', 62, 'fa fa-bar-chart', 0, 1, 'table', 0),
(159, 'scan_statistic', '扫描统计', 1, 78, '/order/scan_statistic/index/read', 64, 'fa fa-bar-chart', 0, 1, 'table', 0),
(160, 'pack_statistic', '打包统计', 1, 78, '/order/pack_statistic/index/read', 66, 'fa fa-bar-chart', 0, 1, 'table', 0),
(161, 'warehouse_area', '仓库', 1, 64, '/warehouse/warehouse_area/index/read', 91, 'fa fa-database', 0, 0, 'table', 0),
(162, 'unqrcode', '无码入库', 1, 64, '/warehouse/unqrcode/index/read', 79, 'fa fa-circle', 0, 0, 'table', 0),
(163, 'configs', '配置', 1, 19, '/data/configs/index/read', 157, 'fa fa-list', 0, 0, 'table', 0),
(164, 'dealer_linker', '客户联系人', 1, 13, '/dealer/dealer_linker/index/read', 125, 'fa fa-users', 0, 1, 'table', 0),
(165, 'dealer_delivery', '客户收货', 1, 13, '/dealer/dealer_delivery/index/read', 127, 'fa fa-truck', 0, 1, 'table', 0),
(166, 'dealer_owner', '客户属主', 1, 13, '/dealer/dealer_owner/index/read', 129, 'fa fa-user-o', 0, 1, 'table', 0),
(167, 'dealer_track', '客户跟踪', 1, 13, '/dealer/dealer_track/index/read', 130, 'fa fa-hand-o-right', 0, 1, 'table', 0),
(168, 'dealer_linker_shop', '店面联系人', 1, 13, '/dealer/dealer_linker_shop/index/read', 126, 'fa fa-users', 0, 1, 'table', 0),
(169, 'dealer_delivery_shop', '店面收货', 1, 13, '/dealer/dealer_delivery_shop/index/read', 128, 'fa fa-truck', 0, 1, 'table', 0),
(170, 'workflows', '工作流', 0, 0, 'javascript:void(0);', 143, 'fa fa-wikipedia-w', 0, 0, 'table', 0),
(171, 'workflow_order', '订单工作流', 1, 170, '/workflow/workflow_order/index/read', 145, 'fa fa-wikipedia-w', 0, 0, 'table', 0),
(172, 'workflow_order_msg', '订单工作流信息', 1, 170, '/workflow/workflow_order_msg/index/read', 146, 'fa fa-bars', 0, 1, 'table', 0),
(173, 'workflow_order_product', 'OP工作流', 1, 170, '/workflow/workflow_order_product/index/read', 147, 'fa fa-wikipedia-w', 0, 0, 'table', 0),
(174, 'workflow_order_product_classify', 'OPC工作流', 1, 170, '/workflow/workflow_order_product_classify/index/read', 154, 'fa fa-wikipedia-w', 0, 0, 'table', 0),
(175, 'workflow_order_product_classify_msg', 'OPC工作流信息', 1, 170, '/workflow/workflow_order_product_classify_msg/index/read', 155, 'fa fa-bars', 0, 1, 'table', 0),
(176, 'track_title', '客户跟踪主题', 1, 13, '/data/track_title/index/read', 131, 'fa fa-bars', 0, 0, 'table', 0),
(177, 'saler_board_price', '板材定价', 1, 37, '/product/saler_board_price/index/read', 113, 'fa fa-user', 0, 0, 'table', 0),
(178, 'unit', '单位', 1, 19, '/data/unit/index/read', 165, 'fa fa-sun-o', 0, 0, 'table', 0),
(179, 'goods', '商品', 1, 37, '/product/goods/index/read', 109, 'fa fa-bars', 0, 0, 'table', 0),
(180, 'speci', '产品规格', 1, 37, '/product/speci/index/read', 108, 'fa fa-cube', 0, 0, 'table', 0),
(181, 'goods_speci', '商品规格', 1, 37, '/product/goods_speci/index/read', 110, 'fa fa-bullseye', 0, 0, 'table', 0),
(182, 'saler_goods_price', '商品定价', 1, 37, '/product/saler_goods_price/index/read', 111, 'fa fa-user', 0, 0, 'table', 0),
(183, 'order_finance_flow', '支付记录', 1, 9, '/order/order_finance_flow/index/read', 3, 'fa fa-file-text', 0, 0, 'table', 0),
(184, 'order_remark', '订单备注', 1, 9, '/order/order_remark/index/read', 4, 'fa fa-file-o', 0, 1, 'table', 0),
(185, 'order_product_remark', '订单产品备注', 1, 9, '/order/order_product_remark/index/read', 5, 'fa fa-file-o', 0, 1, 'table', 0),
(186, 'door_edge', '门板封边', 1, 9, '/data/door_edge/index/read', 25, 'fa fa-bars', 0, 0, 'table', 0),
(187, 'handle', '封边拉手', 1, 9, '/data/handle/index/read', 26, 'fa fa-bars', 0, 0, 'table', 0),
(188, 'procedure', '工序', 1, 19, '/data/procedure/index/read', 160, 'fa fa-bars', 0, 0, 'table', 0),
(189, 'production_line', '生产线', 1, 19, '/data/production_line/index/read', 162, 'fa fa-bars', 0, 0, 'table', 0),
(190, 'production_line_procedure', '生产线工作流', 1, 19, '/data/production_line_procedure/index/read', 163, 'fa fa-bars', 0, 1, 'table', 0),
(191, 'workflow_procedure', '工序工作流', 1, 170, '/workflow/workflow_procedure/index/read', 149, 'fa fa-wikipedia-w', 0, 0, 'table', 0),
(192, 'dismantle', '拆单', 1, 9, '/order/dismantle', 8, 'fa fa-arrows', 0, 1, 'form', 0),
(193, 'order_detail', '订单详情', 1, 9, '/order/order_detail', 10, 'fa fa-eye', 0, 1, 'page', 0),
(194, 'valuate_add', '订单计价', 1, 45, '/order/valuate', 29, 'fa fa-money', 0, 1, 'form', 0),
(195, 'mrp_count', 'MRP未下料', 1, 78, '/order/mrp/index/count', 48, 'fa fa-bar-chart', 0, 1, 'h1', 1),
(196, 'electronic_sawed', 'E统计', 1, 78, '/order/electronic_saw_statistic/index/electronic_sawed', 57, 'fa fa-bar-chart', 0, 1, 'list', 1),
(197, 'procedure_workflow', '工作流工序', 1, 19, '/data/procedure_workflow/index/read', 161, 'fa fa-bars', 0, 1, 'table', 0),
(198, 'produce', '等待生产', 1, 45, '/order/produce/index/read', 32, 'fa fa-product-hunt', 0, 0, 'table', 0),
(199, 'order_product_board_plate', '板块清单', 1, 9, '/order/order_product_board_plate/index/read', 11, 'fa fa-square', 0, 1, 'table', 0),
(200, 'print_drawing', '打印图纸', 1, 9, '/drawing/print_drawing/index/read', 18, 'fa fa-image-o', 0, 1, 'image', 0),
(201, 'print_order_product_board_plate', '打印板块清单', 1, 55, '/print/print_order_product_board_plate', 41, 'fa fa-print', 0, 1, 'page', 0),
(202, 'order_product_board_door', '门板清单', 1, 9, '/order/order_product_board_door/index/read', 13, 'fa fa-square', 0, 1, 'table', 0),
(203, 'print_order_product_board_door', '打印门板清单', 1, 55, '/print/print_order_product_board_door', 39, 'fa fa-print', 0, 1, 'page', 0),
(204, 'order_product_board_wood', '木框门清单', 1, 9, '/order/order_product_board_wood/index/read', 14, 'fa fa-square', 0, 1, 'table', 0),
(205, 'print_order_product_board_wood', '打印木框门清单', 1, 55, '/print/print_order_product_board_wood', 40, 'fa fa-print', 0, 1, 'page', 0),
(206, 'order_product_fitting', '配件清单', 1, 9, '/order/order_product_fitting/index/read', 15, 'fa fa-square', 0, 1, 'table', 0),
(207, 'print_order_product_fitting', '打印配件清单', 1, 55, '/print/print_order_product_fitting', 42, 'fa fa-print', 0, 1, 'table', 0),
(208, 'order_product_other', '外购清单', 1, 9, '/order/order_product_other/index/read', 16, 'fa fa-square', 0, 1, 'table', 0),
(209, 'print_order_product_other', '打印外购清单', 1, 55, '/print/print_order_product_other', 43, 'fa fa-print', 0, 1, 'table', 0),
(210, 'order_product_server', '服务清单', 1, 9, '/order/order_product_server/index/read', 17, 'fa fa-square', 0, 1, 'table', 0),
(211, 'remark_list', '备忘单', 1, 55, '/chart/remark_list/index/read', 37, 'fa fa-book', 0, 0, 'table', 0),
(212, 'packed_history', '打包记录', 1, 59, '/order/packed_history/index/read', 72, 'fa fa-history', 0, 1, 'table', 0);

-- --------------------------------------------------------

--
-- 表的结构 `j_modal_type`
--

CREATE TABLE `j_modal_type` (
  `mt_name` varchar(16) NOT NULL COMMENT 'Modal',
  `mt_label` varchar(16) NOT NULL COMMENT 'Label'
) ENGINE=InnoDB DEFAULT CHARSET=utf8 COMMENT='Modal类型';

--
-- 转存表中的数据 `j_modal_type`
--

INSERT INTO `j_modal_type` (`mt_name`, `mt_label`) VALUES
('ajax', 'Ajax'),
('filter', '过滤'),
('search', '搜索');

-- --------------------------------------------------------

--
-- 表的结构 `j_mrp`
--

CREATE TABLE `j_mrp` (
  `m_id` int(10) NOT NULL COMMENT 'v',
  `m_batch_num` varchar(64) NOT NULL COMMENT '批次编号',
  `m_board` varchar(64) NOT NULL COMMENT '板块',
  `m_status` smallint(4) NOT NULL DEFAULT '1' COMMENT '状态',
  `m_num` smallint(4) UNSIGNED NOT NULL COMMENT '数量',
  `m_distribution` int(10) UNSIGNED NOT NULL DEFAULT '0' COMMENT '分配',
  `m_shear` int(10) UNSIGNED NOT NULL DEFAULT '0' COMMENT '排产人',
  `m_shear_datetime` datetime DEFAULT NULL COMMENT '排产日期',
  `m_saw` int(10) UNSIGNED NOT NULL DEFAULT '0' COMMENT '下料人',
  `m_saw_datetime` datetime DEFAULT NULL COMMENT '下料日期'
) ENGINE=InnoDB DEFAULT CHARSET=utf8 COMMENT='MRP';

--
-- 转存表中的数据 `j_mrp`
--

INSERT INTO `j_mrp` (`m_id`, `m_batch_num`, `m_board`, `m_status`, `m_num`, `m_distribution`, `m_shear`, `m_shear_datetime`, `m_saw`, `m_saw_datetime`) VALUES
(1, '20180620101102', '18颗粒板暖白L', 3, 5, 31, 0, NULL, 0, NULL),
(2, '20180620101103', '18颗粒板暖白L', 4, 5, 33, 0, NULL, 0, NULL),
(3, '20180620101104', '18颗粒板暖白L', 3, 5, 32, 0, NULL, 0, NULL),
(4, '20180620101104', '18颗粒板暖白L', 0, 5, 33, 0, NULL, 0, NULL),
(5, '20180620101105', '18颗粒板暖白L', 4, 5, 33, 0, NULL, 0, NULL),
(7, '2018082401', '18多层板古典红木R', 3, 3, 33, 1, '2018-08-24 14:57:02', 1, '2018-08-24 15:54:19'),
(8, '2018082402', '18多层板古典红木R', 4, 10, 31, 1, '2018-08-24 15:45:58', 1, '2018-08-24 15:56:20'),
(9, '2018082402', '5多层板古典红木R', 4, 5, 31, 1, '2018-08-24 15:45:58', 1, '2018-08-24 15:56:20'),
(10, '2018082403', '18多层板古典红木R', 4, 10, 32, 1, '2018-08-24 16:27:49', 1, '2018-08-24 16:28:59'),
(11, '2018082403', '5多层板古典红木R', 4, 5, 32, 1, '2018-08-24 16:27:49', 1, '2018-08-24 16:28:59');

-- --------------------------------------------------------

--
-- 表的结构 `j_operation`
--

CREATE TABLE `j_operation` (
  `o_id` smallint(4) UNSIGNED NOT NULL COMMENT 'v',
  `o_name` varchar(64) NOT NULL COMMENT '名称',
  `o_url` varchar(128) NOT NULL COMMENT 'Url',
  `o_class` smallint(4) UNSIGNED NOT NULL DEFAULT '0' COMMENT '等级',
  `o_parent` smallint(4) UNSIGNED NOT NULL DEFAULT '0' COMMENT '父类'
) ENGINE=InnoDB DEFAULT CHARSET=utf8 COMMENT='操作统计';

--
-- 转存表中的数据 `j_operation`
--

INSERT INTO `j_operation` (`o_id`, `o_name`, `o_url`, `o_class`, `o_parent`) VALUES
(1, '订单', 'javascript:void(0);', 0, 0),
(2, '新建订单V', 'order/order/index/add', 1, 1),
(3, '新建订单C', 'order/order/add', 1, 1),
(4, '生产', 'javascript:void(0);', 0, 0),
(5, '包装', 'javascript:void(0);', 0, 0),
(6, '修改订单', 'order/order/edit', 1, 1),
(7, '删除订单', 'order/order/remove', 1, 1),
(8, '查询订单编号', 'order/order/read_order_num', 1, 1),
(9, 'Bd', 'javascript:void(0);', 0, 0),
(10, 'BD列表', 'order/bd/index/read', 1, 9),
(11, '读BD列表', 'order/bd/read', 1, 9),
(12, '下载BD', 'order/order/download', 1, 9),
(13, 'Cargo_no', 'javascript:void(0);', 0, 0),
(14, '登记货号V', 'order/cargo_no/index/edit', 1, 13),
(15, '登记货号C', 'order/cargo_no/edit', 1, 13),
(16, 'Deliveried', 'javascript:void(0);', 0, 0),
(17, '已发货V', 'order/deliveried/index/read', 1, 16),
(18, '已发货C', 'order/deliveried/read', 1, 16),
(19, '重新发货', 'order/deliveried/redelivery', 1, 16),
(20, 'Dismantle_detail', 'javascript:void(0);', 0, 0),
(21, '拆单详情', 'order/dismantle_detail/index/read', 1, 20),
(22, 'Dismantle_f', 'javascript:void(0);', 0, 0),
(23, '服务拆单', 'order/dismantle_f/read', 1, 22),
(24, 'Dismantle_g', 'javascript:void(0);', 0, 0),
(25, '外购拆单', 'order/dismantle_g/read', 1, 24),
(26, 'Dismantle_k', 'javascript:void(0);', 0, 0),
(27, '木框门拆单', 'order/dismantle_k/read', 1, 26),
(28, 'Dismantle_m', 'javascript:void(0);', 0, 0),
(29, '门板拆单', 'order/dismantle_m/read', 1, 28),
(30, 'Dismantle_p', 'javascript:void(0);', 0, 0),
(31, '配件拆单', 'order/dismantle_m/read', 1, 30),
(32, 'Dismantle_w', 'javascript:void(0);', 0, 0),
(33, '橱柜拆单', 'order/dismantle_w/read', 1, 32),
(34, 'Dismantle_y', 'javascript:void(0);', 0, 0),
(35, '衣柜拆单', 'order/dismantle_y/read', 1, 34),
(36, 'Dismantle', 'javascript:void(0);', 0, 0),
(37, '拆单V', 'order/dismantle/index/read', 1, 36),
(38, '拆单C', 'order/dismantle/edit', 1, 36),
(39, '重新拆单', 'order/dismantle/redismantle', 1, 36),
(40, '清除拆单', 'order/dismantle/remove', 1, 36);

-- --------------------------------------------------------

--
-- 表的结构 `j_order`
--

CREATE TABLE `j_order` (
  `o_id` int(10) UNSIGNED NOT NULL COMMENT 'v',
  `o_num` varchar(64) NOT NULL COMMENT '订单编号',
  `o_order_type` char(2) DEFAULT NULL COMMENT '订单类型',
  `o_dealer_id` int(10) UNSIGNED DEFAULT '1' COMMENT '经销商',
  `o_dealer` varchar(512) DEFAULT NULL COMMENT '经销商',
  `o_shop_id` int(10) UNSIGNED NOT NULL DEFAULT '1' COMMENT '店面V',
  `o_checker` varchar(64) DEFAULT NULL COMMENT '对单',
  `o_checker_phone` varchar(16) DEFAULT NULL COMMENT '对单人电话',
  `o_payterms` varchar(64) DEFAULT '款到发货' COMMENT '支付条款',
  `o_down_payment` float(5,2) UNSIGNED NOT NULL DEFAULT '1.00' COMMENT '首付比例',
  `o_payer` varchar(64) DEFAULT NULL COMMENT '支付人',
  `o_payer_phone` varchar(16) DEFAULT NULL COMMENT '支付人电话',
  `o_logistics` varchar(64) DEFAULT NULL COMMENT '物流',
  `o_out_method` varchar(64) DEFAULT NULL COMMENT '出厂方式',
  `o_delivery_area` varchar(64) DEFAULT NULL COMMENT '发货地区',
  `o_delivery_address` varchar(64) DEFAULT NULL COMMENT '发货地址',
  `o_delivery_linker` varchar(32) DEFAULT NULL COMMENT '收货人',
  `o_delivery_phone` varchar(64) DEFAULT NULL COMMENT '收货电话',
  `o_owner` varchar(128) DEFAULT NULL COMMENT '业主',
  `o_request_outdate` date DEFAULT NULL COMMENT '要求出厂',
  `o_payed` float(10,2) UNSIGNED NOT NULL DEFAULT '0.00' COMMENT '已支付金额',
  `o_pay_status` tinyint(2) NOT NULL DEFAULT '0' COMMENT '支付状态',
  `o_pack` smallint(4) UNSIGNED NOT NULL DEFAULT '0' COMMENT '打包',
  `o_pack_detail` varchar(512) DEFAULT NULL COMMENT '打包详情',
  `o_cargo_no` varchar(64) DEFAULT NULL COMMENT '订单发货货号',
  `o_stock_outted_id` int(10) UNSIGNED NOT NULL DEFAULT '0',
  `o_sum` float UNSIGNED NOT NULL DEFAULT '0' COMMENT '金额',
  `o_sum_detail` varchar(1024) DEFAULT NULL COMMENT '金额详情',
  `o_sum_diff` float UNSIGNED NOT NULL DEFAULT '0' COMMENT '金额差额',
  `o_status` smallint(4) NOT NULL DEFAULT '1' COMMENT '订单工作流',
  `o_task_level` tinyint(2) NOT NULL DEFAULT '1' COMMENT '任务等级',
  `o_warehouse_num` varchar(1024) DEFAULT NULL COMMENT '库位编号',
  `o_remark` varchar(128) DEFAULT NULL COMMENT '备注',
  `o_dealer_remark` varchar(128) DEFAULT NULL COMMENT '客户备注'
) ENGINE=InnoDB DEFAULT CHARSET=utf8 COMMENT='订单';

--
-- 转存表中的数据 `j_order`
--

INSERT INTO `j_order` (`o_id`, `o_num`, `o_order_type`, `o_dealer_id`, `o_dealer`, `o_shop_id`, `o_checker`, `o_checker_phone`, `o_payterms`, `o_down_payment`, `o_payer`, `o_payer_phone`, `o_logistics`, `o_out_method`, `o_delivery_area`, `o_delivery_address`, `o_delivery_linker`, `o_delivery_phone`, `o_owner`, `o_request_outdate`, `o_payed`, `o_pay_status`, `o_pack`, `o_pack_detail`, `o_cargo_no`, `o_stock_outted_id`, `o_sum`, `o_sum_detail`, `o_sum_diff`, `o_status`, `o_task_level`, `o_warehouse_num`, `o_remark`, `o_dealer_remark`) VALUES
(1, 'X2018080001', 'X', 1, '90002-1-德润家居-德润家居-湖北省武汉市江岸区德润大厦2201-张闯创-15927114502', 1, '刘三', '15927114599', '款到发货', 1.00, '六六', '15927114600', '', '到厂自提', '武汉市江汉区德润大厦2201', '德润大厦2201', '张闯创', '15927114502', 'fdasdfasdfsadf', '2018-08-13', 0.00, 0, 0, NULL, NULL, 0, 0, NULL, 0, 1, 1, NULL, '', NULL),
(2, 'X2018080002', 'X', 3, '90003-1-欧宝宅配-欧宝宅配-武汉市-周明-13657216118', 5, '周明', '13657216118', '款到发货', 1.00, '周明', '13657216118', '', '发货物流', '武汉市', '', '周明', '13657216118', 'fdasdfasdfsadf', '2018-08-13', 0.00, 0, 0, NULL, NULL, 0, 0, NULL, 0, 1, 1, NULL, '', NULL),
(3, 'X2018080003', 'X', 3, '90003-1-欧宝宅配-欧宝宅配-武汉市-周明-13657216118', 5, '周明', '13657216118', '款到发货', 1.00, '周明', '13657216118', '', '发货物流', '武汉市', '', '周明', '13657216118', 'fdasdfasdfsadf', '2018-08-13', 0.00, 0, 0, NULL, NULL, 0, 0, NULL, 0, 1, 1, NULL, '', NULL),
(4, 'X2018080004', 'X', 3, '90003-1-欧宝宅配-欧宝宅配-武汉市-周明-13657216118', 5, '周明', '13657216118', '款到发货', 1.00, '周明', '13657216118', '', '发货物流', '武汉市', '', '周明', '13657216118', 'fdasdfasdfsadf', '2018-08-13', 0.00, 0, 0, NULL, NULL, 0, 0, NULL, 0, 1, 1, NULL, '', NULL),
(5, 'X2018080005', 'X', 3, '90003-1-欧宝宅配-欧宝宅配-武汉市-周明-13657216118', 5, '周明', '13657216118', '款到发货', 1.00, '周明', '13657216118', '', '发货物流', '武汉市', '', '周明', '13657216118', 'fdasdfasdfsadf', '2018-08-13', 0.00, 0, 0, NULL, NULL, 0, 0, NULL, 0, 2, 1, NULL, '这个是测试备注ddd', '这个是客户测试备注ddd'),
(6, 'X2018080006', 'X', 3, '90003-1-欧宝宅配-欧宝宅配-武汉市-周明-13657216118', 5, '周明', '13657216118', '款到发货', 1.00, '周明', '13657216118', '', '发货物流', '武汉市', '', '周明', '13657216118', 'fdasdfasdfsadf', '2018-08-13', 0.00, 0, 0, NULL, NULL, 0, 0, NULL, 0, 1, 1, NULL, '', NULL),
(7, 'X2018080007', 'X', 3, '90003-1-欧宝宅配-欧宝宅配-武汉市-周明-13657216118', 5, '周明', '13657216118', '款到发货', 1.00, '周明', '13657216118', '', '发货物流', '武汉市', '', '周明', '13657216118', 'fdasdfasdfsadf', '2018-08-13', 0.00, 0, 0, NULL, NULL, 0, 0, NULL, 0, 1, 1, NULL, '', NULL),
(8, 'X2018080008', 'X', 3, '90003-1-欧宝宅配-欧宝宅配-武汉市-周明-13657216118', 5, '周明', '13657216118', '款到发货', 1.00, '周明', '13657216118', '', '发货物流', '武汉市', '', '周明', '13657216118', 'fdasdfasdfsadf', '2018-08-13', 0.00, 0, 0, NULL, NULL, 0, 0, NULL, 0, 1, 1, NULL, '', NULL),
(9, 'X2018080009', 'X', 3, '90003-1-欧宝宅配-欧宝宅配-武汉市-周明-13657216118', 5, '周明', '13657216118', '款到发货', 1.00, '周明', '13657216118', '', '发货物流', '武汉市', '', '周明', '13657216118', 'fdasdfasdfsadf', '2018-08-13', 0.00, 0, 0, NULL, NULL, 0, 0, NULL, 0, 1, 1, NULL, '', NULL),
(10, 'X2018080010', 'X', 3, '90003-1-欧宝宅配-欧宝宅配-武汉市-周明-13657216118', 5, '周明', '13657216118', '款到发货', 1.00, '周明', '13657216118', '', '发货物流', '武汉市', '', '周明', '13657216118', 'fdasdfasdfsadf', '2018-08-13', 0.00, 0, 0, NULL, NULL, 0, 0, NULL, 0, 1, 1, NULL, '', NULL),
(11, 'X2018080011', 'X', 3, '90003-1-欧宝宅配-欧宝宅配-武汉市-周明-13657216118', 5, '周明', '13657216118', '款到发货', 1.00, '周明', '13657216118', '', '发货物流', '武汉市', '', '周明', '13657216118', 'fdasdfasdfsadf', '2018-08-13', 0.00, 0, 0, NULL, NULL, 0, 0, NULL, 0, 1, 1, NULL, '', NULL),
(12, 'X2018080012', 'X', 3, '90003-1-欧宝宅配-欧宝宅配-武汉市-周明-13657216118', 5, '周明', '13657216118', '款到发货', 1.00, '周明', '13657216118', '', '发货物流', '武汉市', '', '周明', '13657216118', 'fdasdfasdfsadf', '2018-08-13', 0.00, 0, 0, NULL, NULL, 0, 0, NULL, 0, 1, 1, NULL, '', NULL),
(13, 'X2018080013', 'X', 3, '90003-1-欧宝宅配-欧宝宅配-武汉市-周明-13657216118', 5, '周明', '13657216118', '款到发货', 1.00, '周明', '13657216118', '', '发货物流', '武汉市', '', '周明', '13657216118', 'fdasdfasdfsadf', '2018-08-13', 0.00, 0, 0, NULL, NULL, 0, 0, NULL, 0, 1, 1, NULL, '', NULL),
(14, 'X2018080014', 'X', 3, '90003-1-欧宝宅配-欧宝宅配-武汉市-周明-13657216118', 5, '周明', '13657216118', '款到发货', 1.00, '周明', '13657216118', '', '发货物流', '武汉市', '', '周明', '13657216118', 'fdasdfasdfsadf', '2018-08-13', 0.00, 0, 0, NULL, NULL, 0, 0, NULL, 0, 1, 1, NULL, '', NULL),
(15, 'X2018080015', 'X', 3, '90003-1-欧宝宅配-欧宝宅配-武汉市-周明-13657216118', 5, '周明', '13657216118', '款到发货', 1.00, '周明', '13657216118', '', '发货物流', '武汉市', '', '周明', '13657216118', 'fdasdfasdfsadf', '2018-08-13', 0.00, 0, 0, NULL, NULL, 0, 0, NULL, 0, 1, 1, NULL, '', NULL),
(16, 'X2018080016', 'X', 3, '90003-1-欧宝宅配-欧宝宅配-武汉市-周明-13657216118', 5, '周明', '13657216118', '款到发货', 1.00, '周明', '13657216118', '', '发货物流', '武汉市', '', '周明', '13657216118', 'fdasdfasdfsadf', '2018-08-13', 0.00, 0, 0, NULL, NULL, 0, 0, NULL, 0, 1, 1, NULL, '', NULL),
(17, 'X2018080017', 'X', 3, '90003-1-欧宝宅配-欧宝宅配-武汉市-周明-13657216118', 5, '周明', '13657216118', '款到发货', 1.00, '周明', '13657216118', '', '发货物流', '武汉市', '', '周明', '13657216118', 'fdasdfasdfsadf', '2018-08-13', 0.00, 0, 0, NULL, NULL, 0, 0, NULL, 0, 1, 1, NULL, '', NULL),
(18, 'X2018080018', 'X', 3, '90003-1-欧宝宅配-欧宝宅配-武汉市-周明-13657216118', 5, '周明', '13657216118', '款到发货', 1.00, '周明', '13657216118', '', '发货物流', '武汉市', '', '周明', '13657216118', 'fdasdfasdfsadf', '2018-08-13', 0.00, 0, 0, NULL, NULL, 0, 0, NULL, 0, 1, 1, NULL, '', NULL),
(19, 'X2018080019', 'X', 3, '90003-1-欧宝宅配-欧宝宅配-武汉市-周明-13657216118', 5, '周明', '13657216118', '款到发货', 1.00, '周明', '13657216118', '', '发货物流', '武汉市', '', '周明', '13657216118', 'fdasdfasdfsadf', '2018-08-13', 0.00, 0, 0, NULL, NULL, 0, 0, NULL, 0, 1, 1, NULL, '', NULL),
(20, 'X2018080020', 'X', 3, '90003-1-欧宝宅配-欧宝宅配-武汉市-周明-13657216118', 5, '周明', '13657216118', '款到发货', 1.00, '周明', '13657216118', '', '发货物流', '武汉市', '', '周明', '13657216118', 'fdasdfasdfsadf', '2018-08-13', 0.00, 0, 0, NULL, NULL, 0, 0, NULL, 0, 1, 1, NULL, '', NULL),
(21, 'X2018080021', 'X', 3, '90003-1-欧宝宅配-欧宝宅配-武汉市-周明-13657216118', 5, '周明', '13657216118', '款到发货', 1.00, '周明', '13657216118', '', '发货物流', '武汉市', '', '周明', '13657216118', 'fdasdfasdfsadf', '2018-08-13', 0.00, 0, 0, NULL, NULL, 0, 0, NULL, 0, 1, 1, NULL, '', NULL),
(22, 'X2018080022', 'X', 3, '90003-1-欧宝宅配-欧宝宅配-武汉市-周明-13657216118', 5, '周明', '13657216118', '款到发货', 1.00, '周明', '13657216118', '', '发货物流', '武汉市', '', '周明', '13657216118', 'fdasdfasdfsadf', '2018-08-13', 0.00, 0, 0, NULL, NULL, 0, 0, NULL, 0, 1, 1, NULL, '', NULL),
(23, 'X2018080023', 'X', 3, '90003-1-欧宝宅配-欧宝宅配-武汉市-周明-13657216118', 5, '周明', '13657216118', '款到发货', 1.00, '周明', '13657216118', '', '发货物流', '武汉市', '', '周明', '13657216118', 'fdasdfasdfsadf', '2018-08-13', 0.00, 0, 0, NULL, NULL, 0, 0, NULL, 0, 1, 1, NULL, '', NULL),
(24, 'X2018080024', 'X', 3, '90003-1-欧宝宅配-欧宝宅配-武汉市-周明-13657216118', 5, '周明', '13657216118', '款到发货', 1.00, '周明', '13657216118', '', '发货物流', '武汉市', '', '周明', '13657216118', 'fdasdfasdfsadf', '2018-08-13', 0.00, 0, 0, NULL, NULL, 0, 0, NULL, 0, 2, 1, NULL, '', NULL),
(25, 'B2018080001', 'B', 3, '90003-1-欧宝宅配-欧宝宅配-武汉市-周明-13657216118', 5, '周明', '13657216118', '款到发货', 1.00, '周明', '13657216118', '', '发货物流', '武汉市', '', '周明', '13657216118', 'fdasdfasdfsadf', '2018-08-13', 0.00, 0, 0, NULL, NULL, 0, 0, NULL, 0, 1, 1, NULL, '', NULL),
(26, 'X2018080025', 'X', 1, '90002-1-德润家居-德润家居-湖北省武汉市江岸区德润大厦2201-张闯创-15927114502', 1, '刘三', '15927114599', '款到发货', 1.00, '六六', '15927114600', '', '到厂自提', '武汉市江汉区德润大厦2201', '德润大厦2201', '张闯创', '15927114502', '久久女儿红', '0000-00-00', 0.00, 0, 0, NULL, NULL, 0, 0, NULL, 0, 2, 1, NULL, '', ''),
(27, 'X2018080026', 'X', 1, '90002-1-德润家居-德润家居-湖北省武汉市江岸区德润大厦2201-张闯创-15927114502', 1, '刘三', '15927114599', '宽松生产', 0.30, '六六', '15927114600', '', '到厂自提', '武汉市江汉区德润大厦2201', '德润大厦2201', '张闯创', '15927114502', 'asdfasdf', '2018-08-28', 0.00, 2, 0, NULL, NULL, 0, 650, '{"cabinet":650,"wardrobe":0,"door":0,"wood":0,"fitting":0,"other":0,"server":0}', 26, 11, 1, NULL, '后期添加备注', ''),
(28, 'X2018080027', 'X', 3, '90003-1-欧宝宅配-欧宝宅配-武汉市-周明-13657216118', 5, '周明', '13657216118', '款到发货', 1.00, '周明', '13657216118', '', '发货物流', '武汉市', '', '周明', '13657216118', 'fdasdfasdfsadf', '2018-08-21', 0.00, 0, 0, NULL, NULL, 0, 1490, '{"cabinet":432,"wardrobe":595,"door":462.48,"wood":0,"fitting":0,"other":0,"server":0}', 0, 5, 1, NULL, '', NULL),
(29, 'X2018080028', 'X', 3, '90003-1-欧宝宅配-欧宝宅配-武汉市-周明-13657216118', 5, '周明', '13657216118', '款到发货', 1.00, '周明', '13657216118', '', '发货物流', '武汉市', '', '周明', '13657216118', '段誉', '0000-00-00', 0.00, 0, 0, NULL, NULL, 0, 0, NULL, 0, 2, 1, NULL, '', NULL),
(30, 'X2018080029', 'X', 3, '90003-1-欧宝宅配-欧宝宅配-武汉市-周明-13657216118', 5, '周明', '13657216118', '款到发货', 1.00, '周明', '13657216118', '', '发货物流', '武汉市', '', '周明', '13657216118', '久久女儿红', '0000-00-00', 0.00, 0, 0, NULL, NULL, 0, 0, NULL, 0, 1, 1, NULL, '', NULL),
(31, 'X2018080030', 'X', 3, '90003-1-欧宝宅配-欧宝宅配-武汉市-周明-13657216118', 5, '周明', '13657216118', '款到发货', 1.00, '周明', '13657216118', '', '发货物流', '武汉市', '', '周明', '13657216118', '久久女儿红', '0000-00-00', 0.00, 0, 0, NULL, NULL, 0, 0, NULL, 0, 2, 1, NULL, '', NULL),
(32, 'X2018080031', 'X', 3, '90003-1-欧宝宅配-欧宝宅配-武汉市-周明-13657216118', 5, '周明', '13657216118', '款到发货', 1.00, '周明', '13657216118', '', '发货物流', '武汉市', '', '周明', '13657216118', 'fafdsasdf', '0000-00-00', 0.00, 0, 0, NULL, NULL, 0, 0, NULL, 0, 1, 1, NULL, '', NULL),
(33, 'X2018080032', 'X', 3, '90003-1-欧宝宅配-欧宝宅配-武汉市-周明-13657216118', 5, '周明', '13657216118', '款到发货', 1.00, '周明', '13657216118', '', '发货物流', '武汉市', '', '周明', '13657216118', 'fafdsasdf', '0000-00-00', 0.00, 0, 0, NULL, NULL, 0, 0, NULL, 0, 1, 1, NULL, '', NULL),
(34, 'X2018080033', 'X', 3, '90003-1-欧宝宅配-欧宝宅配-武汉市-周明-13657216118', 5, '周明', '13657216118', '宽松生产', 1.00, '周明', '13657216118', '', '发货物流', '武汉市', '', '周明', '13657216118', 'cvncvbncvbn', '2018-08-31', 0.00, 0, 0, NULL, NULL, 0, 184, '{"cabinet":0,"wardrobe":184,"door":0,"wood":0,"fitting":0,"other":0,"server":0}', 0, 12, 1, NULL, '', NULL),
(35, 'X2018080034', 'X', 2, '90001-3-武汉华帝王燕-武昌店-武汉市武昌区八一路-王燕-18086631390', 4, '王燕', '18086631390', '宽松生产', 1.00, '王燕', '18086631390', '', '到厂自提', '武汉市武昌区', '', '王燕', '18086631390', '得地', '2018-08-31', 0.00, 0, 4, '{"Y":"4"}', NULL, 0, 198, '{"cabinet":0,"wardrobe":198,"door":0,"wood":0,"fitting":0,"other":0,"server":0}', 0, 15, 1, NULL, '', NULL);

-- --------------------------------------------------------

--
-- 表的结构 `j_order_datetime`
--

CREATE TABLE `j_order_datetime` (
  `od_id` int(10) UNSIGNED NOT NULL COMMENT 'v',
  `od_order_id` int(10) UNSIGNED NOT NULL COMMENT '订单V',
  `od_creator` int(10) NOT NULL COMMENT '创建人',
  `od_create_datetime` datetime DEFAULT NULL COMMENT '创建日期',
  `od_dismantle` int(10) NOT NULL DEFAULT '0' COMMENT '拆弹人',
  `od_dismantle_datetime` datetime DEFAULT NULL COMMENT '拆单日期',
  `od_valuate` int(10) NOT NULL DEFAULT '0' COMMENT '计价人',
  `od_valuate_datetime` datetime DEFAULT NULL COMMENT '计价日期',
  `od_check` int(10) NOT NULL DEFAULT '0' COMMENT '核价人',
  `od_check_remark` varchar(128) DEFAULT NULL COMMENT '财务核价备注',
  `od_check_datetime` datetime DEFAULT NULL COMMENT '核价日期',
  `od_sure` int(10) NOT NULL DEFAULT '0' COMMENT '确认人',
  `od_sure_datetime` datetime DEFAULT NULL COMMENT '确认日期',
  `od_producing` int(10) UNSIGNED NOT NULL DEFAULT '0' COMMENT '开始生产',
  `od_producing_datetime` datetime DEFAULT NULL COMMENT '开始生产日期',
  `od_inned` int(10) NOT NULL DEFAULT '0' COMMENT '入库人',
  `od_inned_datetime` datetime DEFAULT NULL COMMENT '入库日期',
  `od_delivery` int(10) NOT NULL DEFAULT '0' COMMENT '安排发货',
  `od_delivery_datetime` datetime DEFAULT NULL COMMENT '安排日期'
) ENGINE=InnoDB DEFAULT CHARSET=utf8 COMMENT='订单时间点';

--
-- 转存表中的数据 `j_order_datetime`
--

INSERT INTO `j_order_datetime` (`od_id`, `od_order_id`, `od_creator`, `od_create_datetime`, `od_dismantle`, `od_dismantle_datetime`, `od_valuate`, `od_valuate_datetime`, `od_check`, `od_check_remark`, `od_check_datetime`, `od_sure`, `od_sure_datetime`, `od_producing`, `od_producing_datetime`, `od_inned`, `od_inned_datetime`, `od_delivery`, `od_delivery_datetime`) VALUES
(1, 27, 1, '2018-08-13 20:54:08', 1, '2018-08-13 21:05:37', 1, '2018-08-14 20:15:20', 1, '价格不合适，不通过', '2018-08-15 08:34:16', 1, '2018-08-20 10:19:39', 0, NULL, 0, NULL, 0, NULL),
(2, 28, 1, '2018-08-14 10:58:04', 1, '2018-08-14 11:39:45', 0, NULL, 0, NULL, NULL, 0, NULL, 0, NULL, 0, NULL, 0, NULL),
(3, 29, 1, '2018-08-14 20:21:59', 0, NULL, 0, NULL, 0, NULL, NULL, 0, NULL, 0, NULL, 0, NULL, 0, NULL),
(4, 24, 1, '2018-08-14 20:21:59', 0, NULL, 0, NULL, 0, NULL, NULL, 0, NULL, 0, NULL, 0, NULL, 0, NULL),
(5, 30, 1, '2018-08-20 19:47:59', 0, NULL, 0, NULL, 0, NULL, NULL, 0, NULL, 0, NULL, 0, NULL, 0, NULL),
(6, 31, 1, '2018-08-20 19:49:47', 0, NULL, 0, NULL, 0, NULL, NULL, 0, NULL, 0, NULL, 0, NULL, 0, NULL),
(7, 32, 1, '2018-08-22 14:38:50', 0, NULL, 0, NULL, 0, NULL, NULL, 0, NULL, 0, NULL, 0, NULL, 0, NULL),
(8, 33, 1, '2018-08-22 14:41:04', 0, NULL, 0, NULL, 0, NULL, NULL, 0, NULL, 0, NULL, 0, NULL, 0, NULL),
(9, 34, 1, '2018-08-24 15:31:42', 1, '2018-08-24 15:33:16', 1, '2018-08-24 15:33:48', 1, NULL, '2018-08-24 15:33:48', 1, '2018-08-24 15:34:39', 0, NULL, 0, NULL, 0, NULL),
(10, 35, 1, '2018-08-24 16:07:25', 1, '2018-08-24 16:08:25', 1, '2018-08-24 16:08:40', 1, NULL, '2018-08-24 16:08:40', 1, '2018-08-24 16:09:02', 0, NULL, 1, '2018-08-28 14:12:54', 0, NULL);

-- --------------------------------------------------------

--
-- 表的结构 `j_order_finance_flow`
--

CREATE TABLE `j_order_finance_flow` (
  `off_id` int(10) UNSIGNED NOT NULL COMMENT 'v',
  `off_order_id` int(10) UNSIGNED NOT NULL COMMENT '订单',
  `off_payed_money` float UNSIGNED NOT NULL DEFAULT '0' COMMENT '支付金额',
  `off_status` tinyint(1) UNSIGNED NOT NULL DEFAULT '1' COMMENT '支付状态',
  `off_order_status` smallint(4) NOT NULL COMMENT '订单状态',
  `off_finance_flow_type` enum('首付','尾款','宽松发货','补款','全款','宽松生产') NOT NULL DEFAULT '首付' COMMENT '流水类型'
) ENGINE=InnoDB DEFAULT CHARSET=utf8 COMMENT='订单支付流水';

-- --------------------------------------------------------

--
-- 表的结构 `j_order_product`
--

CREATE TABLE `j_order_product` (
  `op_id` int(10) UNSIGNED NOT NULL COMMENT 'v',
  `op_order_id` int(10) UNSIGNED NOT NULL COMMENT '订单',
  `op_product_id` int(10) NOT NULL COMMENT '产品',
  `op_product` varchar(64) DEFAULT NULL COMMENT '产品',
  `op_num` varchar(64) NOT NULL COMMENT '订单产品编号',
  `op_sum` float UNSIGNED NOT NULL DEFAULT '0' COMMENT '金额',
  `op_sum_diff` float UNSIGNED NOT NULL DEFAULT '0' COMMENT '金额差额',
  `op_pack` smallint(4) UNSIGNED NOT NULL DEFAULT '0' COMMENT '包装',
  `op_pack_detail` varchar(128) DEFAULT NULL COMMENT '包装详情',
  `op_status` smallint(4) NOT NULL DEFAULT '1' COMMENT '状态',
  `op_remark` varchar(128) DEFAULT NULL COMMENT '备注',
  `op_bd` tinyint(1) UNSIGNED NOT NULL DEFAULT '0' COMMENT 'BD上传',
  `op_warehouse_num` varchar(512) DEFAULT NULL COMMENT '库位',
  `op_creator` int(10) UNSIGNED NOT NULL DEFAULT '0' COMMENT '创建人',
  `op_create_datetime` datetime DEFAULT NULL COMMENT '创建日期',
  `op_dismantle` int(10) UNSIGNED NOT NULL DEFAULT '0' COMMENT '拆单人',
  `op_dismantle_datetime` datetime DEFAULT NULL COMMENT '拆单日期',
  `op_producing` int(10) UNSIGNED NOT NULL DEFAULT '0' COMMENT '开始生产',
  `op_producing_datetime` datetime DEFAULT NULL COMMENT '开始生产日期',
  `op_inned` int(10) UNSIGNED NOT NULL DEFAULT '0' COMMENT '完全入库',
  `op_inned_datetime` datetime DEFAULT NULL COMMENT '完全入库日期'
) ENGINE=InnoDB DEFAULT CHARSET=utf8 COMMENT='订单产品';

--
-- 转存表中的数据 `j_order_product`
--

INSERT INTO `j_order_product` (`op_id`, `op_order_id`, `op_product_id`, `op_product`, `op_num`, `op_sum`, `op_sum_diff`, `op_pack`, `op_pack_detail`, `op_status`, `op_remark`, `op_bd`, `op_warehouse_num`, `op_creator`, `op_create_datetime`, `op_dismantle`, `op_dismantle_datetime`, `op_producing`, `op_producing_datetime`, `op_inned`, `op_inned_datetime`) VALUES
(1, 5, 1, '橱柜', 'X2018080005-W1', 0, 0, 0, NULL, 3, NULL, 0, NULL, 0, NULL, 0, NULL, 0, NULL, 0, NULL),
(2, 5, 2, '衣柜', 'X2018080005-Y1', 0, 0, 0, NULL, 3, NULL, 0, NULL, 0, NULL, 0, NULL, 0, NULL, 0, NULL),
(3, 6, 1, '橱柜', 'X2018080006-W1', 0, 0, 0, NULL, 1, NULL, 0, NULL, 0, NULL, 0, NULL, 0, NULL, 0, NULL),
(4, 6, 2, '衣柜', 'X2018080006-Y1', 0, 0, 0, NULL, 1, NULL, 0, NULL, 0, NULL, 0, NULL, 0, NULL, 0, NULL),
(5, 7, 1, '橱柜', 'X2018080007-W1', 0, 0, 0, NULL, 1, NULL, 0, NULL, 0, NULL, 0, NULL, 0, NULL, 0, NULL),
(6, 7, 2, '衣柜', 'X2018080007-Y1', 0, 0, 0, NULL, 1, NULL, 0, NULL, 0, NULL, 0, NULL, 0, NULL, 0, NULL),
(7, 8, 1, '橱柜', 'X2018080008-W1', 0, 0, 0, NULL, 1, NULL, 0, NULL, 0, NULL, 0, NULL, 0, NULL, 0, NULL),
(8, 8, 2, '衣柜', 'X2018080008-Y1', 0, 0, 0, NULL, 1, NULL, 0, NULL, 0, NULL, 0, NULL, 0, NULL, 0, NULL),
(9, 9, 1, '橱柜', 'X2018080009-W1', 0, 0, 0, NULL, 1, NULL, 0, NULL, 0, NULL, 0, NULL, 0, NULL, 0, NULL),
(10, 9, 2, '衣柜', 'X2018080009-Y1', 0, 0, 0, NULL, 1, NULL, 0, NULL, 0, NULL, 0, NULL, 0, NULL, 0, NULL),
(11, 10, 1, '橱柜', 'X2018080010-W1', 0, 0, 0, NULL, 1, NULL, 0, NULL, 0, NULL, 0, NULL, 0, NULL, 0, NULL),
(12, 10, 2, '衣柜', 'X2018080010-Y1', 0, 0, 0, NULL, 1, NULL, 0, NULL, 0, NULL, 0, NULL, 0, NULL, 0, NULL),
(13, 11, 1, '橱柜', 'X2018080011-W1', 0, 0, 0, NULL, 1, NULL, 0, NULL, 0, NULL, 0, NULL, 0, NULL, 0, NULL),
(14, 11, 2, '衣柜', 'X2018080011-Y1', 0, 0, 0, NULL, 1, NULL, 0, NULL, 0, NULL, 0, NULL, 0, NULL, 0, NULL),
(15, 12, 1, '橱柜', 'X2018080012-W1', 0, 0, 0, NULL, 1, NULL, 0, NULL, 0, NULL, 0, NULL, 0, NULL, 0, NULL),
(16, 12, 2, '衣柜', 'X2018080012-Y1', 0, 0, 0, NULL, 1, NULL, 0, NULL, 0, NULL, 0, NULL, 0, NULL, 0, NULL),
(17, 13, 1, '橱柜', 'X2018080013-W1', 0, 0, 0, NULL, 1, NULL, 0, NULL, 0, NULL, 0, NULL, 0, NULL, 0, NULL),
(18, 13, 2, '衣柜', 'X2018080013-Y1', 0, 0, 0, NULL, 1, NULL, 0, NULL, 0, NULL, 0, NULL, 0, NULL, 0, NULL),
(19, 14, 1, '橱柜', 'X2018080014-W1', 0, 0, 0, NULL, 1, NULL, 0, NULL, 0, NULL, 0, NULL, 0, NULL, 0, NULL),
(20, 14, 2, '衣柜', 'X2018080014-Y1', 0, 0, 0, NULL, 1, NULL, 0, NULL, 0, NULL, 0, NULL, 0, NULL, 0, NULL),
(21, 16, 1, '橱柜', 'X2018080016-W1', 0, 0, 0, NULL, 1, NULL, 0, NULL, 0, NULL, 0, NULL, 0, NULL, 0, NULL),
(22, 16, 2, '衣柜', 'X2018080016-Y1', 0, 0, 0, NULL, 1, NULL, 0, NULL, 0, NULL, 0, NULL, 0, NULL, 0, NULL),
(23, 17, 1, '橱柜', 'X2018080017-W1', 0, 0, 0, NULL, 1, NULL, 0, NULL, 0, NULL, 0, NULL, 0, NULL, 0, NULL),
(24, 17, 2, '衣柜', 'X2018080017-Y1', 0, 0, 0, NULL, 1, NULL, 0, NULL, 0, NULL, 0, NULL, 0, NULL, 0, NULL),
(25, 19, 1, '橱柜', 'X2018080019-W1', 0, 0, 0, NULL, 1, NULL, 0, NULL, 0, NULL, 0, NULL, 0, NULL, 0, NULL),
(26, 19, 2, '衣柜', 'X2018080019-Y1', 0, 0, 0, NULL, 1, NULL, 0, NULL, 0, NULL, 0, NULL, 0, NULL, 0, NULL),
(27, 20, 1, '橱柜', 'X2018080020-W1', 0, 0, 0, NULL, 1, NULL, 0, NULL, 0, NULL, 0, NULL, 0, NULL, 0, NULL),
(28, 20, 2, '衣柜', 'X2018080020-Y1', 0, 0, 0, NULL, 1, NULL, 0, NULL, 0, NULL, 0, NULL, 0, NULL, 0, NULL),
(29, 21, 1, '橱柜', 'X2018080021-W1', 0, 0, 0, NULL, 1, NULL, 0, NULL, 0, NULL, 0, NULL, 0, NULL, 0, NULL),
(30, 21, 2, '衣柜', 'X2018080021-Y1', 0, 0, 0, NULL, 1, NULL, 0, NULL, 0, NULL, 0, NULL, 0, NULL, 0, NULL),
(31, 22, 1, '橱柜', 'X2018080022-W1', 0, 0, 0, NULL, 1, NULL, 0, NULL, 0, NULL, 0, NULL, 0, NULL, 0, NULL),
(32, 22, 2, '衣柜', 'X2018080022-Y1', 0, 0, 0, NULL, 1, NULL, 0, NULL, 0, NULL, 0, NULL, 0, NULL, 0, NULL),
(33, 22, 3, '门板', 'X2018080022-M1', 0, 0, 0, NULL, 1, NULL, 0, NULL, 0, NULL, 0, NULL, 0, NULL, 0, NULL),
(34, 24, 1, '橱柜', 'X2018080024-W1', 0, 0, 0, NULL, 2, NULL, 1, NULL, 0, NULL, 0, NULL, 0, NULL, 0, NULL),
(35, 24, 2, '衣柜', 'X2018080024-Y1', 0, 0, 0, NULL, 1, NULL, 0, NULL, 0, NULL, 0, NULL, 0, NULL, 0, NULL),
(36, 24, 3, '门板', 'X2018080024-M1', 0, 0, 0, NULL, 1, NULL, 0, NULL, 0, NULL, 0, NULL, 0, NULL, 0, NULL),
(37, 24, 4, '木框门', 'X2018080024-K1', 0, 0, 0, NULL, 1, NULL, 0, NULL, 0, NULL, 0, NULL, 0, NULL, 0, NULL),
(38, 25, 1, '橱柜', 'B2018080001-W1', 0, 0, 0, NULL, 1, NULL, 0, NULL, 0, NULL, 0, NULL, 0, NULL, 0, NULL),
(39, 25, 2, '衣柜', 'B2018080001-Y1', 0, 0, 0, NULL, 1, NULL, 0, NULL, 0, NULL, 0, NULL, 0, NULL, 0, NULL),
(40, 25, 3, '门板', 'B2018080001-M1', 0, 0, 0, NULL, 1, NULL, 0, NULL, 0, NULL, 0, NULL, 0, NULL, 0, NULL),
(41, 25, 4, '木框门', 'B2018080001-K1', 0, 0, 0, NULL, 1, NULL, 0, NULL, 0, NULL, 0, NULL, 0, NULL, 0, NULL),
(42, 5, 1, '橱柜', 'X2018080005-11', 0, 0, 0, NULL, 0, '', 0, NULL, 0, NULL, 0, NULL, 0, NULL, 0, NULL),
(43, 5, 0, '橱柜', 'X2018080005-01', 0, 0, 0, NULL, 1, '', 0, NULL, 0, NULL, 0, NULL, 0, NULL, 0, NULL),
(44, 5, 1, '橱柜', 'X2018080005-W2', 0, 0, 0, NULL, 0, '', 0, NULL, 0, NULL, 0, NULL, 0, NULL, 0, NULL),
(45, 5, 1, '橱柜', 'X2018080005-W3', 0, 0, 0, NULL, 1, NULL, 0, NULL, 0, NULL, 0, NULL, 0, NULL, 0, NULL),
(46, 5, 1, '橱柜', 'X2018080005-W4', 0, 0, 0, NULL, 1, NULL, 0, NULL, 0, NULL, 0, NULL, 0, NULL, 0, NULL),
(47, 5, 1, '橱柜', 'X2018080005-W5', 0, 0, 0, NULL, 1, NULL, 0, NULL, 0, NULL, 0, NULL, 0, NULL, 0, NULL),
(48, 5, 1, '橱柜', 'X2018080005-W6', 0, 0, 0, NULL, 2, NULL, 0, NULL, 0, NULL, 0, NULL, 0, NULL, 0, NULL),
(49, 5, 1, '橱柜', 'X2018080005-W7', 0, 0, 0, NULL, 2, NULL, 0, NULL, 0, NULL, 0, NULL, 0, NULL, 0, NULL),
(50, 5, 1, '橱柜', 'X2018080005-W8', 0, 0, 0, NULL, 2, NULL, 0, NULL, 0, NULL, 0, NULL, 0, NULL, 0, NULL),
(51, 5, 1, '橱柜', 'X2018080005-W9', 0, 0, 0, NULL, 2, NULL, 0, NULL, 0, NULL, 0, NULL, 0, NULL, 0, NULL),
(52, 5, 1, '橱柜', 'X2018080005-W10', 0, 0, 0, NULL, 2, NULL, 0, NULL, 0, NULL, 0, NULL, 0, NULL, 0, NULL),
(53, 5, 2, '衣柜', 'X2018080005-Y2', 0, 0, 0, NULL, 2, '', 0, NULL, 0, NULL, 0, NULL, 0, NULL, 0, NULL),
(54, 5, 2, '衣柜', 'X2018080005-Y3', 0, 0, 0, NULL, 2, NULL, 0, NULL, 0, NULL, 0, NULL, 0, NULL, 0, NULL),
(55, 5, 3, '门板', 'X2018080005-M1', 0, 0, 0, NULL, 3, '', 0, NULL, 0, NULL, 0, NULL, 0, NULL, 0, NULL),
(56, 5, 3, '门板', 'X2018080005-M2', 0, 0, 0, NULL, 2, '', 0, NULL, 0, NULL, 0, NULL, 0, NULL, 0, NULL),
(57, 5, 3, '门板', 'X2018080005-M3', 0, 0, 0, NULL, 2, '', 0, NULL, 0, NULL, 0, NULL, 0, NULL, 0, NULL),
(58, 5, 4, '木框门', 'X2018080005-K1', 0, 0, 0, NULL, 2, '这个是测试备注', 0, NULL, 0, NULL, 0, NULL, 0, NULL, 0, NULL),
(59, 5, 4, '木框门', 'X2018080005-K2', 0, 0, 0, NULL, 1, '这个是测试备注', 0, NULL, 0, NULL, 0, NULL, 0, NULL, 0, NULL),
(60, 5, 4, '木框门', 'X2018080005-K3', 0, 0, 0, NULL, 3, '这个是测试备注', 0, NULL, 0, NULL, 0, NULL, 0, NULL, 0, NULL),
(61, 5, 7, '服务', 'X2018080005-F1', 0, 0, 0, NULL, 3, '', 0, NULL, 0, NULL, 0, NULL, 0, NULL, 0, NULL),
(62, 5, 7, '服务', 'X2018080005-F2', 0, 0, 0, NULL, 2, '', 0, NULL, 0, NULL, 0, NULL, 0, NULL, 0, NULL),
(63, 5, 5, '配件', 'X2018080005-P1', 0, 0, 0, NULL, 3, '', 0, NULL, 0, NULL, 0, NULL, 0, NULL, 0, NULL),
(64, 5, 5, '配件', 'X2018080005-P2', 0, 0, 0, NULL, 0, '', 0, NULL, 0, NULL, 0, NULL, 0, NULL, 0, NULL),
(65, 5, 5, '配件', 'X2018080005-P3', 0, 0, 0, NULL, 2, '', 0, NULL, 0, NULL, 0, NULL, 0, NULL, 0, NULL),
(66, 5, 6, '外购', 'X2018080005-G1', 0, 0, 0, NULL, 3, '', 0, NULL, 0, NULL, 0, NULL, 0, NULL, 0, NULL),
(67, 5, 6, '外购', 'X2018080005-G2', 0, 0, 0, NULL, 2, '', 0, NULL, 0, NULL, 0, NULL, 0, NULL, 0, NULL),
(68, 5, 6, '外购', 'X2018080005-G3', 0, 0, 0, NULL, 2, '', 0, NULL, 0, NULL, 0, NULL, 0, NULL, 0, NULL),
(69, 5, 6, '外购', 'X2018080005-G4', 0, 0, 0, NULL, 3, '', 0, NULL, 0, NULL, 0, NULL, 0, NULL, 0, NULL),
(70, 5, 7, '服务', 'X2018080005-F3', 0, 0, 0, NULL, 2, '', 0, NULL, 0, NULL, 0, NULL, 0, NULL, 0, NULL),
(71, 26, 1, '橱柜', 'X2018080025-W1', 0, 0, 0, NULL, 3, '全是备注', 0, NULL, 0, NULL, 0, NULL, 0, NULL, 0, NULL),
(72, 27, 1, '橱柜', 'X2018080026-W1', 650, 26, 0, NULL, 4, NULL, 0, NULL, 0, NULL, 0, NULL, 0, NULL, 0, NULL),
(73, 28, 6, '外购', 'X2018080027-G1', 0, 0, 0, NULL, 3, NULL, 0, NULL, 0, NULL, 0, NULL, 0, NULL, 0, NULL),
(74, 28, 7, '服务', 'X2018080027-F1', 0, 0, 0, NULL, 3, NULL, 0, NULL, 0, NULL, 0, NULL, 0, NULL, 0, NULL),
(75, 28, 4, '木框门', 'X2018080027-K1', 0, 0, 0, NULL, 3, NULL, 0, NULL, 0, NULL, 0, NULL, 0, NULL, 0, NULL),
(76, 28, 1, '橱柜', 'X2018080027-W1', 432, 0, 0, NULL, 3, NULL, 0, NULL, 0, NULL, 0, NULL, 0, NULL, 0, NULL),
(77, 28, 2, '衣柜', 'X2018080027-Y1', 595, 0, 0, NULL, 3, NULL, 0, NULL, 0, NULL, 0, NULL, 0, NULL, 0, NULL),
(78, 28, 5, '配件', 'X2018080027-P1', 0, 0, 0, NULL, 3, NULL, 0, NULL, 0, NULL, 0, NULL, 0, NULL, 0, NULL),
(79, 28, 3, '门板', 'X2018080027-M1', 462.48, 0, 0, NULL, 3, NULL, 0, NULL, 0, NULL, 0, NULL, 0, NULL, 0, NULL),
(80, 29, 1, '橱柜', 'X2018080028-W1', 0, 0, 0, NULL, 2, NULL, 0, NULL, 0, NULL, 0, NULL, 0, NULL, 0, NULL),
(81, 31, 4, '木框门', 'X2018080030-K1', 0, 0, 0, NULL, 2, NULL, 0, NULL, 0, NULL, 0, NULL, 0, NULL, 0, NULL),
(82, 33, 1, '橱柜', 'X2018080032-W1', 0, 0, 0, NULL, 1, NULL, 0, NULL, 0, NULL, 0, NULL, 0, NULL, 0, NULL),
(83, 33, 2, '衣柜', 'X2018080032-Y1', 0, 0, 0, NULL, 1, NULL, 0, NULL, 0, NULL, 0, NULL, 0, NULL, 0, NULL),
(84, 34, 2, '衣柜', 'X2018080033-Y1', 184, 0, 0, NULL, 5, 'shenm wanyi ', 0, NULL, 1, '2018-08-24 15:31:42', 1, '2018-08-24 15:33:16', 0, NULL, 0, NULL),
(85, 35, 2, '衣柜', 'X2018080034-Y1', 198, 0, 4, '{"thick":"3","thin":"1"}', 8, NULL, 0, NULL, 1, '2018-08-24 16:07:25', 1, '2018-08-24 16:08:25', 0, NULL, 1, '2018-08-28 14:12:54');

-- --------------------------------------------------------

--
-- 表的结构 `j_order_product_board`
--

CREATE TABLE `j_order_product_board` (
  `opb_id` int(10) UNSIGNED NOT NULL COMMENT 'v',
  `opb_order_product_id` int(10) UNSIGNED NOT NULL COMMENT '订单产品',
  `opb_board` varchar(64) DEFAULT NULL COMMENT '板材名称',
  `opb_amount` int(10) UNSIGNED NOT NULL DEFAULT '0' COMMENT '数量',
  `opb_area` float(10,3) UNSIGNED NOT NULL DEFAULT '0.000' COMMENT '面积',
  `opb_purchase` float UNSIGNED NOT NULL DEFAULT '0' COMMENT '采购单价',
  `opb_unit_price` float UNSIGNED NOT NULL DEFAULT '0' COMMENT '单价',
  `opb_invisibility` float UNSIGNED NOT NULL DEFAULT '0' COMMENT '隐形拉手',
  `opb_invisibility_unit_price` float UNSIGNED NOT NULL DEFAULT '0' COMMENT '隐形拉手单价',
  `opb_open_hole_unit_price` float UNSIGNED NOT NULL DEFAULT '0' COMMENT '打孔单价',
  `opb_open_hole` smallint(4) UNSIGNED NOT NULL DEFAULT '0' COMMENT '打孔',
  `opb_sum` float UNSIGNED NOT NULL DEFAULT '0' COMMENT '金额',
  `opb_area_diff` float UNSIGNED NOT NULL DEFAULT '0' COMMENT '面积差',
  `opb_sum_diff` float UNSIGNED NOT NULL DEFAULT '0' COMMENT '金额差额',
  `opb_status` smallint(4) NOT NULL DEFAULT '1' COMMENT '状态',
  `opb_procedure` smallint(4) UNSIGNED NOT NULL DEFAULT '0' COMMENT '工序',
  `opb_production_line` smallint(4) UNSIGNED NOT NULL DEFAULT '0' COMMENT '生产线',
  `opb_print` int(10) UNSIGNED NOT NULL DEFAULT '0' COMMENT '打印人',
  `opb_print_datetime` datetime NOT NULL COMMENT '打印日期',
  `opb_saw` int(10) UNSIGNED NOT NULL DEFAULT '0' COMMENT '下料人',
  `opb_saw_datetime` datetime NOT NULL COMMENT '下料日期',
  `opb_edge` int(10) UNSIGNED NOT NULL DEFAULT '0' COMMENT '封边人',
  `opb_edge_datetime` datetime NOT NULL COMMENT '封边日期',
  `opb_punch` int(10) UNSIGNED NOT NULL DEFAULT '0' COMMENT '打孔人',
  `opb_punch_datetime` datetime NOT NULL COMMENT '打孔日期',
  `opb_scan` int(10) UNSIGNED NOT NULL DEFAULT '0' COMMENT '扫描人',
  `opb_scan_datetime` datetime NOT NULL COMMENT '扫描日期',
  `opb_pack` int(10) UNSIGNED NOT NULL DEFAULT '0' COMMENT '打包人',
  `opb_pack_datetime` datetime NOT NULL COMMENT '打包日期'
) ENGINE=InnoDB DEFAULT CHARSET=utf8 COMMENT='订单产品板材';

--
-- 转存表中的数据 `j_order_product_board`
--

INSERT INTO `j_order_product_board` (`opb_id`, `opb_order_product_id`, `opb_board`, `opb_amount`, `opb_area`, `opb_purchase`, `opb_unit_price`, `opb_invisibility`, `opb_invisibility_unit_price`, `opb_open_hole_unit_price`, `opb_open_hole`, `opb_sum`, `opb_area_diff`, `opb_sum_diff`, `opb_status`, `opb_procedure`, `opb_production_line`, `opb_print`, `opb_print_datetime`, `opb_saw`, `opb_saw_datetime`, `opb_edge`, `opb_edge_datetime`, `opb_punch`, `opb_punch_datetime`, `opb_scan`, `opb_scan_datetime`, `opb_pack`, `opb_pack_datetime`) VALUES
(10, 1, '18颗粒板夏特布纹R', 10, 4.800, 0, 120, 0, 0, 0, 0, 0, 0, 0, 1, 0, 0, 0, '0000-00-00 00:00:00', 0, '0000-00-00 00:00:00', 0, '0000-00-00 00:00:00', 0, '0000-00-00 00:00:00', 0, '0000-00-00 00:00:00', 0, '0000-00-00 00:00:00'),
(11, 51, '18颗粒板夏特布纹R', 5, 2.400, 0, 120, 0, 0, 0, 0, 0, 0, 0, 1, 0, 0, 0, '0000-00-00 00:00:00', 0, '0000-00-00 00:00:00', 0, '0000-00-00 00:00:00', 0, '0000-00-00 00:00:00', 0, '0000-00-00 00:00:00', 0, '0000-00-00 00:00:00'),
(12, 52, '18颗粒板夏特布纹R', 10, 4.800, 0, 120, 0, 0, 0, 0, 0, 0, 0, 1, 0, 0, 0, '0000-00-00 00:00:00', 0, '0000-00-00 00:00:00', 0, '0000-00-00 00:00:00', 0, '0000-00-00 00:00:00', 0, '0000-00-00 00:00:00', 0, '0000-00-00 00:00:00'),
(13, 2, '18颗粒板古典红木R', 2, 0.960, 0, 120, 0, 0, 0, 0, 0, 0, 0, 1, 0, 0, 0, '0000-00-00 00:00:00', 0, '0000-00-00 00:00:00', 0, '0000-00-00 00:00:00', 0, '0000-00-00 00:00:00', 0, '0000-00-00 00:00:00', 0, '0000-00-00 00:00:00'),
(14, 54, '18颗粒板古典红木R', 2, 0.960, 0, 120, 0, 0, 0, 0, 0, 0, 0, 1, 0, 0, 0, '0000-00-00 00:00:00', 0, '0000-00-00 00:00:00', 0, '0000-00-00 00:00:00', 0, '0000-00-00 00:00:00', 0, '0000-00-00 00:00:00', 0, '0000-00-00 00:00:00'),
(15, 55, '18颗粒板古典红木R', 3, 1.440, 0, 120, 0, 0, 0, 0, 0, 0, 0, 1, 0, 0, 0, '0000-00-00 00:00:00', 0, '0000-00-00 00:00:00', 0, '0000-00-00 00:00:00', 0, '0000-00-00 00:00:00', 0, '0000-00-00 00:00:00', 0, '0000-00-00 00:00:00'),
(16, 57, '18颗粒板古典红木R', 3, 1.440, 0, 120, 0, 0, 0, 0, 0, 0, 0, 1, 0, 0, 0, '0000-00-00 00:00:00', 0, '0000-00-00 00:00:00', 0, '0000-00-00 00:00:00', 0, '0000-00-00 00:00:00', 0, '0000-00-00 00:00:00', 0, '0000-00-00 00:00:00'),
(17, 56, '18颗粒板古典红木R', 1, 0.480, 0, 120, 0, 0, 0, 0, 0, 0, 0, 1, 0, 0, 0, '0000-00-00 00:00:00', 0, '0000-00-00 00:00:00', 0, '0000-00-00 00:00:00', 0, '0000-00-00 00:00:00', 0, '0000-00-00 00:00:00', 0, '0000-00-00 00:00:00'),
(20, 60, '18多层板古典红木L', 2, 0.960, 0, 120, 0, 0, 0, 0, 0, 0, 0, 1, 0, 0, 0, '0000-00-00 00:00:00', 0, '0000-00-00 00:00:00', 0, '0000-00-00 00:00:00', 0, '0000-00-00 00:00:00', 0, '0000-00-00 00:00:00', 0, '0000-00-00 00:00:00'),
(21, 71, '18多层板古典红木R', 4, 1.920, 0, 120, 0, 0, 0, 0, 0, 0, 0, 1, 0, 0, 0, '0000-00-00 00:00:00', 0, '0000-00-00 00:00:00', 0, '0000-00-00 00:00:00', 0, '0000-00-00 00:00:00', 0, '0000-00-00 00:00:00', 0, '0000-00-00 00:00:00'),
(22, 34, '18多层板古典红木R', 58, 10.690, 0, 120, 0, 0, 0, 0, 0, 0, 0, 1, 0, 0, 0, '0000-00-00 00:00:00', 0, '0000-00-00 00:00:00', 0, '0000-00-00 00:00:00', 0, '0000-00-00 00:00:00', 0, '0000-00-00 00:00:00', 0, '0000-00-00 00:00:00'),
(23, 34, '5多层板古典红木R', 8, 1.860, 0, 0, 0, 0, 0, 0, 0, 0, 0, 1, 0, 0, 0, '0000-00-00 00:00:00', 0, '0000-00-00 00:00:00', 0, '0000-00-00 00:00:00', 0, '0000-00-00 00:00:00', 0, '0000-00-00 00:00:00', 0, '0000-00-00 00:00:00'),
(24, 72, '18多层板古典红木R', 10, 5.000, 0, 130, 0, 0, 0, 0, 650, 0.2, 26, 0, 0, 0, 0, '0000-00-00 00:00:00', 0, '0000-00-00 00:00:00', 0, '0000-00-00 00:00:00', 0, '0000-00-00 00:00:00', 0, '0000-00-00 00:00:00', 0, '0000-00-00 00:00:00'),
(25, 76, '18多层板古典红木R', 5, 3.600, 0, 120, 0, 0, 0, 0, 432, 0, 0, 1, 0, 0, 0, '0000-00-00 00:00:00', 0, '0000-00-00 00:00:00', 0, '0000-00-00 00:00:00', 0, '0000-00-00 00:00:00', 0, '0000-00-00 00:00:00', 0, '0000-00-00 00:00:00'),
(26, 77, '18多层板白松T', 6, 4.760, 0, 125, 0, 0, 0, 0, 595, 0, 0, 1, 0, 0, 0, '0000-00-00 00:00:00', 0, '0000-00-00 00:00:00', 0, '0000-00-00 00:00:00', 0, '0000-00-00 00:00:00', 0, '0000-00-00 00:00:00', 0, '0000-00-00 00:00:00'),
(27, 79, '18多层板古典红木R', 6, 3.760, 0, 123, 4, 0, 0, 1, 462.48, 0, 0, 1, 0, 0, 0, '0000-00-00 00:00:00', 0, '0000-00-00 00:00:00', 0, '0000-00-00 00:00:00', 0, '0000-00-00 00:00:00', 0, '0000-00-00 00:00:00', 0, '0000-00-00 00:00:00'),
(28, 75, '18生态板巴黎橡木T', 4, 1.920, 0, 120, 0, 0, 0, 0, 0, 0, 0, 1, 0, 0, 0, '0000-00-00 00:00:00', 0, '0000-00-00 00:00:00', 0, '0000-00-00 00:00:00', 0, '0000-00-00 00:00:00', 0, '0000-00-00 00:00:00', 0, '0000-00-00 00:00:00'),
(29, 80, '18多层板古典红木R', 1, 0.480, 85, 120, 0, 0, 0, 0, 57.6, 0, 0, 1, 0, 0, 0, '0000-00-00 00:00:00', 0, '0000-00-00 00:00:00', 0, '0000-00-00 00:00:00', 0, '0000-00-00 00:00:00', 0, '0000-00-00 00:00:00', 0, '0000-00-00 00:00:00'),
(30, 81, '18多层板古典红木R', 2, 0.960, 85, 120, 0, 0, 0, 0, 115.2, 0, 0, 1, 0, 0, 0, '0000-00-00 00:00:00', 0, '0000-00-00 00:00:00', 0, '0000-00-00 00:00:00', 0, '0000-00-00 00:00:00', 0, '0000-00-00 00:00:00', 0, '0000-00-00 00:00:00'),
(31, 84, '18多层板古典红木R', 10, 6.800, 85, 20, 0, 0, 0, 0, 136, 0, 0, 0, 0, 0, 0, '0000-00-00 00:00:00', 0, '0000-00-00 00:00:00', 0, '0000-00-00 00:00:00', 0, '0000-00-00 00:00:00', 0, '0000-00-00 00:00:00', 0, '0000-00-00 00:00:00'),
(32, 84, '5多层板古典红木R', 5, 4.800, 0, 10, 0, 0, 0, 0, 48, 0, 0, 0, 0, 0, 0, '0000-00-00 00:00:00', 0, '0000-00-00 00:00:00', 0, '0000-00-00 00:00:00', 0, '0000-00-00 00:00:00', 0, '0000-00-00 00:00:00', 0, '0000-00-00 00:00:00'),
(33, 85, '18多层板古典红木R', 10, 7.200, 85, 20, 0, 0, 0, 0, 144, 0, 0, 1, 0, 0, 0, '0000-00-00 00:00:00', 0, '0000-00-00 00:00:00', 0, '0000-00-00 00:00:00', 0, '0000-00-00 00:00:00', 0, '0000-00-00 00:00:00', 0, '0000-00-00 00:00:00'),
(34, 85, '5多层板古典红木R', 5, 5.400, 0, 10, 0, 0, 0, 0, 54, 0, 0, 1, 0, 0, 0, '0000-00-00 00:00:00', 0, '0000-00-00 00:00:00', 0, '0000-00-00 00:00:00', 0, '0000-00-00 00:00:00', 0, '0000-00-00 00:00:00', 0, '0000-00-00 00:00:00');

-- --------------------------------------------------------

--
-- 表的结构 `j_order_product_board_door`
--

CREATE TABLE `j_order_product_board_door` (
  `opbd_id` int(10) UNSIGNED NOT NULL COMMENT 'v',
  `opbd_order_product_board_id` int(10) UNSIGNED NOT NULL COMMENT '订单产品',
  `opbd_width` float UNSIGNED NOT NULL COMMENT '宽度',
  `opbd_length` float UNSIGNED NOT NULL COMMENT '长度',
  `opbd_area` float UNSIGNED NOT NULL DEFAULT '0' COMMENT '面积',
  `opbd_amount` tinyint(2) UNSIGNED NOT NULL DEFAULT '1' COMMENT '数量',
  `opbd_punch` varchar(64) DEFAULT NULL COMMENT '打孔',
  `opbd_remark` varchar(128) DEFAULT NULL COMMENT '备注',
  `opbd_left_edge` float UNSIGNED NOT NULL DEFAULT '0' COMMENT '左封边',
  `opbd_right_edge` float UNSIGNED NOT NULL DEFAULT '0' COMMENT '右封边',
  `opbd_up_edge` float UNSIGNED NOT NULL DEFAULT '0' COMMENT '上封边',
  `opbd_down_edge` float UNSIGNED NOT NULL DEFAULT '0' COMMENT '下封边',
  `opbd_open_hole` smallint(4) UNSIGNED NOT NULL DEFAULT '0' COMMENT '开孔',
  `opbd_handle` varchar(64) DEFAULT NULL COMMENT '把手',
  `opbd_invisibility` float UNSIGNED NOT NULL DEFAULT '0' COMMENT '隐形拉手'
) ENGINE=InnoDB DEFAULT CHARSET=utf8 COMMENT='门板';

--
-- 转存表中的数据 `j_order_product_board_door`
--

INSERT INTO `j_order_product_board_door` (`opbd_id`, `opbd_order_product_board_id`, `opbd_width`, `opbd_length`, `opbd_area`, `opbd_amount`, `opbd_punch`, `opbd_remark`, `opbd_left_edge`, `opbd_right_edge`, `opbd_up_edge`, `opbd_down_edge`, `opbd_open_hole`, `opbd_handle`, `opbd_invisibility`) VALUES
(10, 16, 800, 600, 0.48, 1, '上翻门', '', 0, 0, 0, 0, 1, '暗扣128孔距', 0),
(11, 16, 800, 600, 0.48, 1, '上翻门', '', 0, 0, 0, 0, 1, '暗扣128孔距', 0),
(12, 16, 800, 600, 0.48, 1, '上翻门', '', 0, 0, 0, 0, 1, '暗扣128孔距', 0),
(13, 15, 800, 600, 0.48, 1, '上翻门', '', 0, 0, 0, 0, 1, '暗扣128孔距', 0),
(14, 15, 800, 600, 0.48, 1, '上翻门', '', 0, 0, 0, 0, 1, '暗扣128孔距', 0),
(15, 15, 800, 600, 0.48, 1, '上翻门', '', 0, 0, 0, 0, 1, '暗扣128孔距', 0),
(16, 17, 800, 600, 0.48, 1, '', '', 0, 0, 0, 0, 0, '', 0),
(23, 27, 620, 900, 0.56, 1, '吊柜右开', '', 0, 0, 0, 0, 1, '暗扣160孔距', 0),
(24, 27, 800, 800, 0.64, 1, '', '', 0, 0, 0, 0, 0, '加厚G型拉手', 0.8),
(25, 27, 800, 800, 0.64, 1, '', '', 0, 0, 0, 0, 0, '加厚G型拉手', 0.8),
(26, 27, 800, 800, 0.64, 1, '', '', 0, 0, 0, 0, 0, '加厚G型拉手', 0.8),
(27, 27, 800, 800, 0.64, 1, '', '', 0, 0, 0, 0, 0, '加厚G型拉手', 0.8),
(28, 27, 800, 800, 0.64, 1, '', '', 0, 0, 0, 0, 0, '加厚G型拉手', 0.8);

-- --------------------------------------------------------

--
-- 表的结构 `j_order_product_board_plate`
--

CREATE TABLE `j_order_product_board_plate` (
  `opbp_id` int(10) UNSIGNED NOT NULL COMMENT 'v',
  `opbp_order_product_board_id` int(10) UNSIGNED NOT NULL COMMENT '订单产品板材',
  `opbp_order_product_classify_id` int(10) UNSIGNED NOT NULL DEFAULT '0' COMMENT '订单产品分类',
  `opbp_qrcode` varchar(64) DEFAULT NULL COMMENT '二维码',
  `opbp_cubicle_name` varchar(32) DEFAULT NULL COMMENT '柜体名称',
  `opbp_cubicle_num` char(2) NOT NULL DEFAULT '00' COMMENT '柜体编号',
  `opbp_plate_name` varchar(32) DEFAULT NULL COMMENT '板块名称',
  `opbp_plate_num` smallint(4) UNSIGNED NOT NULL DEFAULT '0' COMMENT '板块编号',
  `opbp_width` float UNSIGNED NOT NULL DEFAULT '0' COMMENT '宽度',
  `opbp_length` float UNSIGNED NOT NULL DEFAULT '0' COMMENT '长度',
  `opbp_thick` int(10) UNSIGNED DEFAULT '0' COMMENT '厚度',
  `opbp_amount` tinyint(2) UNSIGNED NOT NULL DEFAULT '1' COMMENT '数量',
  `opbp_area` float UNSIGNED NOT NULL DEFAULT '0' COMMENT '面积',
  `opbp_slot` varchar(64) DEFAULT NULL COMMENT '开槽',
  `opbp_punch` varchar(64) DEFAULT NULL COMMENT '打孔',
  `opbp_edge` varchar(32) DEFAULT NULL COMMENT '封边',
  `opbp_remark` varchar(128) DEFAULT NULL COMMENT '备注',
  `opbp_decide_size` varchar(128) DEFAULT NULL COMMENT '尺寸判定',
  `opbp_abnormity` tinyint(1) UNSIGNED NOT NULL DEFAULT '0' COMMENT '异形',
  `opbp_right_edge` float UNSIGNED NOT NULL DEFAULT '0' COMMENT '右封边',
  `opbp_left_edge` float UNSIGNED NOT NULL DEFAULT '0' COMMENT '左封边',
  `opbp_up_edge` float UNSIGNED NOT NULL DEFAULT '0' COMMENT '上封边',
  `opbp_down_edge` float UNSIGNED NOT NULL DEFAULT '0' COMMENT '下封边',
  `opbp_bd_file` varchar(128) DEFAULT NULL COMMENT 'BD',
  `opbp_scanner` int(10) UNSIGNED NOT NULL DEFAULT '0' COMMENT '扫描员',
  `opbp_scan_datetime` datetime DEFAULT NULL COMMENT '扫描日期'
) ENGINE=InnoDB DEFAULT CHARSET=utf8 COMMENT='订单产品板材板块';

--
-- 转存表中的数据 `j_order_product_board_plate`
--

INSERT INTO `j_order_product_board_plate` (`opbp_id`, `opbp_order_product_board_id`, `opbp_order_product_classify_id`, `opbp_qrcode`, `opbp_cubicle_name`, `opbp_cubicle_num`, `opbp_plate_name`, `opbp_plate_num`, `opbp_width`, `opbp_length`, `opbp_thick`, `opbp_amount`, `opbp_area`, `opbp_slot`, `opbp_punch`, `opbp_edge`, `opbp_remark`, `opbp_decide_size`, `opbp_abnormity`, `opbp_right_edge`, `opbp_left_edge`, `opbp_up_edge`, `opbp_down_edge`, `opbp_bd_file`, `opbp_scanner`, `opbp_scan_datetime`) VALUES
(66, 11, 0, NULL, '', '', '中立板', 0, 800, 600, 3, 1, 0.48, '', '', '', '', '', 0, 0, 0, 0, 0, '', 0, NULL),
(67, 11, 0, NULL, '', '', '中立板', 0, 800, 600, 3, 1, 0.48, '', '', '', '', '', 0, 0, 0, 0, 0, '', 0, NULL),
(68, 11, 0, NULL, '', '', '中立板', 0, 800, 600, 3, 1, 0.48, '', '', '', '', '', 0, 0, 0, 0, 0, '', 0, NULL),
(69, 11, 0, NULL, '', '', '中立板', 0, 800, 600, 3, 1, 0.48, '', '', '', '', '', 0, 0, 0, 0, 0, '', 0, NULL),
(70, 11, 0, NULL, '', '', '中立板', 0, 800, 600, 3, 1, 0.48, '', '', '', '', '', 0, 0, 0, 0, 0, '', 0, NULL),
(183, 12, 0, NULL, '', '', '主机托底板', 0, 800, 600, 3, 1, 0.48, '', '', '', '', '', 0, 0, 0, 0, 0, '', 0, NULL),
(184, 12, 0, NULL, '', '', '主机托底板', 0, 800, 600, 3, 1, 0.48, '', '', '', '', '', 0, 0, 0, 0, 0, '', 0, NULL),
(185, 12, 0, 'X2018080005-W10-10001', '', '', '前拉条', 0, 800, 600, 3, 1, 0.48, '', '', '', '', '', 0, 0, 0, 0, 0, '', 0, NULL),
(186, 12, 0, 'X2018080005-W10-10002', '', '', '前拉条', 0, 800, 600, 3, 1, 0.48, '', '', '', '', '', 0, 0, 0, 0, 0, '', 0, NULL),
(187, 12, 0, NULL, '', '', '中立板', 0, 800, 600, 3, 1, 0.48, '', '', '', '', '', 0, 0, 0, 0, 0, '', 0, NULL),
(188, 12, 0, NULL, '', '', '中立板', 0, 800, 600, 3, 1, 0.48, '', '', '', '', '', 0, 0, 0, 0, 0, '', 0, NULL),
(189, 12, 0, NULL, '', '', '主机托底板', 0, 800, 600, 3, 1, 0.48, '', '', '', '', '', 0, 0, 0, 0, 0, '', 0, NULL),
(190, 12, 0, NULL, '', '', '前拉条', 0, 800, 600, 3, 1, 0.48, '', '', '', '', '', 0, 0, 0, 0, 0, '', 0, NULL),
(191, 12, 0, NULL, '', '', '中立板', 0, 800, 600, 3, 1, 0.48, '', '', '', '', '', 0, 0, 0, 0, 0, '', 0, NULL),
(192, 12, 0, NULL, '', '', '主机托底板', 0, 800, 600, 3, 1, 0.48, '', '', '', '', '', 0, 0, 0, 0, 0, '', 0, NULL),
(283, 10, 0, 'X2018080005-W1-10001', '', '', '前拉条', 0, 800, 600, 3, 1, 0.48, '', '', '', '', '', 0, 0, 0, 0, 0, '', 0, NULL),
(284, 10, 0, NULL, '', '', '中立板', 0, 800, 600, 3, 1, 0.48, '', '', '', '', '', 0, 0, 0, 0, 0, '', 0, NULL),
(285, 10, 0, NULL, '', '', '中立板', 0, 800, 600, 3, 1, 0.48, '', '', '', '', '', 0, 0, 0, 0, 0, '', 0, NULL),
(286, 10, 0, NULL, '', '', '主机托底板', 0, 800, 600, 3, 1, 0.48, '', '', '', '', '', 0, 0, 0, 0, 0, '', 0, NULL),
(287, 10, 0, NULL, '', '', '中立板', 0, 800, 600, 3, 1, 0.48, '', '', '', '', '', 0, 0, 0, 0, 0, '', 0, NULL),
(288, 10, 0, NULL, '', '', '主机托底板', 0, 800, 600, 3, 1, 0.48, '', '', '', '', '', 0, 0, 0, 0, 0, '', 0, NULL),
(289, 10, 0, NULL, '', '', '主机托底板', 0, 800, 600, 3, 1, 0.48, '', '', '', '', '', 0, 0, 0, 0, 0, '', 0, NULL),
(290, 10, 0, NULL, '', '', '主机托底板', 0, 800, 600, 3, 1, 0.48, '', '', '', '', '', 0, 0, 0, 0, 0, '', 0, NULL),
(291, 10, 0, NULL, '', '', '前拉条', 0, 800, 600, 3, 1, 0.48, '', '', '', '', '', 0, 0, 0, 0, 0, '', 0, NULL),
(292, 10, 0, 'X2018080005-W1-10002', '', '', '前拉条', 0, 800, 600, 3, 1, 0.48, '', '', '', '', '', 0, 0, 0, 0, 0, '', 0, NULL),
(296, 14, 0, NULL, '', '', '中立板', 0, 800, 600, 3, 1, 0.48, '', '', '', '', '', 0, 0, 0, 0, 0, '', 0, NULL),
(297, 14, 0, NULL, '', '', '中立板', 0, 800, 600, 3, 1, 0.48, '', '', '', '', '', 0, 0, 0, 0, 0, '', 0, NULL),
(298, 13, 0, NULL, '', '', '中立板', 0, 800, 600, 3, 1, 0.48, '', '', '', '', '', 0, 0, 0, 0, 0, '', 0, NULL),
(299, 13, 0, NULL, '', '', '中立板', 0, 800, 600, 3, 1, 0.48, '', '', '', '', '', 0, 0, 0, 0, 0, '', 0, NULL),
(304, 21, 0, NULL, '', '', '中立板', 0, 800, 600, 18, 1, 0.48, 'KA开槽后进19', 'A', '4H', '切角', '', 1, 0, 0, 0, 0, '', 0, NULL),
(305, 21, 0, NULL, '', '', '中立板', 0, 800, 600, 18, 1, 0.48, 'KA开槽后进19', 'A', '4H', '切角', '', 1, 0, 0, 0, 0, '', 0, NULL),
(306, 21, 0, NULL, '', '', '中立板', 0, 800, 600, 18, 1, 0.48, 'KA开槽后进19', 'A', '4H', '切角', '', 1, 0, 0, 0, 0, '', 0, NULL),
(307, 21, 0, NULL, '', '', '中立板', 0, 800, 600, 18, 1, 0.48, 'KA开槽后进19', 'A', '4H', '切角', '', 1, 0, 0, 0, 0, '', 0, NULL),
(568, 22, 0, 'X2018080024-W1-1001', '橱柜地柜', '1', '水槽柜底板', 1, 560, 1314, 18, 1, 0.74, '', 'C', 'bbbb', '贴铝铂纸,切角右后切深240宽362', '', 1, 0, 0, 0, 0, '', 0, NULL),
(569, 22, 0, 'X2018080024-W1-1002', '橱柜地柜', '1', '后拉条', 2, 100, 934, 18, 1, 0.1, '', '', 'bbbb', '', '', 0, 0, 0, 0, 0, '', 0, NULL),
(570, 22, 0, 'X2018080024-W1-1003', '橱柜地柜', '1', '后拉条', 3, 100, 934, 18, 1, 0.1, '', 'A', 'bbbb', '', '', 0, 0, 0, 0, 0, '', 0, NULL),
(571, 22, 0, 'X2018080024-W1-1005', '橱柜地柜', '1', '地底板', 5, 560, 764, 18, 1, 0.43, '开槽后进19KB', 'A', 'bbbb', '', '', 0, 0, 0, 0, 0, '', 0, NULL),
(572, 22, 0, 'X2018080024-W1-1006', '橱柜地柜', '1', '后拉条', 6, 100, 764, 18, 1, 0.08, '', 'A', 'bbbb', '', '', 0, 0, 0, 0, 0, '', 0, NULL),
(573, 22, 0, 'X2018080024-W1-1007', '橱柜地柜', '1', '柜体封板', 7, 70, 700, 18, 1, 0.05, '', '', 'bbbb', '', '', 0, 0, 0, 0, 0, '', 0, NULL),
(574, 22, 0, 'X2018080024-W1-1008', '橱柜地柜', '1', '柜体封板', 8, 70, 700, 18, 1, 0.05, '', '', 'bbbb', '', '', 0, 0, 0, 0, 0, '', 0, NULL),
(575, 22, 0, 'X2018080024-W1-1009', '橱柜地柜', '1', '柜体封板', 9, 70, 700, 18, 1, 0.05, '', '', 'bbbb', '', '', 0, 0, 0, 0, 0, '', 0, NULL),
(576, 22, 0, 'X2018080024-W1-1010', '橱柜地柜', '1', '柜体封板', 10, 70, 700, 18, 1, 0.05, '', '', 'bbbb', '', '', 0, 0, 0, 0, 0, '', 0, NULL),
(577, 22, 0, 'X2018080024-W1-1011', '橱柜地柜', '1', '地右侧板', 11, 560, 660, 18, 1, 0.37, '', 'A', 'bbbb', '', '', 0, 0, 0, 0, 0, '', 0, NULL),
(578, 22, 0, 'X2018080024-W1-1012', '橱柜地柜', '1', '地左侧板', 12, 560, 660, 18, 1, 0.37, '', 'B', 'bbbb', '', '', 0, 0, 0, 0, 0, '', 0, NULL),
(579, 22, 0, 'X2018080024-W1-1013', '橱柜地柜', '1', '地右侧板', 13, 560, 660, 18, 1, 0.37, '开槽后进19KA', 'A', 'bbbb', '', '', 0, 0, 0, 0, 0, '', 0, NULL),
(580, 22, 0, 'X2018080024-W1-1014', '橱柜地柜', '1', '地左侧板', 14, 560, 660, 18, 1, 0.37, '', 'B', 'bbbb', '', '', 0, 0, 0, 0, 0, '', 0, NULL),
(581, 22, 0, 'X2018080024-W1-1015', '橱柜地柜', '1', '地左侧板', 15, 560, 660, 18, 1, 0.37, '开槽后进19KB', 'B', 'bbbb', '', '', 0, 0, 0, 0, 0, '', 0, NULL),
(582, 22, 0, 'X2018080024-W1-1016', '橱柜地柜', '1', '地右侧板', 16, 560, 660, 18, 1, 0.37, '开槽后进19KA', 'A', 'bbbb', '', '', 0, 0, 0, 0, 0, '', 0, NULL),
(583, 22, 0, 'X2018080024-W1-1017', '橱柜地柜', '1', '地左侧板', 17, 560, 660, 18, 1, 0.37, '开槽后进19KB', 'B', 'bbbb', '避炉', '', 1, 0, 0, 0, 0, '', 0, NULL),
(584, 22, 0, 'X2018080024-W1-1018', '橱柜地柜', '1', '地左侧板', 18, 560, 660, 18, 1, 0.37, '开槽后进19KB', 'B', 'bbbb', '', '', 0, 0, 0, 0, 0, '', 0, NULL),
(585, 22, 0, 'X2018080024-W1-1019', '橱柜地柜', '1', '地右侧板', 19, 560, 660, 18, 1, 0.37, '开槽后进19KA', 'A', 'bbbb', '避炉', '', 1, 0, 0, 0, 0, '', 0, NULL),
(586, 22, 0, 'X2018080024-W1-1020', '橱柜地柜', '1', '地右侧板', 20, 320, 660, 18, 1, 0.22, '', 'A', 'bbbb', '', '', 0, 0, 0, 0, 0, '', 0, NULL),
(587, 22, 0, 'X2018080024-W1-1021', '橱柜地柜', '1', '厚背板', 21, 380, 642, 18, 1, 0.25, '', 'B', 'bbbb', '', '', 0, 0, 0, 0, 0, '', 0, NULL),
(588, 22, 0, 'X2018080024-W1-1022', '橱柜地柜', '1', '厚背板', 22, 240, 642, 18, 1, 0.16, '', 'C', 'bbbb', '', '', 0, 0, 0, 0, 0, '', 0, NULL),
(589, 22, 0, 'X2018080024-W1-1023', '橱柜地柜', '1', '地底板', 23, 560, 554, 18, 1, 0.32, '', 'A', 'bbbb', '', '', 0, 0, 0, 0, 0, '', 0, NULL),
(590, 22, 0, 'X2018080024-W1-1024', '橱柜地柜', '1', '后拉条', 24, 100, 554, 18, 1, 0.06, '', 'A', 'bbbb', '', '', 0, 0, 0, 0, 0, '', 0, NULL),
(591, 22, 0, 'X2018080024-W1-1025', '橱柜地柜', '1', '前拉条', 25, 70, 554, 18, 1, 0.04, '', 'A', 'bbbb', '', '', 0, 0, 0, 0, 0, '', 0, NULL),
(592, 22, 0, 'X2018080024-W1-1027', '橱柜地柜', '1', '地底板', 27, 560, 464, 18, 1, 0.26, '开槽后进19KB', 'A', 'bbbb', '', '', 0, 0, 0, 0, 0, '', 0, NULL),
(593, 22, 0, 'X2018080024-W1-1028', '橱柜地柜', '1', '后拉条', 28, 100, 464, 18, 1, 0.05, '', 'A', 'bbbb', '', '', 0, 0, 0, 0, 0, '', 0, NULL),
(594, 22, 0, 'X2018080024-W1-1029', '橱柜地柜', '1', '前拉条', 29, 70, 464, 18, 1, 0.04, '', 'A', 'bbbb', '', '', 0, 0, 0, 0, 0, '', 0, NULL),
(595, 22, 0, 'X2018080024-W1-1031', '橱柜地柜', '1', '地底板', 31, 560, 414, 18, 1, 0.24, '开槽后进19KB', 'A', 'bbbb', '', '', 0, 0, 0, 0, 0, '', 0, NULL),
(596, 22, 0, 'X2018080024-W1-1032', '橱柜地柜', '1', '后拉条', 32, 100, 414, 18, 1, 0.05, '', 'A', 'bbbb', '', '', 0, 0, 0, 0, 0, '', 0, NULL),
(597, 22, 0, 'X2018080024-W1-1033', '橱柜地柜', '1', '前拉条', 33, 70, 414, 18, 1, 0.03, '', 'A', 'bbbb', '', '', 0, 0, 0, 0, 0, '', 0, NULL),
(598, 22, 0, 'X2018080024-W1-1034', '橱柜地柜', '1', '活层', 34, 521, 413, 18, 1, 0.22, '', '', 'bbbb', '', '', 0, 0, 0, 0, 0, '', 0, NULL),
(599, 22, 0, 'X2018080024-W1-1035', '橱柜吊柜', '1', '吊底板', 35, 340, 774, 18, 1, 0.27, '', 'B', 'bbbb', '', '', 0, 0, 0, 0, 0, '', 0, NULL),
(600, 22, 0, 'X2018080024-W1-1036', '橱柜吊柜', '1', '吊顶板', 36, 340, 774, 18, 1, 0.27, '', 'B', 'bbbb', '', '', 0, 0, 0, 0, 0, '', 0, NULL),
(601, 22, 0, 'X2018080024-W1-1037', '橱柜吊柜', '1', '吊右侧板', 37, 340, 700, 18, 1, 0.24, '开槽后进19KA', 'A', 'bbbb', '', '', 0, 0, 0, 0, 0, '', 0, NULL),
(602, 22, 0, 'X2018080024-W1-1038', '橱柜吊柜', '1', '吊左侧板', 38, 340, 700, 18, 1, 0.24, '开槽后进19KB', 'B', 'bbbb', '', '', 0, 0, 0, 0, 0, '', 0, NULL),
(603, 22, 0, 'X2018080024-W1-1039', '橱柜吊柜', '1', '吊右侧板', 39, 340, 700, 18, 1, 0.24, '开槽后进19KA', 'A', 'bbbb', '', '', 0, 0, 0, 0, 0, '', 0, NULL),
(604, 22, 0, 'X2018080024-W1-1040', '橱柜吊柜', '1', '吊左侧板', 40, 340, 682, 18, 1, 0.24, '开槽后进19KB', 'B', 'bbbb', '', '', 0, 0, 0, 0, 0, '', 0, NULL),
(605, 22, 0, 'X2018080024-W1-1041', '橱柜吊柜', '1', '吊左侧板', 41, 340, 420, 18, 1, 0.15, '', 'B', 'bbbb', '', '', 0, 0, 0, 0, 0, '', 0, NULL),
(606, 22, 0, 'X2018080024-W1-1042', '橱柜吊柜', '1', '吊右侧板', 42, 340, 420, 18, 1, 0.15, '', 'A', 'bbbb', '', '', 0, 0, 0, 0, 0, '', 0, NULL),
(607, 22, 0, 'X2018080024-W1-1043', '橱柜吊柜', '1', '吊底板', 43, 340, 302, 18, 1, 0.11, '开槽后进19KB', 'B', 'bbbb', '', '', 0, 0, 0, 0, 0, '', 0, NULL),
(608, 22, 0, 'X2018080024-W1-1046', '橱柜吊柜', '1', '吊底板', 46, 340, 224, 18, 1, 0.08, '开槽后进19KB', 'B', 'bbbb', '', '', 0, 0, 0, 0, 0, '', 0, NULL),
(609, 22, 0, 'X2018080024-W1-1047', '橱柜吊柜', '1', '吊顶板', 47, 340, 224, 18, 1, 0.08, '开槽后进19KA', 'B', 'bbbb', '', '', 0, 0, 0, 0, 0, '', 0, NULL),
(610, 22, 0, 'X2018080024-W1-1048', '橱柜吊柜', '1', '吊顶板', 48, 340, 224, 18, 1, 0.08, '开槽后进19KA', 'B', 'bbbb', '', '', 0, 0, 0, 0, 0, '', 0, NULL),
(611, 22, 0, 'X2018080024-W1-1049', '橱柜吊柜', '1', '活层', 49, 296, 223, 18, 1, 0.07, '', '', 'bbbb', '', '', 0, 0, 0, 0, 0, '', 0, NULL),
(612, 22, 0, 'X2018080024-W1-1050', '橱柜吊柜', '1', '活层', 50, 296, 223, 18, 1, 0.07, '', '', 'bbbb', '', '', 0, 0, 0, 0, 0, '', 0, NULL),
(613, 22, 0, 'X2018080024-W1-1051', '橱柜组件', '1', '抽侧', 51, 180, 450, 18, 1, 0.09, '开槽A', 'A', 'bbbb', '', '', 0, 0, 0, 0, 0, '', 0, NULL),
(614, 22, 0, 'X2018080024-W1-1052', '橱柜组件', '1', '抽侧', 52, 180, 450, 18, 1, 0.09, '开槽A', 'A', 'bbbb', '', '', 0, 0, 0, 0, 0, '', 0, NULL),
(615, 22, 0, 'X2018080024-W1-1053', '橱柜组件', '1', '抽侧', 53, 110, 450, 18, 1, 0.05, '开槽A', 'A', 'bbbb', '', '', 0, 0, 0, 0, 0, '', 0, NULL),
(616, 22, 0, 'X2018080024-W1-1054', '橱柜组件', '1', '抽侧', 54, 110, 450, 18, 1, 0.05, '开槽A', 'A', 'bbbb', '', '', 0, 0, 0, 0, 0, '', 0, NULL),
(617, 22, 0, 'X2018080024-W1-1055', '橱柜组件', '1', '抽侧', 55, 110, 450, 18, 1, 0.05, '开槽A', 'A', 'bbbb', '', '', 0, 0, 0, 0, 0, '', 0, NULL),
(618, 22, 0, 'X2018080024-W1-1056', '橱柜组件', '1', '抽侧', 56, 110, 450, 18, 1, 0.05, '开槽A', 'A', 'bbbb', '', '', 0, 0, 0, 0, 0, '', 0, NULL),
(619, 22, 0, 'X2018080024-W1-1060', '橱柜组件', '1', '抽后', 60, 180, 402, 18, 1, 0.08, '开槽B', 'A', 'bbbb', '', '', 0, 0, 0, 0, 0, '', 0, NULL),
(620, 22, 0, 'X2018080024-W1-1061', '橱柜组件', '1', '抽前', 61, 180, 402, 18, 1, 0.08, '开槽B', 'A', 'bbbb', '', '', 0, 0, 0, 0, 0, '', 0, NULL),
(621, 22, 0, 'X2018080024-W1-1062', '橱柜组件', '1', '抽前', 62, 110, 402, 18, 1, 0.05, '开槽B', 'A', 'bbbb', '', '', 0, 0, 0, 0, 0, '', 0, NULL),
(622, 22, 0, 'X2018080024-W1-1063', '橱柜组件', '1', '抽后', 63, 110, 402, 18, 1, 0.05, '开槽B', 'A', 'bbbb', '', '', 0, 0, 0, 0, 0, '', 0, NULL),
(623, 22, 0, 'X2018080024-W1-1064', '橱柜组件', '1', '抽前', 64, 110, 402, 18, 1, 0.05, '开槽B', 'A', 'bbbb', '', '', 0, 0, 0, 0, 0, '', 0, NULL),
(624, 22, 0, 'X2018080024-W1-1065', '橱柜组件', '1', '抽后', 65, 110, 402, 18, 1, 0.05, '开槽B', 'A', 'bbbb', '', '', 0, 0, 0, 0, 0, '', 0, NULL),
(625, 23, 0, 'X2018080024-W1-1004', '橱柜地柜', '1', '背板', 4, 590, 774, 5, 1, 0.46, '', '', '', '', '', 0, 0, 0, 0, 0, '', 0, NULL),
(626, 23, 0, 'X2018080024-W1-1026', '橱柜地柜', '1', '背板', 26, 590, 474, 5, 1, 0.28, '', '', '', '', '', 0, 0, 0, 0, 0, '', 0, NULL),
(627, 23, 0, 'X2018080024-W1-1030', '橱柜地柜', '1', '背板', 30, 590, 424, 5, 1, 0.26, '', '', '', '', '', 0, 0, 0, 0, 0, '', 0, NULL),
(628, 23, 0, 'X2018080024-W1-1044', '橱柜吊柜', '1', '背板', 44, 674, 234, 5, 1, 0.16, '', '', '', '', '', 0, 0, 0, 0, 0, '', 0, NULL),
(629, 23, 0, 'X2018080024-W1-1045', '橱柜吊柜', '1', '背板', 45, 674, 234, 5, 1, 0.16, '', '', '', '', '', 0, 0, 0, 0, 0, '', 0, NULL),
(630, 23, 0, 'X2018080024-W1-1057', '橱柜组件', '1', '抽底', 57, 424, 412, 5, 1, 0.18, '', '', '', '', '', 0, 0, 0, 0, 0, '', 0, NULL),
(631, 23, 0, 'X2018080024-W1-1058', '橱柜组件', '1', '抽底', 58, 424, 412, 5, 1, 0.18, '', '', '', '', '', 0, 0, 0, 0, 0, '', 0, NULL),
(632, 23, 0, 'X2018080024-W1-1059', '橱柜组件', '1', '抽底', 59, 424, 412, 5, 1, 0.18, '', '', '', '', '', 0, 0, 0, 0, 0, '', 0, NULL),
(633, 22, 0, 'X2018080024-W1-1066', '橱柜地柜', '1', '水槽柜底板', 1, 560, 1314, 18, 1, 0.74, '', 'C', 'bbbb', '贴铝铂纸,切角右后切深240宽362', '', 1, 0, 0, 0, 0, '', 0, NULL),
(664, 24, 11, 'X2018080026-W1-1001', '', '1', '中立板', 1, 800, 620, 18, 1, 0.5, '', '', '', '', '', 0, 0, 0, 0, 0, '', 0, NULL),
(665, 24, 11, 'X2018080026-W1-1002', '', '1', '中立板', 2, 800, 620, 18, 1, 0.5, '', '', '', '', '', 0, 0, 0, 0, 0, '', 0, NULL),
(666, 24, 11, 'X2018080026-W1-1003', '', '1', '中立板', 3, 800, 620, 18, 1, 0.5, '', '', '', '', '', 0, 0, 0, 0, 0, '', 0, NULL),
(667, 24, 11, 'X2018080026-W1-1004', '', '1', '中立板', 4, 800, 620, 18, 1, 0.5, '', '', '', '', '', 0, 0, 0, 0, 0, '', 0, NULL),
(668, 24, 11, 'X2018080026-W1-1005', '', '1', '中立板', 5, 800, 620, 18, 1, 0.5, '', '', '', '', '', 0, 0, 0, 0, 0, '', 0, NULL),
(669, 24, 11, 'X2018080026-W1-1006', '', '1', '中立板', 6, 800, 620, 18, 1, 0.5, '', '', '', '', '', 0, 0, 0, 0, 0, '', 0, NULL),
(670, 24, 11, 'X2018080026-W1-1007', '', '1', '中立板', 7, 800, 620, 18, 1, 0.5, '', '', '', '', '', 0, 0, 0, 0, 0, '', 0, NULL),
(671, 24, 11, 'X2018080026-W1-1008', '', '1', '中立板', 8, 800, 620, 18, 1, 0.5, '', '', '', '', '', 0, 0, 0, 0, 0, '', 0, NULL),
(672, 24, 11, 'X2018080026-W1-1009', '', '1', '中立板', 9, 800, 620, 18, 1, 0.5, '', '', '', '', '', 0, 0, 0, 0, 0, '', 0, NULL),
(673, 24, 11, 'X2018080026-W1-1010', '', '1', '中立板', 10, 800, 620, 18, 1, 0.5, '', '', '', '', '', 0, 0, 0, 0, 0, '', 0, NULL),
(674, 25, 0, NULL, '', '', '中立板', 0, 800, 900, 18, 1, 0.72, '', '', '', '', '', 0, 0, 0, 0, 0, '', 0, NULL),
(675, 25, 0, NULL, '', '', '中立板', 0, 800, 900, 18, 1, 0.72, '', '', '', '', '', 0, 0, 0, 0, 0, '', 0, NULL),
(676, 25, 0, NULL, '', '', '中立板', 0, 800, 900, 18, 1, 0.72, '', '', '', '', '', 0, 0, 0, 0, 0, '', 0, NULL),
(677, 25, 0, NULL, '', '', '中立板', 0, 800, 900, 18, 1, 0.72, '', '', '', '', '', 0, 0, 0, 0, 0, '', 0, NULL),
(678, 25, 0, NULL, '', '', '中立板', 0, 800, 900, 18, 1, 0.72, '', '', '', '', '', 0, 0, 0, 0, 0, '', 0, NULL),
(679, 26, 0, NULL, '', '', '侧封板', 0, 800, 900, 18, 1, 0.72, '', '', '', '', '', 0, 0, 0, 0, 0, '', 0, NULL),
(680, 26, 0, NULL, '', '', '侧封板L型', 0, 800, 900, 18, 1, 0.72, '', '', '', '', '', 0, 0, 0, 0, 0, '', 0, NULL),
(681, 26, 0, NULL, '', '', '侧封板', 0, 800, 900, 18, 1, 0.72, '', '', '', '', '', 0, 0, 0, 0, 0, '', 0, NULL),
(682, 26, 0, NULL, '', '', '侧封板', 0, 800, 1450, 18, 1, 1.16, '', '', '', '', '', 0, 0, 0, 0, 0, '', 0, NULL),
(683, 26, 0, NULL, '', '', '侧封板', 0, 800, 900, 18, 1, 0.72, '', '', '', '', '', 0, 0, 0, 0, 0, '', 0, NULL),
(684, 26, 0, NULL, '', '', '侧封板', 0, 800, 900, 18, 1, 0.72, '', '', '', '', '', 0, 0, 0, 0, 0, '', 0, NULL),
(697, 29, 0, NULL, '', '', '中立板', 0, 800, 600, 18, 1, 0.48, '', '', '', '', '', 0, 0, 0, 0, 0, '', 0, NULL),
(698, 31, 14, 'X2018080033-Y1-0001', '', '0', '中立板', 1, 800, 900, 18, 1, 0.72, 'KA开槽后进19', 'A', 'Hbbb', '', '', 0, 0, 0, 0, 0, '', 0, NULL),
(699, 31, 14, 'X2018080033-Y1-0002', '', '0', '侧封板', 2, 800, 800, 18, 1, 0.64, 'KA开槽后进19', 'A', '4H', '', '', 0, 0, 0, 0, 0, '', 0, NULL),
(700, 32, 15, 'X2018080033-Y1-0011', '', '0', '背板', 11, 1200, 800, 5, 1, 0.96, 'KA开槽后进19', 'A', '4H', '', '', 0, 0, 0, 0, 0, '', 0, NULL),
(701, 31, 14, 'X2018080033-Y1-0003', '', '0', '中立板', 3, 800, 900, 18, 1, 0.72, 'KA开槽后进19', 'A', 'Hbbb', '', '', 0, 0, 0, 0, 0, '', 0, NULL),
(702, 31, 14, 'X2018080033-Y1-0004', '', '0', '中立板', 4, 800, 900, 18, 1, 0.72, 'KA开槽后进19', 'A', 'Hbbb', '', '', 0, 0, 0, 0, 0, '', 0, NULL),
(703, 31, 14, 'X2018080033-Y1-0005', '', '0', '中立板', 5, 800, 900, 18, 1, 0.72, 'KA开槽后进19', 'A', 'Hbbb', '', '', 0, 0, 0, 0, 0, '', 0, NULL),
(704, 31, 14, 'X2018080033-Y1-0006', '', '0', '中立板', 6, 800, 900, 18, 1, 0.72, 'KA开槽后进19', 'A', 'Hbbb', '', '', 0, 0, 0, 0, 0, '', 0, NULL),
(705, 31, 14, 'X2018080033-Y1-0007', '', '0', '侧封板', 7, 800, 800, 18, 1, 0.64, 'KA开槽后进19', 'A', '4H', '', '', 0, 0, 0, 0, 0, '', 0, NULL),
(706, 31, 14, 'X2018080033-Y1-0008', '', '0', '侧封板', 8, 800, 800, 18, 1, 0.64, 'KA开槽后进19', 'A', '4H', '', '', 0, 0, 0, 0, 0, '', 0, NULL),
(707, 31, 14, 'X2018080033-Y1-0009', '', '0', '侧封板', 9, 800, 800, 18, 1, 0.64, 'KA开槽后进19', 'A', '4H', '', '', 0, 0, 0, 0, 0, '', 0, NULL),
(708, 31, 14, 'X2018080033-Y1-0010', '', '0', '侧封板', 10, 800, 800, 18, 1, 0.64, 'KA开槽后进19', 'A', '4H', '', '', 0, 0, 0, 0, 0, '', 0, NULL),
(709, 32, 15, 'X2018080033-Y1-0012', '', '0', '背板', 12, 1200, 800, 5, 1, 0.96, 'KA开槽后进19', 'A', '4H', '', '', 0, 0, 0, 0, 0, '', 0, NULL),
(710, 32, 15, 'X2018080033-Y1-0013', '', '0', '背板', 13, 1200, 800, 5, 1, 0.96, 'KA开槽后进19', 'A', '4H', '', '', 0, 0, 0, 0, 0, '', 0, NULL),
(711, 32, 15, 'X2018080033-Y1-0014', '', '0', '背板', 14, 1200, 800, 5, 1, 0.96, 'KA开槽后进19', 'A', '4H', '', '', 0, 0, 0, 0, 0, '', 0, NULL),
(712, 32, 15, 'X2018080033-Y1-0015', '', '0', '背板', 15, 1200, 800, 5, 1, 0.96, 'KA开槽后进19', 'A', '4H', '', '', 0, 0, 0, 0, 0, '', 0, NULL),
(713, 33, 16, 'X2018080034-Y1-0001', '', '0', '中立板', 1, 800, 900, 18, 1, 0.72, 'KA开槽后进19', '', 'Hbbb', '', '', 0, 0, 0, 0, 0, '', 1, '2018-08-25 19:11:22'),
(714, 33, 16, 'X2018080034-Y1-0002', '', '0', '侧封板', 2, 800, 900, 18, 1, 0.72, 'KA开槽后进19', '', 'Hbbb', '', '', 0, 0, 0, 0, 0, '', 1, '2018-08-25 19:11:22'),
(715, 34, 17, 'X2018080034-Y1-0011', '', '0', '背板', 11, 1200, 900, 5, 1, 1.08, '', '', '', '', '', 0, 0, 0, 0, 0, '', 1, '2018-08-26 11:19:08'),
(716, 33, 16, 'X2018080034-Y1-0003', '', '0', '中立板', 3, 800, 900, 18, 1, 0.72, 'KA开槽后进19', '', 'Hbbb', '', '', 0, 0, 0, 0, 0, '', 1, '2018-08-26 10:20:48'),
(717, 33, 16, 'X2018080034-Y1-0004', '', '0', '中立板', 4, 800, 900, 18, 1, 0.72, 'KA开槽后进19', '', 'Hbbb', '', '', 0, 0, 0, 0, 0, '', 1, '2018-08-26 10:20:48'),
(718, 33, 16, 'X2018080034-Y1-0005', '', '0', '中立板', 5, 800, 900, 18, 1, 0.72, 'KA开槽后进19', '', 'Hbbb', '', '', 0, 0, 0, 0, 0, '', 1, '2018-08-25 20:21:37'),
(719, 33, 16, 'X2018080034-Y1-0006', '', '0', '中立板', 6, 800, 900, 18, 1, 0.72, 'KA开槽后进19', '', 'Hbbb', '', '', 0, 0, 0, 0, 0, '', 1, '2018-08-25 20:21:03'),
(720, 33, 16, 'X2018080034-Y1-0007', '', '0', '侧封板', 7, 800, 900, 18, 1, 0.72, 'KA开槽后进19', '', 'Hbbb', '', '', 0, 0, 0, 0, 0, '', 1, '2018-08-25 20:21:03'),
(721, 33, 16, 'X2018080034-Y1-0008', '', '0', '侧封板', 8, 800, 900, 18, 1, 0.72, 'KA开槽后进19', '', 'Hbbb', '', '', 0, 0, 0, 0, 0, '', 1, '2018-08-25 19:24:18'),
(722, 33, 16, 'X2018080034-Y1-0009', '', '0', '侧封板', 9, 800, 900, 18, 1, 0.72, 'KA开槽后进19', '', 'Hbbb', '', '', 0, 0, 0, 0, 0, '', 1, '2018-08-25 20:20:05'),
(723, 33, 16, 'X2018080034-Y1-0010', '', '0', '侧封板', 10, 800, 900, 18, 1, 0.72, 'KA开槽后进19', '', 'Hbbb', '', '', 0, 0, 0, 0, 0, '', 1, '2018-08-25 19:59:18'),
(724, 34, 17, 'X2018080034-Y1-0012', '', '0', '背板', 12, 1200, 900, 5, 1, 1.08, '', '', '', '', '', 0, 0, 0, 0, 0, '', 1, '2018-08-26 11:19:08'),
(725, 34, 17, 'X2018080034-Y1-0013', '', '0', '背板', 13, 1200, 900, 5, 1, 1.08, '', '', '', '', '', 0, 0, 0, 0, 0, '', 1, '2018-08-26 11:19:08'),
(726, 34, 17, 'X2018080034-Y1-0014', '', '0', '背板', 14, 1200, 900, 5, 1, 1.08, '', '', '', '', '', 0, 0, 0, 0, 0, '', 1, '2018-08-26 11:19:08'),
(727, 34, 17, 'X2018080034-Y1-0015', '', '0', '背板', 15, 1200, 900, 5, 1, 1.08, '', '', '', '', '', 0, 0, 0, 0, 0, '', 1, '2018-08-26 11:19:08');

-- --------------------------------------------------------

--
-- 表的结构 `j_order_product_board_wood`
--

CREATE TABLE `j_order_product_board_wood` (
  `opbw_id` int(10) UNSIGNED NOT NULL COMMENT 'v',
  `opbw_order_product_board_id` int(10) UNSIGNED NOT NULL COMMENT '订单产品板材',
  `opbw_wood_name` varchar(32) NOT NULL COMMENT '木框门名称',
  `opbw_width` int(10) UNSIGNED NOT NULL COMMENT '宽度',
  `opbw_length` int(10) UNSIGNED NOT NULL COMMENT '长度',
  `opbw_area` float NOT NULL DEFAULT '1' COMMENT '面积',
  `opbw_amount` tinyint(2) NOT NULL DEFAULT '1' COMMENT '数量',
  `opbw_punch` varchar(64) DEFAULT NULL COMMENT '打孔',
  `opbw_remark` varchar(128) DEFAULT NULL COMMENT '备注',
  `opbw_core` varchar(64) DEFAULT NULL COMMENT '门芯',
  `opbw_center` varchar(64) DEFAULT NULL COMMENT '中横'
) ENGINE=InnoDB DEFAULT CHARSET=utf8 COMMENT='木框门';

--
-- 转存表中的数据 `j_order_product_board_wood`
--

INSERT INTO `j_order_product_board_wood` (`opbw_id`, `opbw_order_product_board_id`, `opbw_wood_name`, `opbw_width`, `opbw_length`, `opbw_area`, `opbw_amount`, `opbw_punch`, `opbw_remark`, `opbw_core`, `opbw_center`) VALUES
(11, 20, '木框平板门', 800, 600, 0.48, 1, '上翻门', '倒圆', '', '五五'),
(12, 20, '木框平板门', 800, 600, 0.48, 1, '上翻门', '倒圆', '', '五五'),
(13, 28, '木框平板门', 800, 600, 0.48, 1, '吊柜右开', '', '', '五五'),
(14, 28, '木框平板门', 800, 600, 0.48, 1, '吊柜左开', '', '', '五五'),
(15, 28, '木框平板门', 800, 600, 0.48, 1, '地柜右开', '', '', '四六'),
(16, 28, '木框平板门', 800, 600, 0.48, 1, '地柜左开', '', '', '四六'),
(17, 30, '木框玻璃门', 800, 600, 0.48, 1, '', '', '5mm清波', ''),
(18, 30, '木框玻璃门', 800, 600, 0.48, 1, '', '', '5mm清波', '');

-- --------------------------------------------------------

--
-- 表的结构 `j_order_product_cabinet`
--

CREATE TABLE `j_order_product_cabinet` (
  `opc_id` int(10) UNSIGNED NOT NULL COMMENT 'v',
  `opc_order_product_cabinet_struct_id` int(10) UNSIGNED NOT NULL COMMENT '订单产品',
  `opc_cubicle_num` smallint(4) UNSIGNED NOT NULL COMMENT '柜体编号',
  `opc_cubicle_name` varchar(32) NOT NULL COMMENT '柜体名称',
  `opc_width` int(10) UNSIGNED NOT NULL DEFAULT '0' COMMENT '宽度',
  `opc_depth` int(10) UNSIGNED NOT NULL DEFAULT '0' COMMENT '深度',
  `opc_height` int(10) UNSIGNED NOT NULL DEFAULT '0' COMMENT '高度',
  `opc_amount` tinyint(2) UNSIGNED NOT NULL DEFAULT '1' COMMENT '数量',
  `opc_gebangu` char(2) DEFAULT NULL COMMENT '固定隔板',
  `opc_gebanhuo` char(2) DEFAULT NULL COMMENT '活动隔板',
  `opc_gebanjian` char(2) DEFAULT NULL COMMENT '隔板减',
  `opc_beiban` tinyint(1) UNSIGNED NOT NULL DEFAULT '0' COMMENT '背板',
  `opc_size` int(10) UNSIGNED NOT NULL DEFAULT '0' COMMENT '尺寸',
  `opc_left_width` int(10) UNSIGNED NOT NULL DEFAULT '0' COMMENT '左宽',
  `opc_left_depth` int(10) UNSIGNED NOT NULL DEFAULT '0' COMMENT '左深',
  `opc_right_width` int(10) UNSIGNED NOT NULL DEFAULT '0' COMMENT '右宽',
  `opc_right_depth` int(10) UNSIGNED NOT NULL DEFAULT '0' COMMENT '右深',
  `opc_zbilu` char(1) DEFAULT NULL COMMENT '左壁炉',
  `opc_ybilu` char(1) DEFAULT NULL COMMENT '右壁炉',
  `opc_diguiabnormity` char(2) DEFAULT NULL COMMENT '吊柜异形',
  `opc_weibolu` char(4) DEFAULT NULL COMMENT '微波炉'
) ENGINE=InnoDB DEFAULT CHARSET=utf8 COMMENT='橱柜柜体';

-- --------------------------------------------------------

--
-- 表的结构 `j_order_product_cabinet_struct`
--

CREATE TABLE `j_order_product_cabinet_struct` (
  `opcs_id` int(10) UNSIGNED NOT NULL COMMENT 'v',
  `opcs_order_product_id` int(10) UNSIGNED NOT NULL COMMENT '订单产品',
  `opcs_board` varchar(64) DEFAULT NULL COMMENT '板材',
  `opcs_facefb` varchar(64) DEFAULT NULL COMMENT '正面'
) ENGINE=InnoDB DEFAULT CHARSET=utf8 COMMENT='橱柜柜体结构';

--
-- 转存表中的数据 `j_order_product_cabinet_struct`
--

INSERT INTO `j_order_product_cabinet_struct` (`opcs_id`, `opcs_order_product_id`, `opcs_board`, `opcs_facefb`) VALUES
(1, 1, '18颗粒板夏特布纹R', '0.8同色封边'),
(6, 51, '18颗粒板夏特布纹R', '0.8同色封边'),
(7, 52, '18颗粒板夏特布纹R', '0.8同色封边'),
(8, 0, '18多层板古典红木R', '0.8同色封边'),
(9, 71, '18多层板古典红木R', '0.8同色封边'),
(10, 34, '18多层板古典红木R', '0.8同色封边'),
(11, 72, '18多层板古典红木R', '0.8同色封边'),
(12, 76, '18多层板古典红木R', '0.8同色封边'),
(13, 80, '18多层板古典红木R', '0.8同色封边'),
(14, 80, '18多层板古典红木R', '0.8同色封边'),
(15, 80, '18多层板古典红木R', '0.8同色封边'),
(16, 80, '18多层板古典红木R', '0.8同色封边');

-- --------------------------------------------------------

--
-- 表的结构 `j_order_product_classify`
--

CREATE TABLE `j_order_product_classify` (
  `opc_id` int(10) UNSIGNED NOT NULL COMMENT 'v',
  `opc_order_product_id` int(10) UNSIGNED NOT NULL COMMENT '订单产品编号',
  `opc_board` varchar(64) NOT NULL COMMENT '板材',
  `opc_amount` int(10) UNSIGNED NOT NULL COMMENT '数量',
  `opc_area` float(10,3) UNSIGNED NOT NULL DEFAULT '0.000' COMMENT '面积',
  `opc_classify_id` smallint(4) UNSIGNED NOT NULL COMMENT '分类',
  `opc_status` smallint(4) NOT NULL COMMENT '状态',
  `opc_sn` char(2) DEFAULT NULL COMMENT 'SN',
  `opc_batch_num` varchar(64) DEFAULT NULL COMMENT '优化批次号',
  `opc_mrp_id` int(10) UNSIGNED NOT NULL DEFAULT '0' COMMENT 'MRPV',
  `opc_procedure` smallint(4) UNSIGNED NOT NULL DEFAULT '0' COMMENT '工序',
  `opc_production_line` smallint(4) UNSIGNED NOT NULL DEFAULT '0' COMMENT '生产线',
  `opc_optimize` int(10) UNSIGNED NOT NULL DEFAULT '0' COMMENT '优化人',
  `opc_optimize_datetime` datetime DEFAULT NULL COMMENT '优化日期',
  `opc_print` int(10) UNSIGNED NOT NULL DEFAULT '0' COMMENT '打印人',
  `opc_print_datetime` datetime DEFAULT NULL COMMENT '打印日期',
  `opc_saw` int(10) UNSIGNED NOT NULL DEFAULT '0' COMMENT '下料人',
  `opc_saw_datetime` datetime DEFAULT NULL COMMENT '下料日期',
  `opc_edge` int(10) UNSIGNED NOT NULL DEFAULT '0' COMMENT '封边人',
  `opc_edge_datetime` datetime DEFAULT NULL COMMENT '封边日期',
  `opc_punch` int(10) UNSIGNED NOT NULL DEFAULT '0' COMMENT '打孔人',
  `opc_punch_datetime` datetime DEFAULT NULL COMMENT '打孔日期',
  `opc_scan` int(10) UNSIGNED NOT NULL DEFAULT '0' COMMENT '扫描人',
  `opc_scan_datetime` datetime DEFAULT NULL COMMENT '扫描日期',
  `opc_pack` int(10) UNSIGNED NOT NULL DEFAULT '0' COMMENT '打包人',
  `opc_pack_datetime` datetime DEFAULT NULL COMMENT '打包日期'
) ENGINE=InnoDB DEFAULT CHARSET=utf8 COMMENT='订单产品板块分类';

--
-- 转存表中的数据 `j_order_product_classify`
--

INSERT INTO `j_order_product_classify` (`opc_id`, `opc_order_product_id`, `opc_board`, `opc_amount`, `opc_area`, `opc_classify_id`, `opc_status`, `opc_sn`, `opc_batch_num`, `opc_mrp_id`, `opc_procedure`, `opc_production_line`, `opc_optimize`, `opc_optimize_datetime`, `opc_print`, `opc_print_datetime`, `opc_saw`, `opc_saw_datetime`, `opc_edge`, `opc_edge_datetime`, `opc_punch`, `opc_punch_datetime`, `opc_scan`, `opc_scan_datetime`, `opc_pack`, `opc_pack_datetime`) VALUES
(11, 72, '18多层板古典红木R', 10, 5.000, 73, 19, '1', NULL, 7, 2, 53, 1, '2018-08-23 21:44:32', 0, NULL, 0, NULL, 0, NULL, 0, NULL, 0, NULL, 0, NULL),
(14, 84, '18多层板古典红木R', 10, 6.800, 73, 19, '1', NULL, 8, 3, 53, 1, '2018-08-24 15:39:01', 0, NULL, 1, '2018-08-24 15:56:20', 0, NULL, 0, NULL, 0, NULL, 0, NULL),
(15, 84, '5多层板古典红木R', 5, 4.800, 2, 19, '1', NULL, 9, 17, 6, 1, '2018-08-24 15:39:01', 0, NULL, 1, '2018-08-24 15:56:20', 0, NULL, 0, NULL, 0, NULL, 0, NULL),
(16, 85, '18多层板古典红木R', 10, 7.200, 73, 21, '1', NULL, 10, 18, 53, 1, '2018-08-24 16:09:19', 1, '2018-08-24 16:24:56', 1, '2018-08-24 16:28:59', 34, '2018-08-24 20:04:09', 0, NULL, 38, '2018-08-26 10:41:05', 1, '2018-08-28 10:52:03'),
(17, 85, '5多层板古典红木R', 5, 5.400, 2, 21, '1', NULL, 11, 17, 6, 1, '2018-08-24 16:09:19', 0, NULL, 1, '2018-08-24 16:28:59', 0, NULL, 0, NULL, 1, '2018-08-26 11:19:08', 1, '2018-08-28 14:07:13');

-- --------------------------------------------------------

--
-- 表的结构 `j_order_product_door`
--

CREATE TABLE `j_order_product_door` (
  `opd_id` int(10) UNSIGNED NOT NULL COMMENT 'v',
  `opd_order_product_id` int(10) UNSIGNED NOT NULL COMMENT '订单产品',
  `opd_board` varchar(64) NOT NULL COMMENT '板材',
  `opd_edge` varchar(64) DEFAULT NULL COMMENT '封边'
) ENGINE=InnoDB DEFAULT CHARSET=utf8 COMMENT='产品门板';

--
-- 转存表中的数据 `j_order_product_door`
--

INSERT INTO `j_order_product_door` (`opd_id`, `opd_order_product_id`, `opd_board`, `opd_edge`) VALUES
(2, 55, '18多层板古典红木R', '亚光窄边带封头'),
(3, 57, '18多层板古典红木R', '亚光窄边带封头'),
(4, 56, '18多层板古典红木R', 'PVC白色封边'),
(5, 79, '18多层板古典红木R', 'PVC白色封边');

-- --------------------------------------------------------

--
-- 表的结构 `j_order_product_fitting`
--

CREATE TABLE `j_order_product_fitting` (
  `opf_id` int(10) UNSIGNED NOT NULL COMMENT 'v',
  `opf_order_product_id` int(10) UNSIGNED NOT NULL COMMENT '订单产品',
  `opf_goods_speci_id` int(10) UNSIGNED NOT NULL COMMENT '商品规格V',
  `opf_fitting` varchar(128) NOT NULL COMMENT '配件',
  `opf_speci` varchar(512) NOT NULL COMMENT '规格',
  `opf_purchase_unit` varchar(16) DEFAULT NULL COMMENT '采购单位',
  `opf_purchase` float(10,2) NOT NULL DEFAULT '0.00' COMMENT '采购单价',
  `opf_unit` varchar(16) DEFAULT NULL COMMENT '单位',
  `opf_unit_price` float(10,2) UNSIGNED NOT NULL DEFAULT '0.00' COMMENT '单价',
  `opf_amount` float(10,2) UNSIGNED NOT NULL DEFAULT '0.00' COMMENT '数量',
  `opf_sum` float(10,2) UNSIGNED NOT NULL DEFAULT '0.00' COMMENT '金额',
  `opf_remark` varchar(128) DEFAULT NULL COMMENT '备注',
  `opf_status` smallint(4) NOT NULL DEFAULT '1' COMMENT '当前状态',
  `opf_procedure` smallint(4) UNSIGNED NOT NULL DEFAULT '0' COMMENT '工序',
  `opf_production_line` smallint(4) UNSIGNED NOT NULL DEFAULT '0' COMMENT '生产线',
  `opf_print` int(10) UNSIGNED NOT NULL DEFAULT '0' COMMENT '打印人',
  `opf_print_datetime` datetime DEFAULT NULL COMMENT '打印日期',
  `opf_pack` int(10) UNSIGNED NOT NULL DEFAULT '0' COMMENT '打包人',
  `opf_pack_datetime` datetime DEFAULT NULL COMMENT '打包日期'
) ENGINE=InnoDB DEFAULT CHARSET=utf8 COMMENT='五金';

--
-- 转存表中的数据 `j_order_product_fitting`
--

INSERT INTO `j_order_product_fitting` (`opf_id`, `opf_order_product_id`, `opf_goods_speci_id`, `opf_fitting`, `opf_speci`, `opf_purchase_unit`, `opf_purchase`, `opf_unit`, `opf_unit_price`, `opf_amount`, `opf_sum`, `opf_remark`, `opf_status`, `opf_procedure`, `opf_production_line`, `opf_print`, `opf_print_datetime`, `opf_pack`, `opf_pack_datetime`) VALUES
(12, 63, 1, '铝合金脚线-30cm-银色-米', '30cm-银色', '米', 10.00, '米', 25.00, 13.00, 0.00, 'zcxvzxc', 1, 0, 0, 0, NULL, 0, NULL),
(13, 63, 2, '铝合金脚线-30cm-金属色-米', '30cm-金属色', '米', 10.00, '米', 15.00, 1.00, 0.00, '', 1, 0, 0, 0, NULL, 0, NULL),
(14, 78, 1, '铝合金脚线', '30cm-银色', '米', 10.00, '米', 25.00, 5.00, 0.00, '', 1, 0, 0, 0, NULL, 0, NULL),
(15, 78, 3, '不锈钢金属脚100高', '-', '个', 8.00, '个', 14.00, 10.00, 0.00, '', 1, 0, 0, 0, NULL, 0, NULL);

-- --------------------------------------------------------

--
-- 表的结构 `j_order_product_other`
--

CREATE TABLE `j_order_product_other` (
  `opo_id` int(10) UNSIGNED NOT NULL COMMENT 'v',
  `opo_order_product_id` int(10) UNSIGNED NOT NULL COMMENT '订单产品',
  `opo_goods_speci_id` int(10) UNSIGNED NOT NULL COMMENT '商品规格V',
  `opo_other` varchar(128) NOT NULL COMMENT '外购类商品',
  `opo_speci` varchar(512) DEFAULT NULL COMMENT '规格',
  `opo_purchase_unit` varchar(16) DEFAULT NULL COMMENT '采购单位',
  `opo_purchase` float(10,2) UNSIGNED NOT NULL DEFAULT '0.00' COMMENT '采购单价',
  `opo_unit` varchar(16) DEFAULT NULL COMMENT '单位',
  `opo_unit_price` float(10,2) UNSIGNED NOT NULL DEFAULT '0.00' COMMENT '单价',
  `opo_amount` float(10,2) UNSIGNED NOT NULL DEFAULT '0.00' COMMENT '数量',
  `opo_sum` float(10,2) UNSIGNED NOT NULL DEFAULT '0.00' COMMENT '金额',
  `opo_remark` varchar(128) DEFAULT NULL COMMENT '备注',
  `opo_status` smallint(4) NOT NULL DEFAULT '1' COMMENT '状态',
  `opo_procedure` smallint(4) UNSIGNED NOT NULL DEFAULT '0' COMMENT '工序',
  `opo_production_line` smallint(4) UNSIGNED DEFAULT '0' COMMENT '生产线',
  `opo_print` int(10) UNSIGNED NOT NULL DEFAULT '0' COMMENT '打印人',
  `opo_print_datetime` datetime DEFAULT NULL COMMENT '打印日期',
  `opo_pack` int(10) UNSIGNED NOT NULL DEFAULT '0' COMMENT '打包人',
  `opo_pack_datetime` datetime DEFAULT NULL COMMENT '打包日期'
) ENGINE=InnoDB DEFAULT CHARSET=utf8 COMMENT='产品其它';

--
-- 转存表中的数据 `j_order_product_other`
--

INSERT INTO `j_order_product_other` (`opo_id`, `opo_order_product_id`, `opo_goods_speci_id`, `opo_other`, `opo_speci`, `opo_purchase_unit`, `opo_purchase`, `opo_unit`, `opo_unit_price`, `opo_amount`, `opo_sum`, `opo_remark`, `opo_status`, `opo_procedure`, `opo_production_line`, `opo_print`, `opo_print_datetime`, `opo_pack`, `opo_pack_datetime`) VALUES
(10, 68, 8, '3D移门', '-', '平方', 100.00, '平方', 1300.00, 200.00, 0.00, '', 1, 0, 0, 0, NULL, 0, NULL),
(11, 68, 9, '丹文迪移门', '-', '平方', 100.00, '平方', 1800.00, 1.00, 0.00, '', 1, 0, 0, 0, NULL, 0, NULL),
(14, 66, 8, '3D移门', '-', '平方', 100.00, '平方', 1300.00, 200.00, 0.00, '', 1, 0, 0, 0, NULL, 0, NULL),
(15, 66, 9, '丹文迪移门', '-', '平方', 100.00, '平方', 1800.00, 1.00, 0.00, '', 1, 0, 0, 0, NULL, 0, NULL),
(20, 67, 8, '3D移门', '100X200X300', '平方', 100.00, '平方', 1300.00, 680.00, 0.00, 'asdfasd', 1, 0, 0, 0, NULL, 0, NULL),
(21, 67, 8, '3D移门', '100X200X300', '平方', 100.00, '平方', 1300.00, 680.00, 0.00, 'asdfasd', 1, 0, 0, 0, NULL, 0, NULL),
(22, 67, 8, '3D移门', '100X200X400', '平方', 100.00, '平方', 1300.00, 160.00, 0.00, 'asdfasd', 1, 0, 0, 0, NULL, 0, NULL),
(23, 69, 8, '3D移门', '100X200X300', '', 0.00, '平方', 1300.00, 680.00, 0.00, 'asdfasd', 1, 0, 0, 0, NULL, 0, NULL),
(24, 69, 8, '3D移门', '100X200X300', '', 0.00, '平方', 1300.00, 680.00, 0.00, 'asdfasd', 1, 0, 0, 0, NULL, 0, NULL),
(25, 69, 8, '3D移门', '100X200X400', '', 0.00, '平方', 1300.00, 160.00, 0.00, 'asdfasd', 1, 0, 0, 0, NULL, 0, NULL),
(26, 73, 8, '3D移门', '-', '平方', 100.00, '平方', 1300.00, 15.00, 0.00, '', 1, 0, 0, 0, NULL, 0, NULL);

-- --------------------------------------------------------

--
-- 表的结构 `j_order_product_remark`
--

CREATE TABLE `j_order_product_remark` (
  `opr_id` int(10) UNSIGNED NOT NULL COMMENT 'v',
  `opr_order_product_id` int(10) UNSIGNED NOT NULL COMMENT '订单产品编号',
  `opr_status` smallint(4) NOT NULL DEFAULT '-9999' COMMENT '工作流',
  `opr_remark` varchar(128) NOT NULL COMMENT '备注',
  `opr_creator` int(10) UNSIGNED NOT NULL COMMENT '创建人',
  `opr_create_datetime` datetime NOT NULL COMMENT '创建日期'
) ENGINE=InnoDB DEFAULT CHARSET=utf8 COMMENT='订单产品备注';

-- --------------------------------------------------------

--
-- 表的结构 `j_order_product_server`
--

CREATE TABLE `j_order_product_server` (
  `ops_id` int(10) UNSIGNED NOT NULL COMMENT 'v',
  `ops_order_product_id` int(10) UNSIGNED NOT NULL COMMENT '订单产品',
  `ops_goods_speci_id` int(10) UNSIGNED NOT NULL COMMENT '商品规格V',
  `ops_server` varchar(128) NOT NULL COMMENT '服务',
  `ops_speci` varchar(512) NOT NULL COMMENT '规格',
  `ops_purchase_unit` varchar(16) NOT NULL COMMENT '采购单位',
  `ops_purchase` float(10,2) UNSIGNED NOT NULL DEFAULT '0.00' COMMENT '采购单价',
  `ops_unit` varchar(16) DEFAULT NULL COMMENT '单位',
  `ops_unit_price` float(10,2) UNSIGNED NOT NULL DEFAULT '0.00' COMMENT '单价',
  `ops_amount` float(10,2) UNSIGNED NOT NULL DEFAULT '0.00' COMMENT '数量',
  `ops_sum` float(10,2) UNSIGNED NOT NULL DEFAULT '0.00' COMMENT '金额',
  `ops_remark` varchar(128) DEFAULT NULL COMMENT '备注'
) ENGINE=InnoDB DEFAULT CHARSET=utf8 COMMENT='订单产品服务';

--
-- 转存表中的数据 `j_order_product_server`
--

INSERT INTO `j_order_product_server` (`ops_id`, `ops_order_product_id`, `ops_goods_speci_id`, `ops_server`, `ops_speci`, `ops_purchase_unit`, `ops_purchase`, `ops_unit`, `ops_unit_price`, `ops_amount`, `ops_sum`, `ops_remark`) VALUES
(12, 70, 13, '圆弧脚线', '', '个', 0.00, '个', 30.00, 8.00, 0.00, 'sdfasdf'),
(13, 70, 15, '色板勾打孔', '', '套', 0.00, '套', 15.00, 7.00, 0.00, 'sdfasdf'),
(15, 61, 13, '圆弧脚线', '', '个', 0.00, '个', 30.00, 7.00, 0.00, 'sdfasdf'),
(16, 74, 13, '圆弧脚线', '-', '个', 0.00, '个', 30.00, 10.00, 0.00, '');

-- --------------------------------------------------------

--
-- 表的结构 `j_order_product_wardrobe_struct`
--

CREATE TABLE `j_order_product_wardrobe_struct` (
  `opws_id` int(10) UNSIGNED NOT NULL COMMENT 'v',
  `opws_order_product_id` int(10) UNSIGNED NOT NULL COMMENT '订单产品',
  `opws_board` varchar(64) DEFAULT NULL COMMENT '板材'
) ENGINE=InnoDB DEFAULT CHARSET=utf8 COMMENT='订单产品衣柜结构';

--
-- 转存表中的数据 `j_order_product_wardrobe_struct`
--

INSERT INTO `j_order_product_wardrobe_struct` (`opws_id`, `opws_order_product_id`, `opws_board`) VALUES
(2, 2, '18多层板古典红木R'),
(3, 2, '18多层板古典红木R'),
(4, 2, '18多层板古典红木R'),
(5, 54, '18多层板古典红木R'),
(6, 2, '18多层板古典红木R'),
(7, 53, '18多层板古典红木R'),
(8, 77, '18多层板白松T'),
(9, 84, '18多层板古典红木R'),
(10, 85, '18多层板古典红木R');

-- --------------------------------------------------------

--
-- 表的结构 `j_order_remark`
--

CREATE TABLE `j_order_remark` (
  `or_id` int(10) UNSIGNED NOT NULL COMMENT 'v',
  `or_order_id` int(10) UNSIGNED NOT NULL COMMENT '订单V',
  `or_for` tinyint(1) UNSIGNED NOT NULL DEFAULT '1' COMMENT '内部备注',
  `or_remark` varchar(128) NOT NULL COMMENT '备注',
  `or_creator` int(10) UNSIGNED NOT NULL COMMENT '创建人',
  `or_create_datetime` datetime NOT NULL COMMENT '创建日期',
  `or_status` smallint(4) NOT NULL DEFAULT '-9999' COMMENT '订单状态'
) ENGINE=InnoDB DEFAULT CHARSET=utf8 COMMENT='订单备注';

-- --------------------------------------------------------

--
-- 表的结构 `j_order_stock_outted`
--

CREATE TABLE `j_order_stock_outted` (
  `oso_id` int(10) UNSIGNED NOT NULL COMMENT 'v',
  `oso_order_id` int(10) UNSIGNED NOT NULL COMMENT '订单V',
  `oso_stock_outted_id` int(10) UNSIGNED NOT NULL COMMENT '拣货单V',
  `oso_creator` int(10) NOT NULL COMMENT '创建人',
  `oso_create_datetime` datetime NOT NULL COMMENT '创建时间'
) ENGINE=InnoDB DEFAULT CHARSET=utf8 COMMENT='订单拣货单';

-- --------------------------------------------------------

--
-- 表的结构 `j_order_type`
--

CREATE TABLE `j_order_type` (
  `ot_name` char(2) NOT NULL COMMENT 'V',
  `ot_label` varchar(16) NOT NULL COMMENT 'Label'
) ENGINE=InnoDB DEFAULT CHARSET=utf8 COMMENT='订单类型';

--
-- 转存表中的数据 `j_order_type`
--

INSERT INTO `j_order_type` (`ot_name`, `ot_label`) VALUES
('B', '增补单'),
('X', '新订单');

-- --------------------------------------------------------

--
-- 表的结构 `j_order_workflow`
--

CREATE TABLE `j_order_workflow` (
  `ow_id` int(10) UNSIGNED NOT NULL COMMENT 'v',
  `ow_table` varchar(64) NOT NULL COMMENT '表',
  `ow_source_id` int(10) UNSIGNED NOT NULL COMMENT '原ID',
  `ow_status` char(2) DEFAULT NULL COMMENT '状态',
  `ow_creator` int(10) UNSIGNED NOT NULL DEFAULT '0' COMMENT '创建人',
  `ow_create_datetime` int(10) UNSIGNED NOT NULL DEFAULT '0' COMMENT '创建时间',
  `ow_remark` varchar(1024) DEFAULT NULL COMMENT '备注'
) ENGINE=InnoDB DEFAULT CHARSET=utf8 COMMENT='订单表状态跟踪';

-- --------------------------------------------------------

--
-- 表的结构 `j_other`
--

CREATE TABLE `j_other` (
  `o_id` int(10) UNSIGNED NOT NULL COMMENT 'v',
  `o_type_id` smallint(4) UNSIGNED NOT NULL COMMENT '类型',
  `o_name` varchar(64) NOT NULL COMMENT '名称',
  `o_spec` varchar(64) DEFAULT NULL COMMENT '规格',
  `o_unit` char(8) DEFAULT NULL COMMENT '单位',
  `o_unit_price` float UNSIGNED NOT NULL DEFAULT '0' COMMENT '单价',
  `o_supplier_id` int(4) UNSIGNED NOT NULL COMMENT '供应商',
  `o_remark` varchar(128) DEFAULT NULL COMMENT '备注',
  `o_creator` int(10) UNSIGNED NOT NULL DEFAULT '0' COMMENT '创建人',
  `o_create_datetime` int(10) UNSIGNED NOT NULL DEFAULT '0' COMMENT '创建日期'
) ENGINE=InnoDB DEFAULT CHARSET=utf8 COMMENT='外购产品';

--
-- 转存表中的数据 `j_other`
--

INSERT INTO `j_other` (`o_id`, `o_type_id`, `o_name`, `o_spec`, `o_unit`, `o_unit_price`, `o_supplier_id`, `o_remark`, `o_creator`, `o_create_datetime`) VALUES
(1, 12, '3D移门', '', '平方', 1300, 6, NULL, 1, 2016),
(2, 16, '3D包覆门', '', '平方', 1800, 6, NULL, 1, 2016),
(3, 16, '丹文迪包覆门', '', '平方', 0, 5, NULL, 1, 2016),
(4, 12, '丹文迪移门', '', '平方', 0, 5, NULL, 1, 2016),
(5, 34, '铝框玻璃门', '', '平方', 0, 8, NULL, 1, 2016),
(6, 34, '5mm钢化', '', '平方', 0, 4, NULL, 1, 2016),
(7, 34, '银镜', '', '平方', 0, 1, NULL, 11, 2016),
(8, 6, '外购拉手', '个', '个', 0, 8, NULL, 11, 2016);

-- --------------------------------------------------------

--
-- 表的结构 `j_out_method`
--

CREATE TABLE `j_out_method` (
  `om_name` varchar(64) NOT NULL COMMENT 'v'
) ENGINE=InnoDB DEFAULT CHARSET=utf8 COMMENT='出厂方式';

--
-- 转存表中的数据 `j_out_method`
--

INSERT INTO `j_out_method` (`om_name`) VALUES
('到厂自提'),
('发货物流'),
('物流到厂');

-- --------------------------------------------------------

--
-- 表的结构 `j_page_form`
--

CREATE TABLE `j_page_form` (
  `pf_id` smallint(4) UNSIGNED NOT NULL COMMENT 'v',
  `pf_name` varchar(64) NOT NULL COMMENT '名称',
  `pf_label` varchar(64) DEFAULT NULL COMMENT 'Label',
  `pf_url` varchar(128) DEFAULT NULL COMMENT 'Url',
  `pf_query` varchar(64) DEFAULT NULL COMMENT 'Query',
  `pf_form_type` char(32) DEFAULT NULL COMMENT '表单类型',
  `pf_form_page_id` int(10) UNSIGNED NOT NULL COMMENT '表单页面V',
  `pf_placeholder` varchar(64) DEFAULT NULL COMMENT '描述',
  `pf_classes` varchar(64) DEFAULT NULL COMMENT '样式',
  `pf_dv` varchar(128) DEFAULT NULL COMMENT '默认值',
  `pf_readonly` tinyint(1) NOT NULL DEFAULT '0' COMMENT '只读',
  `pf_required` tinyint(1) NOT NULL DEFAULT '0' COMMENT '必存',
  `pf_multiple` tinyint(1) NOT NULL DEFAULT '0' COMMENT '多选',
  `pf_max` varchar(32) DEFAULT NULL COMMENT '最大',
  `pf_min` varchar(32) DEFAULT NULL COMMENT '最小',
  `pf_maxlength` int(10) UNSIGNED NOT NULL DEFAULT '0' COMMENT '最长',
  `pf_pattern` varchar(128) DEFAULT NULL COMMENT '验证模式',
  `pf_ide` varchar(64) DEFAULT NULL COMMENT 'ID',
  `pf_displayorder` int(10) UNSIGNED NOT NULL DEFAULT '1' COMMENT '显示顺序'
) ENGINE=InnoDB DEFAULT CHARSET=utf8 COMMENT='页面表单';

--
-- 转存表中的数据 `j_page_form`
--

INSERT INTO `j_page_form` (`pf_id`, `pf_name`, `pf_label`, `pf_url`, `pf_query`, `pf_form_type`, `pf_form_page_id`, `pf_placeholder`, `pf_classes`, `pf_dv`, `pf_readonly`, `pf_required`, `pf_multiple`, `pf_max`, `pf_min`, `pf_maxlength`, `pf_pattern`, `pf_ide`, `pf_displayorder`) VALUES
(6, 'name', '用户名', '', NULL, 'text', 1, '登录用户名', NULL, '', 0, 1, 0, '', '', 64, '', '', 1),
(7, 'truename', '真实姓名', '', NULL, 'text', 1, '真实姓名', NULL, '', 0, 1, 0, '', '', 64, '', 'truename', 1),
(8, 'mobilephone', '移动电话', '', NULL, 'tel', 1, '移动电话', NULL, '', 0, 1, 0, '', '', 16, '', 'mobilephone', 1),
(9, 'password', '密码', '', NULL, 'password', 1, '密码', NULL, '', 2, 1, 0, '', '', 16, '', 'password', 1),
(10, 'v', '#', '', NULL, 'hidden', 1, '#', NULL, '', 0, 1, 0, '9999', '1', 4, '', 'v', 1),
(11, 'stock_outted_v', '#', '', 'stock_outted_v', 'hidden', 2, '', NULL, '', 0, 1, 0, '9999999999', '1', 10, '', 'stockOuttedV', 1),
(12, 'order_product_num_scan', '扫描订单产品编号', '', '', 'text', 2, '扫描订单产品编号', NULL, '', 0, 0, 0, '', '', 64, '', 'orderProductNumScan', 1),
(13, 'order_product_num', '扫描列表', '/warehouse/pick_scan/read', 'order_product_num_scan', 'checkbox', 2, '扫描列表', NULL, '', 0, 1, 1, '', '', 64, '', 'orderProductNum', 1),
(14, 'status_label', '状态', '', '', 'text', 1, '状态', NULL, '', 1, 0, 0, '', '', 32, '', 'statusLabel', 1),
(15, 'order_type', '订单类型', '/data/order_type/read', '', 'radio', 3, '订单类型', NULL, 'X', 0, 1, 0, '', '', 2, '', 'orderType', 1),
(16, 'task_level', '任务等级', 'data/task_level/read', '', 'select', 3, '任务等级', '', '1', 0, 1, 0, '99', '1', 2, '', 'taskLevel', 2),
(17, 'dealer_id', '客户', '/dealer/shop/my_shop', '', 'dealer', 3, '客户', '', '', 0, 1, 0, '9999999999', '1', 10, '', 'dealerId', 3),
(30, 'owner', '业主', '', '', 'text', 3, '业主', '', '', 0, 1, 0, '', '', 128, '', 'owner', 4),
(31, 'product', '产品', '/product/product/read?undelete=1', '', 'checkbox', 3, '产品', '', '', 0, 1, 0, '9999', '1', 4, '', 'product', 5),
(32, 'request_outdate', '出厂日期', '', '', 'date', 3, '要求出厂日期', '', '', 0, 0, 0, '', '', 64, '', 'requestOutdate', 6),
(33, 'remark', '备注', '', '', 'textarea', 3, '备注', '', '', 0, 0, 0, '', '', 1024, '', 'remark', 7),
(34, 'dealer_remark', '客户备注', '', '', 'textarea', 3, '客户备注', '', '', 0, 0, 0, '', '', 1024, '', 'dealerRemark', 8),
(35, 'area', '面积', '', '', 'number', 7, '面积', '', '', 0, 1, 0, '9999999999', '0', 10, '', 'area', 1),
(36, 'open_hole', '打孔', '', '', 'number', 7, '打孔', '', '', 0, 0, 0, '9999', '0', 4, '', 'openHole', 2),
(37, 'open_hole_unit_price', '打孔单价', '', '', 'number', 7, '打孔单价', '', '', 0, 0, 0, '9999', '0', 4, '', 'openHoleUnitPrice', 3),
(38, 'invisibility', '拉手', '', '', 'number', 7, '拉手', '', '', 0, 0, 0, '9999', '0', 4, '', 'invisibility', 4),
(39, 'invisibility_unit_price', '拉手单价', '', '', 'number', 7, '拉手单价', '', '0', 0, 0, 0, '9999', '0', 4, '', 'invisibilityUnitPrice', 5),
(40, 'area_diff', '面积差', '', '', 'number', 7, '面积差', '', '', 0, 0, 0, '9999999999', '0', 10, '', 'areaDiff', 6),
(41, 'sum_diff', '差额', '', '', 'number', 7, '差额', '', '', 0, 0, 0, '9999999999', '0', 10, '', 'sumDiff', 7),
(42, 'area', '面积', '', '', 'number', 10, '面积', '', '', 0, 0, 0, '9999999999', '0', 10, '', 'area', 1),
(43, 'area_diff', '差面', '', '', 'number', 10, '差面', '', '', 0, 0, 0, '9999999999', '0', 10, '', 'areaDiff', 2),
(44, 'sum_diff', '差额', '', '', 'number', 10, '差额', '', '', 0, 0, 0, '9999999999', '0', 10, '', 'sumDiff', 3),
(45, 'speci', '规格', '', '', 'text', 11, '规格', '', '', 0, 0, 0, '', '', 512, '', 'speci', 1),
(46, 'unit', '单位', '', '', 'text', 11, '单位', '', '', 0, 0, 0, '', '', 16, '', 'unit', 2),
(47, 'remark', '备注', '', '', 'text', 11, '备注', '', '', 0, 0, 0, '', '', 128, '', 'remark', 3),
(48, 'area', '面积', '', '', 'number', 9, '面积', '', '', 0, 0, 0, '9999999999', '1', 10, '', 'area', 1),
(49, 'area_diff', '差面', '', '', 'number', 9, '差面', '', '', 0, 0, 0, '9999999999', '1', 10, '', 'areaDiff', 2),
(50, 'sum_diff', '差额', '', '', 'number', 9, '差额', '', '', 0, 0, 0, '9999999999', '1', 10, '', 'sumDiff', 3),
(51, 'speci', '规格', '', '', 'text', 12, '规格', '', '', 0, 0, 0, '', '', 512, '', 'speci', 1),
(52, 'unit', '单位', '', '', 'text', 12, '单位', '', '', 0, 0, 0, '', '', 16, '', 'unit', 2),
(53, 'remark', '备注', '', '', 'text', 12, '备注', '', '', 0, 0, 0, '', '', 128, '', 'remark', 3),
(54, 'speci', '规格', '', '', 'text', 13, '规格', '', '', 0, 0, 0, '', '', 512, '', 'speci', 1),
(55, 'unit', '单位', '', '', 'text', 13, '单位', '', '', 0, 0, 0, '', '', 16, '', 'unit', 2),
(56, 'remark', '备注', '', '', 'text', 13, '备注', '', '', 0, 0, 0, '', '', 128, '', 'remark', 3),
(57, 'area', '面积', '', '', 'number', 8, '面积', '', '', 0, 0, 0, '9999999999', '1', 10, '', 'area', 1),
(58, 'area_diff', '差面', '', '', 'number', 8, '差面', '', '', 0, 0, 0, '9999999999', '1', 10, '', 'areaDiff', 2),
(59, 'sum_diff', '差额', '', '', 'number', 8, '差额', '', '', 0, 0, 0, '9999999999', '1', 10, '', 'sumDiff', 3);

-- --------------------------------------------------------

--
-- 表的结构 `j_page_search`
--

CREATE TABLE `j_page_search` (
  `ps_id` smallint(4) UNSIGNED NOT NULL COMMENT 'v',
  `ps_name` varchar(64) NOT NULL COMMENT '名称',
  `ps_label` varchar(64) DEFAULT NULL COMMENT 'Label',
  `ps_menu_id` smallint(4) UNSIGNED NOT NULL COMMENT '菜单',
  `ps_url` varchar(128) DEFAULT NULL COMMENT 'Url',
  `ps_form_type` char(32) DEFAULT NULL COMMENT '表单类型',
  `ps_type` varchar(32) DEFAULT NULL COMMENT '类型',
  `ps_classes` varchar(64) DEFAULT NULL COMMENT '样式',
  `ps_placeholder` varchar(64) DEFAULT NULL COMMENT '描述',
  `ps_dv` varchar(64) DEFAULT NULL COMMENT '默认值',
  `ps_max` varchar(32) DEFAULT NULL COMMENT '最大',
  `ps_min` varchar(32) DEFAULT NULL COMMENT '最小',
  `ps_maxlength` int(10) UNSIGNED NOT NULL DEFAULT '0' COMMENT '最长',
  `ps_pattern` varchar(128) DEFAULT NULL COMMENT '验证模式',
  `ps_ide` varchar(64) DEFAULT NULL COMMENT 'ID',
  `ps_readonly` tinyint(1) UNSIGNED NOT NULL DEFAULT '0',
  `ps_required` tinyint(1) UNSIGNED NOT NULL DEFAULT '0',
  `ps_multiple` tinyint(1) UNSIGNED NOT NULL DEFAULT '0'
) ENGINE=InnoDB DEFAULT CHARSET=utf8 COMMENT='页面搜索';

--
-- 转存表中的数据 `j_page_search`
--

INSERT INTO `j_page_search` (`ps_id`, `ps_name`, `ps_label`, `ps_menu_id`, `ps_url`, `ps_form_type`, `ps_type`, `ps_classes`, `ps_placeholder`, `ps_dv`, `ps_max`, `ps_min`, `ps_maxlength`, `ps_pattern`, `ps_ide`, `ps_readonly`, `ps_required`, `ps_multiple`) VALUES
(3, 'status', '状态', 12, '/workflow/workflow_order/read', 'select', 'hidden', '', '', '', '', '', 0, '', '', 0, 0, 1),
(4, 'start_create_date', '创建开始日期', 12, '', 'date', 'hidden', '', '创建订单开始日期', '', '', '', 0, '', 'startCreateDate', 0, 0, 0),
(5, 'end_create_date', '创建截至日期', 12, '', 'date', 'hidden', '', '创建订单截至日期', '', '', '', 0, '', 'endCreateDate', 0, 0, 0),
(6, 'keyword', 'Search', 12, '', 'search', 'search', NULL, NULL, NULL, NULL, NULL, 0, NULL, NULL, 0, 0, 0),
(7, 'keyword', '关键字搜索', 103, '', 'search', 'search', NULL, NULL, NULL, NULL, NULL, 0, NULL, NULL, 0, 0, 0),
(8, 'keyword', '关键字搜索', 105, '', 'search', 'search', NULL, NULL, NULL, NULL, NULL, 0, NULL, NULL, 0, 0, 0),
(9, 'keyword', '关键字搜索', 107, '', 'search', 'search', NULL, NULL, NULL, NULL, NULL, 0, NULL, NULL, 0, 0, 0),
(10, 'keyword', '关键字搜索', 108, '', 'search', 'search', NULL, NULL, NULL, NULL, NULL, 0, NULL, NULL, 0, 0, 0),
(11, 'keyword', '关键字', 109, '', 'search', 'search', '', '', '', '', '', 0, '', '', 0, 0, 0),
(12, 'keyword', '关键字', 101, '', 'search', 'search', '', '', '', '', '', 0, '', '', 0, 0, 0),
(13, 'keyword', '关键字', 123, '', 'search', 'search', '', '订单编号...', '', '', '', 64, '', '', 0, 0, 0),
(14, 'keyword', '关键字', 122, '', 'search', 'search', '', '订单编号...', '', '', '', 64, '', '', 0, 0, 0),
(16, 'keyword', '关键字', 120, '', 'search', 'search', '', '货架编号', '', '', '', 64, '', '', 0, 0, 0),
(17, 'keyword', '关键字', 121, '', 'search', 'search', '', '订单产品编号...', '', '', '', 64, '', '', 0, 0, 0),
(18, 'keyword', '关键字', 125, '', 'search', 'search', '', '编号', '', '', '', 64, '', '', 0, 0, 0),
(19, 'start_date', '发货开始日期', 125, '', 'date', 'hidden', '', '发货开始日期', '', '', '', 64, '', '', 0, 0, 0),
(20, 'end_date', '发货截止日期', 125, '', 'date', 'hidden', '', '发货截止日期', '', '', '', 64, '', '', 0, 0, 0),
(21, 'keyword', '关键字', 127, '', 'search', 'search', '', '订单编号', '', '', '', 64, '', '', 0, 0, 0),
(23, 'keyword', '关键字', 95, '', 'search', 'search', '', '关键字', '', '', '', 64, '', 'keyword', 0, 0, 0),
(24, 'status', '包含已出库', 121, '/data/boolean_type/read', 'select', 'hidden', '', '包含已出库', '0', '1', '0', 1, '', 'status', 0, 0, 0),
(25, 'status', '状态', 101, '/warehouse/warehouse_status/read', 'select', 'hidden', '', '状态', '1', '99', '1', 2, '', 'status', 0, 0, 0),
(26, 'keyword', '发货日期', 124, '', 'search', 'search', '', '关键字', '', '', '', 64, '', 'keyword', 0, 0, 0),
(27, 'status', '状态', 124, '/data/stock_outted_status/read', 'select', 'hidden', '', '状态', '1', '99', '1', 2, '', 'keyword', 0, 0, 0),
(28, 'keyword', '关键字', 145, '', 'search', 'search', '', '订单编号/经销商/业主', '', '', '', 64, '', 'keyword', 0, 0, 0),
(31, 'keyword', '关键字', 146, '', 'search', 'search', '', '关键字', '', '', '', 64, '', 'keyword', 0, 0, 0),
(32, 'status', '状态', 146, '/workflow/workflow_mrp/read', 'select', 'hidden', '', '状态', '1', '9999', '1', 4, '', 'status', 0, 0, 0),
(33, 'distribution', '分配', 146, '/manage/user/electronic_saw', 'select', 'hidden', '', '分配', '', '9999999999', '1', 10, '', 'distribution', 0, 0, 0),
(34, 'keyword', '关键字', 148, '', 'search', 'search', '', '关键字', '', '', '', 64, '', 'keyword', 0, 0, 0),
(35, 'keyword', '关键字', 87, '', 'search', 'search', '', '关键字', '', '', '', 64, '', 'keyword', 0, 0, 0),
(36, 'distribution', '分配', 87, '/manage/user/electronic_saw', 'select', 'hidden', '', '分配', '', '9999999999', '1', 10, '', 'distribution', 0, 0, 0),
(39, 'start_date', '开始下料日期', 87, '', 'date', 'hidden', '', '开始下料日期', '', '', '', 64, '', 'startShearDate', 0, 0, 0),
(40, 'end_date', '截止下料日期', 87, '', 'date', 'hidden', '', '截止下料日期', '', '', '', 64, '', 'endShearDate', 0, 0, 0),
(41, 'status', '状态', 87, '/workflow/workflow_mrp/electronic_saw', 'select', 'hidden', '', '状态', '3', '9999', '-9999', 4, '', 'status', 0, 1, 0),
(42, 'order_type', '订单类型', 145, '/data/order_type/read', 'select', 'hidden', '', '订单类型', 'X', '', '', 1, '', 'orderType', 0, 1, 0),
(43, 'keyword', '关键字', 149, '', 'search', 'search', '', '关键字', '', '', '', 64, '', 'keyword', 0, 0, 0),
(44, 'keyword', '关键字', 62, '', 'search', 'search', '', '关键字', '', '', '', 64, '', 'keyword', 0, 0, 0),
(45, 'order_type', '订单类型', 62, '/data/order_type/read', 'select', 'hidden', '', '订单类型', 'X', '', '', 2, '', 'orderType', 0, 1, 0),
(52, 'keyword', '关键字', 150, '', 'search', 'search', '', '关键字', '', '', '', 64, '', 'keyword', 0, 0, 0),
(53, 'warn_date', '预警天数', 145, '', 'number', 'hidden', '', '预警天数', '5', '9999', '1', 4, '', 'warnDate', 0, 1, 0),
(54, 'start_date', '开始日期', 62, '', 'date', 'hidden', '', '开始日期', '', '', '', 64, '', 'startDate', 0, 0, 0),
(55, 'lack', '差板数', 62, '', 'number', 'hidden', '', '差板数', '5', '9999', '1', 4, '', 'lack', 0, 1, 0),
(56, 'keyword', '关键字', 89, '', 'search', 'search', '', '关键字', '', '', '', 64, '', 'keyword', 0, 0, 0),
(57, 'edge', '封边人', 89, '/manage/user/edger', 'select', 'hidden', '', '封边人', '', '9999999999', '1', 10, '', 'edge', 0, 0, 0),
(58, 'start_date', '已封边开始日期', 89, '', 'date', 'hidden', '', '已封边开始日期', '', '', '', 0, '', 'startDate', 0, 0, 0),
(59, 'end_date', '已封边截止日期', 89, '', 'date', 'hidden', '', '已封边截止日期', '', '', '', 64, '', 'endDate', 0, 0, 0),
(60, 'status', '状态', 89, '/workflow/workflow_procedure/edge', 'select', 'hidden', '', '状态', '10', '9999', '-9999', 4, '', 'status', 0, 1, 0),
(61, 'keyword', '关键字', 90, '', 'search', 'search', '', '关键字', '', '', '', 64, '', 'keyword', 0, 0, 0),
(62, 'puncher', '打孔人', 90, '/manage/user/puncher', 'select', 'hidden', '', '打孔人', '', '9999999999', '1', 10, '', 'puncher', 0, 0, 0),
(63, 'start_date', '打孔结束开始日期', 90, '', 'date', 'hidden', '', '打孔结束开始日期', '', '', '', 64, '', 'startDate', 0, 0, 0),
(64, 'end_date', '打孔结束截止日期', 90, '', 'date', 'hidden', '', '打孔结束截止日期', '', '', '', 64, '', 'endDate', 0, 0, 0),
(65, 'status', '状态', 90, '/workflow/workflow_order_product_board/punch', 'select', 'hidden', '', '状态', '5', '9999', '-9999', 4, '', 'status', 0, 1, 0),
(66, 'keyword', '关键字', 154, '', 'search', 'search', '', '关键字', '', '', '', 64, '', 'keyword', 0, 0, 0),
(67, 'scan', '扫描人', 154, '/manage/user/sscanner', 'select', 'hidden', '', '扫描人', '', '9999999999', '1', 10, '', 'sscanner', 0, 0, 0),
(68, 'start_date', '已扫描开始日期', 154, '', 'date', 'hidden', '', '已扫描开始日期', '', '', '', 64, '', 'startDate', 0, 0, 0),
(69, 'end_date', '已扫描截止日期', 154, '', 'date', 'hidden', '', '已扫描截止日期', '', '', '', 64, '', 'endDate', 0, 0, 0),
(70, 'status', '状态', 154, '/workflow/workflow_procedure/scan', 'select', 'hidden', '', '状态', '16', '9999', '-9999', 4, '', 'status', 0, 1, 0),
(71, 'keyword', '关键字', 155, '', 'search', 'search', '', '关键字', '', '', '', 64, '', 'keyword', 0, 0, 0),
(72, 'pack', '打包人', 155, '/manage/user/ppacker', 'select', 'hidden', '', '打包人', '', '9999999999', '1', 10, '', 'pack', 0, 0, 0),
(73, 'start_date', '已打包开始日期', 155, '', 'date', 'hidden', '', '已打包开始日期', '', '', '', 64, '', 'startDate', 0, 0, 0),
(74, 'end_date', '已打包截止日期', 155, '', 'date', 'hidden', '', '已打包截止日期', '', '', '', 64, '', 'endDate', 0, 0, 0),
(75, 'status', '状态', 155, '/workflow/workflow_procedure/pack', 'select', 'hidden', '', '状态', '21', '9999', '-9999', 4, '', 'status', 0, 1, 0),
(76, 'keyword', '关键字', 132, '', 'search', 'search', '', '关键字', '', '', '', 64, '', 'keyword', 0, 0, 0),
(77, 'keyword', '关键字', 133, '', 'search', 'search', '', '关键字', '', '', '', 64, '', 'keyword', 0, 0, 0),
(78, 'keyword', '关键字', 134, '', 'search', 'search', '', '关键字', '', '', '', 64, '', 'keyword', 0, 0, 0),
(79, 'keyword', '关键字', 135, '', 'search', 'search', '', '关键字', '', '', '', 64, '', 'keyword', 0, 0, 0),
(80, 'keyword', '关键字', 136, '', 'search', 'search', '', '关键字', '', '', '', 64, '', 'keyword', 0, 0, 0),
(81, 'keyword', '关键字', 139, '', 'search', 'search', '', '关键字', '', '', '', 64, '', 'keyword', 0, 0, 0),
(82, 'keyword', '关键字', 137, '', 'search', 'search', '', '关键字', '', '', '', 64, '', 'keyword', 0, 0, 0),
(83, 'keyword', '关键字', 131, '', 'search', 'search', '', '关键字', '', '', '', 64, '', 'keyword', 0, 0, 0),
(84, 'start_date', '开始日期', 122, '', 'date', 'hidden', '', '默认显示15天以内等待入库的订单', '', '64', '', 0, '', 'startDate', 0, 0, 0),
(85, 'keyword', '关键字', 81, '', 'search', 'search', '', '订单编号', '', '', '', 64, '', 'keyword', 0, 0, 0),
(86, 'start_date', '开始日期', 81, '', 'date', 'hidden', '', '开始日期', '', '', '', 64, '', 'startDate', 0, 0, 0),
(87, 'end_date', '截止日期', 81, '', 'date', 'hidden', '', '截止日期', '', '', '', 64, '', 'endDate', 0, 0, 0),
(88, 'status', '状态', 81, '/workflow/workflow_order_product_board/produce_door', 'select', 'hidden', '', '状态', '', '9999', '-9999', 4, '', 'status', 0, 0, 0),
(89, 'keyword', '关键字', 82, '', 'search', 'search', '', '订单编号', '', '', '', 64, '', 'keyword', 0, 0, 0),
(90, 'start_date', '开始日期', 82, '', 'date', 'hidden', '', '开始日期', '', '', '', 64, '', 'startDate', 0, 0, 0),
(91, 'end_date', '截止日期', 82, '', 'date', 'hidden', '', '截止日期', '', '', '', 64, '', 'endDate', 0, 0, 0),
(92, 'status', '状态', 82, '/workflow/workflow_order_product_board/produce_wood', 'select', 'hidden', '', '状态', '', '9999', '-9999', 4, '', 'status', 0, 0, 0),
(93, 'keyword', '关键字', 14, '', 'search', 'search', '', '经销商名称', '', '64', '', 0, '', 'keyword', 0, 0, 0),
(94, 'status', '状态', 14, '/data/dealer_status/read', 'select', 'hidden', '', '状态', '1', '99', '0', 99, '', 'status', 0, 0, 0),
(95, 'owner', '销售经理', 14, '/manage/user/owner', 'select', 'hidden', '', '销售经理', '', '9999999999', '1', 10, '', 'owner', 0, 0, 0),
(96, 'public', '公共池', 14, '', 'hidden', 'hidden', '', '公共池', '1', '1', '0', 1, '', 'public', 0, 1, 0),
(97, 'keyword', '关键字', 16, '', 'search', 'search', '', '关键字', '', '', '', 64, '', 'keyword', 0, 0, 0),
(98, 'keyword', '关键字', 164, '', 'search', 'search', '', '关键字', '', '', '', 64, '', 'keyword', 0, 0, 0),
(99, 'keyword', '关键字', 165, '', 'search', 'search', '', '关键字', '', '', '', 64, '', 'keyword', 0, 0, 0),
(100, 'keyword', '关键字', 166, '', 'search', 'search', '', '关键字', '', '', '', 64, '', 'keyword', 0, 0, 0),
(101, 'keyword', '关键字', 167, '', 'search', 'search', '', '关键字', '', '', '', 64, '', 'keyword', 0, 0, 0),
(102, 'keyword', '关键字', 168, '', 'search', 'search', '', '关键字', '', '', '', 64, '', 'keyword', 0, 0, 0),
(103, 'keyword', '关键字', 169, '', 'search', 'search', '', '关键字', '', '', '', 64, '', 'keyword', 0, 0, 0),
(104, 'keyword', '关键字', 15, '', 'search', 'search', '', '关键字', '', '', '', 64, '', 'keyword', 0, 0, 0),
(105, 'status', '状态', 15, '/data/dealer_status/read', 'select', 'hidden', '', '状态', '1', '99', '0', 2, '', 'status', 0, 1, 0),
(106, 'public', 'public', 15, '', 'hidden', 'hidden', '', 'public', '0', '1', '0', 1, '', 'public', 0, 1, 0),
(107, 'keyword', '关键字', 23, '', 'search', 'search', '', '关键字', '', '64', '', 0, '', 'keyword', 0, 0, 0),
(108, 'keyword', '关键字', 24, '', 'search', 'search', '', '关键字', '', '64', '', 0, '', 'keyword', 0, 0, 0),
(109, 'keyword', '关键字', 36, '', 'search', 'search', '', '关键字', '', '', '', 64, '', 'keyword', 0, 0, 0),
(110, 'keyword', '关键字', 39, '', 'search', 'search', '', '关键字', '', '', '', 64, '', 'keyword', 0, 0, 0),
(111, 'status', '在售', 39, '/data/boolean_type/read', 'select', 'hidden', '', '在售', '1', '1', '0', 1, '', 'status', 0, 1, 0),
(112, 'keyword', '关键字', 177, '', 'search', 'search', '', '关键字', '', '64', '', 0, '', 'keyword', 0, 0, 0),
(113, 'keyword', '关键字', 38, '', 'search', 'search', '', '关键字', '', '', '', 64, '', 'keyword', 0, 0, 0),
(114, 'keyword', '关键字', 180, '', 'search', 'search', '', '关键字', '', '', '', 64, '', 'keyword', 0, 0, 0),
(115, 'keyword', '关键字', 179, '', 'search', 'search', '', '关键字', '', '', '', 64, '', 'keyword', 0, 0, 0),
(116, 'product_id', '产品分类', 179, '/product/product/read', 'auto-complete', 'hidden', '', '产品分类', '', '9999999999', '1', 10, '', 'productId', 0, 0, 0),
(117, 'supplier_id', '供应商', 179, '/supplier/supplier/read', 'select', 'hidden', '', '供应商', '', '9999', '1', 4, '', 'supplierId', 0, 0, 0),
(118, 'status', '在售', 179, '/data/boolean_type/read', 'select', 'hidden', '', '在售', '1', '1', '0', 1, '', 'status', 0, 1, 0),
(119, 'keyword', '关键字', 181, '', 'search', 'search', '', '关键字', '', '', '', 64, '', 'keyword', 0, 0, 0),
(120, 'product_id', '产品分类', 181, '/product/product/read', 'auto-complete', 'hidden', '', '产品分类', '', '9999999999', '1', 10, '', 'productId', 0, 0, 0),
(121, 'supplier_id', '供应商', 181, '/supplier/supplier/read', 'select', 'hidden', '', '供应商', '', '9999', '1', 4, '', 'supplierId', 0, 0, 0),
(122, 'status', '在售', 181, '/data/boolean_type/read', 'select', 'hidden', '', '在售', '1', '1', '0', 1, '', 'status', 0, 1, 0),
(123, 'keyword', '关键字', 182, '', 'search', 'search', '', '关键字', '', '', '', 64, '', 'keyword', 0, 0, 0),
(124, 'product_id', '产品分类', 182, '/product/product/read', 'auto-complete', 'hidden', '', '产品分类', '', '9999999999', '1', 10, '', 'productId', 0, 0, 0),
(125, 'supplier_id', '供应商', 182, '/supplier/supplier/read', 'select', 'hidden', '', '供应商', '', '9999', '1', 4, '', 'supplierId', 0, 0, 0),
(126, 'keyword', '关键字', 163, '', 'search', 'search', '', '关键字', '', '', '', 64, '', 'keyword', 0, 0, 0),
(127, 'type', '配置类型', 163, '/data/configs_type/read', 'select', 'hidden', '', '配置类型', '', '', '', 32, '', 'type', 0, 0, 0),
(128, 'all', '所有', 12, '/data/boolean_type/read', 'select', 'hidden', '', '所有', '0', '1', '0', 1, '', 'all', 0, 1, 0),
(129, 'keyword', '关键字', 21, '', 'search', 'search', '', '关键字', '', '', '', 64, '', 'keyword', 0, 0, 0),
(130, 'keyword', '关键字', 183, '', 'search', 'search', '', '关键字', '', '', '', 64, '', 'keyword', 0, 0, 0),
(131, 'status', '有效', 183, '/data/boolean_type/read', 'select', 'hidden', '', '有效', '1', '1', '0', 1, '', 'status', 0, 1, 0),
(132, 'keyword', '关键字', 184, '', 'search', 'search', '', '订单编号，客户', '', '64', '', 0, '', 'keyword', 0, 0, 0),
(133, 'keyword', '关键字', 185, '', 'search', 'search', '', '订单编号', '', '', '', 64, '', 'keyword', 0, 0, 0),
(134, 'keyword', '关键字', 186, '', 'search', 'search', '', '关键字', '', '', '', 64, '', 'keyword', 0, 0, 0),
(135, 'keyword', '关键字', 187, '', 'search', 'search', '', '关键字', '', '', '', 64, '', 'keyword', 0, 0, 0),
(136, 'keyword', '关键字', 188, '', 'search', 'search', '', '关键字', '', '', '', 64, '', 'keyword', 0, 0, 0),
(137, 'keyword', '关键字', 189, '', 'search', 'search', '', '关键字', '', '', '', 64, '', 'keyword', 0, 0, 0),
(138, 'keyword', '关键字', 190, '', 'search', 'search', '', '关键字', '', '', '', 64, '', 'keyword', 0, 0, 0),
(139, 'production_line', '生产线', 190, '/data/production_line/read', 'select', 'hidden', '', '生产线', '', '9999', '-9999', 4, '', 'productionLine', 0, 0, 0),
(140, 'keyword', '关键字', 70, '', 'search', 'search', '', '关键字', '', '', '', 64, '', 'keyword', 0, 0, 0),
(141, 'finance_activity_type', '类型', 70, '/data/finance_activity_type/read', 'select', 'hidden', '', '类型', '', '', '', 16, '', 'financeActivityType', 0, 0, 0),
(142, 'keyword', '关键字', 191, '', 'search', 'search', '', '关键字', '', '', '', 64, '', 'keyword', 0, 0, 0),
(143, 'keyword', '关键字', 140, '', 'search', 'search', '', '关键字', '', '', '', 64, '', 'keyword', 0, 0, 0),
(144, 'keyword', '关键字', 43, '', 'search', 'search', '', '关键字', '', '', '', 64, '', 'keyword', 0, 0, 0),
(145, 'keyword', '关键字', 141, '', 'search', 'search', '', '关键字', '', '', '', 64, '', 'keyword', 0, 0, 0),
(146, 'keyword', '关键字', 44, '', 'search', 'search', '', '编号/客户/业主', '', '', '', 64, '', 'keyword', 0, 0, 0),
(147, 'product_id', '产品类型', 44, '/product/product/read?undelete=1', 'select', 'hidden', '', '产品类型', '', '9999999999', '1', 10, '', 'productId', 0, 0, 0),
(148, 'status', '拆单状态', 44, '/workflow/workflow_order_product/read', 'select', 'hidden', '', '拆单状态', '', '9999', '-9999', 9999, '', 'status', 0, 0, 0),
(149, 'all', '所有', 44, '/data/boolean_type/read', 'select', 'hidden', '', '所有', '1', '1', '0', 1, '', 'all', 0, 1, 0),
(150, 'keyword', '关键字', 46, '', 'search', 'search', '', '关键字', '', '', '', 64, '', 'keyword', 0, 0, 0),
(151, 'all', '所有', 46, '/data/boolean_type/read', 'select', 'hidden', '', '所有', '0', '', '', 1, '', 'all', 0, 1, 0),
(152, 'keyword', '关键字', 47, '', 'search', 'search', '', '订单编号/客户/业主', '', '', '', 64, '', 'keyword', 0, 0, 0),
(154, 'keyword', '关键字', 69, '', 'search', 'search', '', '关键字', '', '', '', 64, '', 'keyword', 0, 0, 0),
(155, 'all', '所有', 69, '/data/boolean_type/read', 'select', 'hidden', '', '所有', '0', '1', '0', 1, '', 'all', 0, 1, 0),
(156, 'keyword', '关键字', 86, '', 'search', 'search', '', '关键字', '', '', '', 64, '', 'keyword', 0, 0, 0),
(157, 'keyword', '关键字', 197, '', 'search', 'search', '', '关键字', '', '', '', 64, '', 'keyword', 0, 0, 0),
(158, 'keyword', '关键字', 198, '', 'search', 'search', '', '订单编号/客户/业主', '', '', '', 64, '', 'keyword', 0, 0, 0),
(159, 'all', '所有', 198, '/data/boolean_type/read', 'select', 'hidden', '', '所有', '0', '1', '0', 1, '', 'all', 1, 0, 0),
(160, 'keyword', '关键字', 49, '', 'search', 'search', '', '编号/客户', '', '', '', 64, '', 'keyword', 0, 0, 0),
(161, 'status', '状态', 49, '/data/application_status/read', 'select', 'hidden', '', '状态', '1', '2', '0', 1, '', 'status', 0, 1, 1),
(162, 'keyword', '关键字', 199, '', 'search', 'search', '', '关键字', '', '', '', 64, '', 'keyword', 0, 0, 0),
(163, 'keyword', '关键字', 54, '', 'search', 'search', '', '关键字', '', '', '', 64, '', 'keyword', 0, 0, 0),
(164, 'keyword', '关键字', 202, '', 'search', 'search', '', '关键字', '', '', '', 64, '', 'keyword', 0, 0, 0),
(165, 'keyword', '关键字', 204, '', 'search', 'search', '', '关键字', '', '', '', 64, '', 'keyword', 0, 0, 0),
(166, 'keyword', '关键字', 206, '', 'search', 'search', '', '关键字', '', '', '', 64, '', 'keyword', 0, 0, 0),
(167, 'keyword', '关键字', 208, '', 'search', 'search', '', '关键字', '', '', '', 64, '', 'keyword', 0, 0, 0),
(168, 'keyword', '关键字', 210, '', 'search', 'search', '', '关键字', '', '', '', 64, '', 'keyword', 0, 0, 0),
(169, 'keyword', '关键字', 57, '', 'search', 'search', '', '关键字', '', '', '', 64, '', 'keyword', 0, 0, 0),
(170, 'status', '已优化', 57, '/data/boolean_type/read', 'select', 'hidden', '', '已优化', '0', '1', '0', 0, '', 'status', 0, 1, 1),
(171, 'product_id', '产品', 57, '/product/product/read?undelete=1&optimize=1', 'select', 'hidden', '', '产品', '1', '9999999999', '1', 10, '', 'productId', 0, 1, 1),
(172, 'keyword', '关键字', 58, '', 'search', 'search', '', '编号/客户/备注', '', '', '', 64, '', 'keyword', 0, 0, 0),
(173, 'status', '已打印', 58, '/data/boolean_type/read', 'select', 'hidden', '', '已打印', '0', '1', '0', 1, '', 'status', 0, 1, 0),
(174, 'keyword', '关键字', 211, '', 'search', 'search', '', '关键字', '', '', '', 0, '', 'keyword', 0, 0, 0),
(175, 'status', '已打印', 211, '/data/boolean_type/read', 'select', 'hidden', '', '已打印', '0', '1', '0', 1, '', 'status', 0, 1, 0),
(176, 'keyword', '关键字', 94, '', 'search', 'search', '', '关键字', '', '', '', 64, '', 'keyword', 0, 0, 0),
(177, 'qrcode', '板块编号', 60, '', 'search', 'search', '', '板块编号', '', '', '', 64, '', 'qrcode', 0, 0, 0),
(178, 'thick', '厚板', 60, '/data/boolean_type/read', 'select', 'hidden', '', '厚板', '', '1', '0', 1, '', 'thick', 0, 0, 0),
(179, 'keyword', '关键字', 63, '', 'search', 'search', '', '关键字', '', '', '', 64, '', 'keyword', 0, 0, 0),
(180, 'keyword', '关键字', 212, '', 'search', 'search', '', '关键字', '', '', '', 64, '', 'keyword', 0, 0, 0);

-- --------------------------------------------------------

--
-- 表的结构 `j_page_type`
--

CREATE TABLE `j_page_type` (
  `pt_name` varchar(32) NOT NULL COMMENT '名称',
  `pt_label` varchar(16) DEFAULT NULL COMMENT 'Label'
) ENGINE=InnoDB DEFAULT CHARSET=utf8 COMMENT='页面类型';

--
-- 转存表中的数据 `j_page_type`
--

INSERT INTO `j_page_type` (`pt_name`, `pt_label`) VALUES
('dl', 'DL列表'),
('form', '表单'),
('h1', '计数'),
('image', '图片'),
('list', '列表'),
('page', '单独页面'),
('table', '表格'),
('ul', 'UL列表');

-- --------------------------------------------------------

--
-- 表的结构 `j_payterms`
--

CREATE TABLE `j_payterms` (
  `p_name` varchar(64) NOT NULL COMMENT 'v',
  `p_remark` varchar(128) DEFAULT NULL COMMENT '备注'
) ENGINE=InnoDB DEFAULT CHARSET=utf8 COMMENT='支付条款';

--
-- 转存表中的数据 `j_payterms`
--

INSERT INTO `j_payterms` (`p_name`, `p_remark`) VALUES
('宽松发货', '打款金额和订单金额差在一定范围内的可以宽松发货'),
('宽松生产', '打款金额和订单金额差在一定范围内的可以宽松生产'),
('常规付款', '首付+尾款');

-- --------------------------------------------------------

--
-- 表的结构 `j_pay_status`
--

CREATE TABLE `j_pay_status` (
  `ps_name` tinyint(2) NOT NULL COMMENT 'v',
  `ps_label` varchar(16) NOT NULL COMMENT 'Label'
) ENGINE=InnoDB DEFAULT CHARSET=utf8 COMMENT='支付状态';

--
-- 转存表中的数据 `j_pay_status`
--

INSERT INTO `j_pay_status` (`ps_name`, `ps_label`) VALUES
(0, '未支付'),
(1, '已支付'),
(2, '部分支付');

-- --------------------------------------------------------

--
-- 表的结构 `j_pick_scan`
--

CREATE TABLE `j_pick_scan` (
  `ps_id` int(10) UNSIGNED NOT NULL COMMENT 'v',
  `ps_qrcode` varchar(64) NOT NULL COMMENT '扫描码',
  `ps_stock_outted_id` int(10) UNSIGNED NOT NULL COMMENT '拣货单V',
  `ps_order_product_num` varchar(64) NOT NULL COMMENT '订单产品编号',
  `ps_pack` smallint(4) UNSIGNED NOT NULL COMMENT '包装件数',
  `ps_num` smallint(4) UNSIGNED NOT NULL COMMENT '包装编号',
  `ps_classify` varchar(16) NOT NULL COMMENT '包装类别',
  `ps_creator` int(10) UNSIGNED NOT NULL COMMENT '创建人',
  `ps_create_datetime` datetime NOT NULL COMMENT '创建时间'
) ENGINE=InnoDB DEFAULT CHARSET=utf8 COMMENT='拣货扫描';

--
-- 转存表中的数据 `j_pick_scan`
--

INSERT INTO `j_pick_scan` (`ps_id`, `ps_qrcode`, `ps_stock_outted_id`, `ps_order_product_num`, `ps_pack`, `ps_num`, `ps_classify`, `ps_creator`, `ps_create_datetime`) VALUES
(11, 'X2016050004-Y1-3-1-thick', 607, 'X2016050004-Y1', 3, 1, 'thick', 1, '2018-06-11 07:44:01'),
(12, 'X2016050004-Y1-3-2-thick', 607, 'X2016050004-Y1', 3, 2, 'thick', 1, '2018-06-11 07:44:01'),
(13, 'X2016050004-Y1-3-3-thick', 607, 'X2016050004-Y1', 3, 3, 'thick', 1, '2018-06-11 07:44:01'),
(14, 'X2016050004-Y1-1-1-thin', 607, 'X2016050004-Y1', 1, 1, 'thin', 1, '2018-06-11 07:44:01'),
(15, 'X2016050004-Y2-2-1-thick', 607, 'X2016050004-Y2', 2, 1, 'thick', 1, '2018-06-11 07:44:01'),
(16, 'X2016050004-Y2-2-2-thick', 607, 'X2016050004-Y2', 2, 2, 'thick', 1, '2018-06-11 07:44:01'),
(17, 'X2016050004-Y2-1-1-thin', 607, 'X2016050004-Y2', 1, 1, 'thin', 1, '2018-06-11 07:44:01'),
(18, 'X2016050004-Y3-3-3-thick', 607, 'X2016050004-Y3', 3, 3, 'thick', 1, '2018-06-11 07:44:01');

-- --------------------------------------------------------

--
-- 表的结构 `j_plate`
--

CREATE TABLE `j_plate` (
  `p_name` varchar(64) NOT NULL COMMENT '板块'
) ENGINE=InnoDB DEFAULT CHARSET=utf8 COMMENT='板块名称';

--
-- 转存表中的数据 `j_plate`
--

INSERT INTO `j_plate` (`p_name`) VALUES
('中立板'),
('主机托底板'),
('主机托挡板'),
('主机托立板'),
('侧封板'),
('侧封板L型'),
('侧板（圆）'),
('前后脚线'),
('前拉条'),
('前撑'),
('前板'),
('前脚条'),
('加固板'),
('加固板L型'),
('右抽侧'),
('右板'),
('吊柜背拉条'),
('后拉条'),
('后撑'),
('后板'),
('后档条'),
('后脚线'),
('固定层板'),
('圆弧脚线'),
('圆弧顶线'),
('垫侧'),
('垫条'),
('垫板'),
('定位条'),
('定位板'),
('封板'),
('左抽侧'),
('左板'),
('底板'),
('抽前'),
('抽后'),
('抽屉侧板'),
('抽屉封板'),
('抽屉挡板'),
('抽屉面板'),
('抽底拉条'),
('抽面'),
('挡板'),
('收口板'),
('斜脚线'),
('斜顶线'),
('普通抽屉'),
('格子交叉'),
('格子抽侧板'),
('格子抽挡板'),
('格子抽面板'),
('格架'),
('格架（圆）'),
('横格'),
('活动层板'),
('电脑桌'),
('硬背'),
('立板'),
('竖-格架(圆)'),
('竖格'),
('竖脚条'),
('竖脚线'),
('背拉条'),
('背板'),
('脚条'),
('脚线'),
('裤侧'),
('裤侧（圆）'),
('裤后'),
('裤架'),
('裤架-圆'),
('裤架侧板'),
('裤架挡板'),
('裤架面板'),
('踢脚线'),
('铰链条'),
('键盘抽底板'),
('键盘抽抽侧'),
('键盘抽抽面'),
('键盘抽拉后'),
('键盘抽拉条'),
('键盘抽立板'),
('键盘抽面'),
('门板开孔'),
('顶底板'),
('顶板'),
('顶线'),
('顶线L型');

-- --------------------------------------------------------

--
-- 表的结构 `j_position`
--

CREATE TABLE `j_position` (
  `p_name` varchar(64) NOT NULL COMMENT 'v',
  `p_undelete` tinyint(1) NOT NULL DEFAULT '0' COMMENT '不可删'
) ENGINE=InnoDB DEFAULT CHARSET=utf8 COMMENT='经销商联系人职位';

--
-- 转存表中的数据 `j_position`
--

INSERT INTO `j_position` (`p_name`, `p_undelete`) VALUES
('老板', 1),
('设计师', 1),
('财务', 1);

-- --------------------------------------------------------

--
-- 表的结构 `j_print_task`
--

CREATE TABLE `j_print_task` (
  `pt_id` int(10) UNSIGNED NOT NULL COMMENT 'v',
  `pt_file` varchar(64) NOT NULL COMMENT '执行文件',
  `pt_source_id` int(10) NOT NULL COMMENT '源ID',
  `pt_status` tinyint(1) UNSIGNED NOT NULL DEFAULT '0' COMMENT '状态',
  `pt_creator` int(10) NOT NULL COMMENT '创建人',
  `pt_create_datetime` datetime NOT NULL COMMENT '创建日期'
) ENGINE=InnoDB DEFAULT CHARSET=utf8 COMMENT='打印任务';

--
-- 转存表中的数据 `j_print_task`
--

INSERT INTO `j_print_task` (`pt_id`, `pt_file`, `pt_source_id`, `pt_status`, `pt_creator`, `pt_create_datetime`) VALUES
(1, 'pick_sheet', 609, 1, 1, '2018-06-28 17:32:26'),
(2, 'pick_sheet', 609, 1, 26, '2018-06-28 18:29:15'),
(3, 'pick_sheet', 606, 1, 1, '2018-07-03 16:47:48'),
(4, 'pick_sheet', 609, 1, 1, '2018-07-03 16:48:38'),
(5, 'pick_sheet', 606, 1, 1, '2018-07-03 17:31:44');

-- --------------------------------------------------------

--
-- 表的结构 `j_priviledge`
--

CREATE TABLE `j_priviledge` (
  `p_id` int(10) UNSIGNED NOT NULL COMMENT 'v',
  `p_type` varchar(64) NOT NULL COMMENT '类型',
  `p_source_id` mediumint(6) UNSIGNED NOT NULL COMMENT '员ID'
) ENGINE=InnoDB DEFAULT CHARSET=utf8 COMMENT='权限列表';

--
-- 转存表中的数据 `j_priviledge`
--

INSERT INTO `j_priviledge` (`p_id`, `p_type`, `p_source_id`) VALUES
(1, 'menu', 1),
(2, 'menu', 2),
(3, 'menu', 3),
(4, 'menu', 4),
(5, 'menu', 5),
(8, 'menu', 8),
(9, 'operation', 1),
(10, 'operation', 2),
(11, 'operation', 3),
(12, 'operation', 4),
(13, 'operation', 5),
(14, 'menu', 9),
(15, 'menu', 10),
(16, 'menu', 11),
(17, 'menu', 12),
(18, 'menu', 13),
(19, 'menu', 14),
(20, 'menu', 15),
(21, 'menu', 16),
(22, 'menu', 17),
(23, 'menu', 18),
(24, 'menu', 19),
(25, 'menu', 20),
(26, 'menu', 21),
(27, 'menu', 22),
(28, 'menu', 23),
(29, 'menu', 24),
(30, 'menu', 25),
(31, 'menu', 26),
(32, 'menu', 27),
(33, 'menu', 28),
(34, 'menu', 29),
(35, 'menu', 30),
(36, 'menu', 31),
(37, 'menu', 32),
(38, 'menu', 33),
(39, 'menu', 34),
(40, 'menu', 35),
(41, 'menu', 36),
(42, 'menu', 37),
(43, 'menu', 38),
(44, 'menu', 39),
(45, 'menu', 40),
(46, 'menu', 41),
(47, 'menu', 42),
(48, 'menu', 43),
(49, 'menu', 44),
(50, 'menu', 45),
(51, 'menu', 46),
(52, 'menu', 47),
(53, 'menu', 48),
(54, 'menu', 49),
(55, 'menu', 50),
(56, 'menu', 51),
(57, 'menu', 52),
(58, 'menu', 53),
(59, 'menu', 54),
(60, 'menu', 55),
(61, 'menu', 56),
(62, 'menu', 57),
(63, 'menu', 58),
(64, 'menu', 59),
(65, 'menu', 60),
(66, 'menu', 61),
(67, 'menu', 62),
(68, 'menu', 63),
(69, 'menu', 64),
(70, 'menu', 65),
(71, 'menu', 66),
(72, 'menu', 67),
(73, 'menu', 68),
(74, 'menu', 69),
(75, 'menu', 70),
(76, 'operation', 6),
(77, 'operation', 7),
(78, 'operation', 8),
(79, 'operation', 9),
(80, 'operation', 10),
(81, 'operation', 11),
(82, 'operation', 12),
(83, 'operation', 13),
(84, 'operation', 14),
(85, 'operation', 15),
(86, 'operation', 16),
(87, 'operation', 17),
(88, 'operation', 18),
(89, 'operation', 19),
(90, 'operation', 20),
(91, 'operation', 21),
(92, 'operation', 22),
(93, 'operation', 23),
(94, 'operation', 24),
(95, 'operation', 25),
(96, 'operation', 26),
(97, 'operation', 27),
(98, 'operation', 28),
(99, 'operation', 29),
(100, 'operation', 30),
(101, 'operation', 31),
(102, 'operation', 32),
(103, 'operation', 33),
(104, 'operation', 34),
(105, 'operation', 35),
(106, 'operation', 36),
(107, 'operation', 37),
(108, 'operation', 38),
(109, 'operation', 39),
(110, 'operation', 40),
(111, 'menu', 71),
(112, 'menu', 72),
(113, 'menu', 73),
(114, 'menu', 74),
(115, 'menu', 75),
(116, 'menu', 76),
(117, 'menu', 77),
(118, 'menu', 78),
(119, 'menu', 79),
(120, 'menu', 80),
(121, 'menu', 81),
(122, 'menu', 82),
(123, 'menu', 83),
(124, 'menu', 84),
(125, 'menu', 85),
(126, 'menu', 86),
(127, 'menu', 87),
(128, 'menu', 88),
(129, 'menu', 89),
(130, 'menu', 90),
(131, 'menu', 91),
(132, 'menu', 92),
(133, 'menu', 93),
(134, 'menu', 94),
(135, 'menu', 95),
(136, 'menu', 96),
(137, 'menu', 97),
(138, 'menu', 98),
(139, 'menu', 99),
(140, 'menu', 100),
(141, 'menu', 101);

-- --------------------------------------------------------

--
-- 表的结构 `j_procedure`
--

CREATE TABLE `j_procedure` (
  `p_id` smallint(4) UNSIGNED NOT NULL COMMENT 'v',
  `p_label` varchar(32) NOT NULL COMMENT 'Label'
) ENGINE=InnoDB DEFAULT CHARSET=utf8 COMMENT='工序';

--
-- 转存表中的数据 `j_procedure`
--

INSERT INTO `j_procedure` (`p_id`, `p_label`) VALUES
(1, '优化'),
(2, '打印清单'),
(3, '排产'),
(4, '电子锯'),
(5, '推台锯'),
(6, '雕刻机'),
(7, '封边'),
(8, '打孔'),
(9, '160打孔'),
(10, '220打孔'),
(11, '230打孔'),
(12, '手工排钻'),
(13, '扫描'),
(14, '厚板扫描'),
(15, '薄板扫描'),
(16, '打包'),
(17, '薄板打包'),
(18, '厚板打包');

-- --------------------------------------------------------

--
-- 表的结构 `j_procedure_workflow`
--

CREATE TABLE `j_procedure_workflow` (
  `pw_id` int(10) UNSIGNED NOT NULL COMMENT 'v',
  `pw_procedure` smallint(4) UNSIGNED NOT NULL COMMENT '工序',
  `pw_workflow_procedure_id` smallint(4) NOT NULL COMMENT '工序工作流',
  `pw_init` tinyint(1) UNSIGNED NOT NULL DEFAULT '0' COMMENT '初始状态'
) ENGINE=InnoDB DEFAULT CHARSET=utf8 COMMENT='工序工作流';

--
-- 转存表中的数据 `j_procedure_workflow`
--

INSERT INTO `j_procedure_workflow` (`pw_id`, `pw_procedure`, `pw_workflow_procedure_id`, `pw_init`) VALUES
(1, 1, 2, 1),
(2, 2, 3, 1),
(3, 3, 4, 1),
(4, 3, 5, 0),
(5, 3, 6, 0),
(6, 4, 7, 1),
(7, 4, 8, 0),
(8, 4, 9, 0),
(9, 7, 10, 1),
(10, 7, 11, 0),
(11, 7, 12, 0),
(12, 13, 16, 1),
(13, 13, 17, 0),
(14, 13, 18, 0),
(15, 14, 16, 1),
(16, 14, 17, 0),
(17, 14, 18, 0),
(18, 15, 16, 1),
(19, 15, 17, 0),
(20, 15, 18, 0),
(21, 16, 19, 1),
(22, 16, 20, 0),
(23, 16, 21, 0),
(24, 17, 19, 1),
(25, 17, 20, 0),
(26, 17, 21, 0),
(27, 18, 19, 1),
(28, 18, 20, 0),
(29, 18, 21, 0);

-- --------------------------------------------------------

--
-- 表的结构 `j_product`
--

CREATE TABLE `j_product` (
  `p_id` int(10) UNSIGNED NOT NULL COMMENT 'v',
  `p_name` varchar(64) NOT NULL COMMENT '名称',
  `p_parent` int(10) UNSIGNED NOT NULL DEFAULT '0' COMMENT '父类',
  `p_parents` varchar(512) DEFAULT NULL COMMENT '父类树',
  `p_class` smallint(2) UNSIGNED NOT NULL DEFAULT '0' COMMENT '等级',
  `p_code` char(4) NOT NULL COMMENT '代号',
  `p_production_line` smallint(4) UNSIGNED NOT NULL DEFAULT '0' COMMENT '生产线',
  `p_remark` varchar(128) DEFAULT NULL COMMENT '备注',
  `p_delete` tinyint(1) NOT NULL DEFAULT '1' COMMENT '可删'
) ENGINE=InnoDB DEFAULT CHARSET=utf8 COMMENT='产品';

--
-- 转存表中的数据 `j_product`
--

INSERT INTO `j_product` (`p_id`, `p_name`, `p_parent`, `p_parents`, `p_class`, `p_code`, `p_production_line`, `p_remark`, `p_delete`) VALUES
(1, '橱柜', 0, NULL, 0, 'W', 40, '不可删除', 0),
(2, '衣柜', 0, NULL, 0, 'Y', 40, '不可删除', 0),
(3, '门板', 0, NULL, 0, 'M', 40, '不可删除', 0),
(4, '木框门', 0, NULL, 0, 'K', 42, '不可删除', 0),
(5, '配件', 0, NULL, 0, 'P', 38, '不可删除', 0),
(6, '外购', 0, NULL, 0, 'G', 38, '不可删除', 0),
(7, '服务', 0, NULL, 0, 'F', 0, '不可删除', 0),
(8, '基本配件', 5, NULL, 1, 'P', 0, '', 1),
(9, '铰链滑轨', 5, NULL, 1, 'P', 0, '', 1),
(10, '衣柜配件', 5, NULL, 1, 'P', 0, '', 1),
(11, '三合一', 5, NULL, 1, 'P', 0, '', 1),
(12, '移门', 6, NULL, 1, 'G', 0, '', 1),
(13, '异形加工', 7, NULL, 1, 'F', 0, '', 1),
(14, '其它服务', 7, NULL, 1, 'F', 0, '', 1),
(15, '二合一', 5, NULL, 1, 'P', 0, '', 1),
(16, '包覆门', 6, NULL, 1, 'G', 0, '', 1),
(17, '脚线支撑', 5, NULL, 1, 'P', 0, '', 1),
(18, '拉手', 5, NULL, 1, 'P', 0, '', 1),
(20, '玻璃门', 5, NULL, 1, 'P', 0, '', 1),
(21, 'DTC配件', 5, NULL, 1, 'P', 0, '', 1),
(22, '柜体配件', 5, NULL, 1, 'P', 0, '', 1),
(23, '滑道铰链', 5, NULL, 1, 'P', 0, '', 1),
(24, '莱茵水槽', 5, NULL, 1, 'P', 0, 'dfasdf', 1),
(25, '水槽配件', 5, NULL, 1, 'P', 0, '', 1),
(26, '康耐尔方钢拉篮', 5, NULL, 1, 'P', 0, '', 1),
(27, '微波炉架子', 5, NULL, 1, 'P', 0, '', 1),
(28, '单色石英石', 5, NULL, 1, 'P', 0, '', 1),
(29, '双色石英石', 5, NULL, 1, 'P', 0, '', 1),
(30, '台面垫条', 5, NULL, 1, 'P', 0, '', 1),
(31, '石英石台面边形', 5, NULL, 1, 'P', 0, '', 1),
(32, '腰线', 5, NULL, 1, 'P', 0, '', 1),
(34, '其它', 6, NULL, 1, 'G', 0, '', 1);

-- --------------------------------------------------------

--
-- 表的结构 `j_production_line`
--

CREATE TABLE `j_production_line` (
  `pl_id` smallint(4) UNSIGNED NOT NULL COMMENT '生产线',
  `pl_label` varchar(32) NOT NULL COMMENT 'Label',
  `pl_num` varchar(64) DEFAULT NULL COMMENT '生产线编号'
) ENGINE=InnoDB DEFAULT CHARSET=utf8 COMMENT='生产线';

--
-- 转存表中的数据 `j_production_line`
--

INSERT INTO `j_production_line` (`pl_id`, `pl_label`, `pl_num`) VALUES
(1, '电子锯厚板160', 'E-D-1-H-H'),
(2, '电子锯厚板220', 'E-D-2-H-H'),
(3, '电子锯厚板230', 'E-D-3-H-H'),
(4, '电子锯厚板手排', 'E-D-4-H-H'),
(5, '电子锯厚板合排', 'E-D-5-H-H'),
(6, '电子锯薄板', 'E-B-B'),
(7, '电子锯合包160', 'E-D-1-O-O'),
(8, '电子锯合包220', 'E-D-2-O-O'),
(9, '电子锯合包230', 'E-D-3-O-O'),
(10, '电子锯合包手排', 'E-D-4-O-O'),
(11, '电子锯合包合排', 'E-D-5-O-O'),
(12, '推台锯厚板160', 'T-D-1-H-H'),
(13, '推台锯厚板220', 'T-D-2-H-H'),
(14, '推台锯厚板230', 'T-D-3-H-H'),
(15, '推台锯厚板手排', 'T-D-4-H-H'),
(16, '推台锯厚板合排', 'T-D-5-H-H'),
(17, '推台锯薄板', 'T-B-B'),
(18, '推台合包160', 'T-D-1-O-O'),
(19, '推台合包220', 'T-D-2-O-O'),
(20, '推台合包230', 'T-D-3-O-O'),
(21, '推台合包手排', 'T-D-4-O-O'),
(22, '推台合包合排', 'T-D-5-O-O'),
(23, '电子锯厚板扫描', 'E-D-H-H'),
(24, '电子锯合包扫描', 'E-D-O-O'),
(25, '电子锯厚板不扫描', 'E-D-H'),
(26, '电子锯薄板不扫描', 'E-B'),
(27, '电子锯合包不扫描', 'E-D-O'),
(29, '推台锯厚板扫描', 'T-D-H-H'),
(30, '推台锯合包扫描', 'T-D-O-O'),
(31, '推台锯厚板不扫描', 'T-D-H'),
(32, '推台锯薄板不扫描', 'T-B'),
(33, '推台锯合包不扫描', 'T-D-O'),
(34, '电子锯厚板打包', 'E-H'),
(35, '电子锯合包', 'E-O'),
(36, '推台锯厚板打包', 'T-H'),
(37, '推台锯合包', 'T-O'),
(38, '打包', 'O'),
(39, '封边厚板扫描', 'D-H-H'),
(40, '封边合包扫描', 'D-O-O'),
(41, '封边厚板不扫描', 'D-H'),
(42, '封边合包不扫描', 'D-O'),
(43, '打印电子锯厚板160', 'P-E-D-1-H-H'),
(44, '打印电子锯厚板220', 'P-E-D-2-H-H'),
(45, '打印电子锯厚板230', 'P-E-D-3-H-H'),
(46, '打印电子锯厚板手排', 'P-E-D-4-H-H'),
(47, '打印电子锯厚板合排', 'P-E-D-5-H-H'),
(48, '打印电子锯合包160', 'P-E-D-1-O-O'),
(49, '打印电子锯合包220', 'P-E-D-2-O-O'),
(50, '打印电子锯合包230', 'P-E-D-3-O-O'),
(51, '打印电子锯合包手排', 'P-E-D-4-O-O'),
(52, '打印电子锯合包合排', 'P-E-D-5-O-O'),
(53, '打印电子锯厚板扫描', 'P-E-D-H-H'),
(54, '打印电子锯合包扫描', 'P-E-D-O-O'),
(55, '打印电子锯厚板不扫描', 'P-E-D-H'),
(56, '打印电子锯合包不扫描', 'P-E-D-O'),
(57, '打印电子锯厚板打包', 'P-E-H'),
(58, '打印电子锯合包', 'P-E-O');

-- --------------------------------------------------------

--
-- 表的结构 `j_production_line_procedure`
--

CREATE TABLE `j_production_line_procedure` (
  `plp_id` int(10) UNSIGNED NOT NULL COMMENT 'v',
  `plp_production_line` smallint(4) UNSIGNED NOT NULL COMMENT '生产线',
  `plp_procedure` smallint(4) UNSIGNED NOT NULL COMMENT '工序',
  `plp_displayorder` smallint(4) UNSIGNED NOT NULL COMMENT '执行顺序'
) ENGINE=InnoDB DEFAULT CHARSET=utf8 COMMENT='生产线工序';

--
-- 转存表中的数据 `j_production_line_procedure`
--

INSERT INTO `j_production_line_procedure` (`plp_id`, `plp_production_line`, `plp_procedure`, `plp_displayorder`) VALUES
(1, 2, 4, 3),
(2, 2, 7, 4),
(3, 2, 10, 5),
(4, 2, 14, 6),
(5, 2, 18, 7),
(6, 1, 4, 4),
(7, 1, 7, 5),
(8, 1, 9, 6),
(9, 1, 14, 7),
(10, 1, 18, 8),
(11, 3, 4, 4),
(12, 3, 7, 5),
(13, 3, 11, 6),
(14, 3, 18, 8),
(15, 3, 14, 7),
(16, 6, 4, 3),
(17, 6, 15, 4),
(18, 6, 17, 5),
(19, 2, 1, 1),
(20, 2, 3, 2),
(21, 1, 1, 1),
(22, 1, 2, 2),
(23, 1, 3, 3),
(24, 3, 1, 1),
(25, 3, 2, 2),
(26, 3, 3, 3),
(31, 4, 1, 1),
(32, 4, 4, 3),
(33, 4, 7, 4),
(35, 4, 14, 6),
(36, 4, 18, 7),
(37, 4, 12, 5),
(38, 5, 1, 1),
(39, 5, 4, 3),
(40, 5, 7, 4),
(41, 5, 8, 5),
(42, 5, 14, 6),
(43, 5, 18, 7),
(44, 7, 1, 1),
(45, 7, 4, 3),
(46, 7, 7, 4),
(47, 7, 9, 5),
(48, 7, 13, 6),
(49, 7, 16, 7),
(50, 8, 1, 1),
(51, 8, 4, 3),
(52, 8, 7, 4),
(53, 8, 10, 5),
(54, 8, 13, 6),
(55, 8, 16, 7),
(56, 9, 1, 1),
(57, 9, 4, 3),
(58, 9, 7, 4),
(59, 9, 11, 5),
(60, 9, 13, 6),
(61, 9, 16, 7),
(62, 10, 1, 1),
(63, 10, 3, 2),
(64, 10, 4, 3),
(65, 10, 7, 4),
(66, 10, 12, 5),
(67, 10, 13, 6),
(68, 10, 16, 7),
(69, 4, 3, 2),
(70, 5, 3, 2),
(71, 6, 3, 2),
(72, 7, 3, 2),
(73, 8, 3, 2),
(74, 9, 3, 2),
(75, 11, 1, 1),
(76, 11, 3, 2),
(77, 11, 4, 3),
(78, 11, 8, 5),
(79, 11, 13, 6),
(80, 11, 16, 7),
(81, 11, 7, 4),
(82, 12, 2, 1),
(83, 12, 5, 2),
(84, 12, 7, 3),
(85, 12, 9, 4),
(86, 12, 14, 5),
(87, 12, 18, 6),
(88, 13, 2, 1),
(89, 13, 5, 2),
(90, 13, 7, 3),
(91, 13, 10, 4),
(92, 13, 14, 5),
(93, 13, 18, 6),
(94, 14, 2, 1),
(95, 14, 5, 2),
(96, 14, 7, 3),
(97, 14, 11, 4),
(98, 14, 14, 5),
(99, 14, 18, 6),
(100, 15, 2, 1),
(101, 15, 5, 2),
(102, 15, 7, 3),
(103, 15, 12, 4),
(104, 15, 14, 5),
(105, 15, 18, 6),
(106, 17, 2, 1),
(107, 17, 5, 2),
(108, 17, 15, 3),
(109, 17, 17, 4),
(110, 20, 2, 1),
(111, 20, 5, 2),
(112, 20, 7, 3),
(113, 20, 11, 4),
(114, 20, 13, 5),
(115, 20, 16, 6),
(116, 21, 2, 1),
(117, 21, 5, 2),
(118, 21, 12, 4),
(119, 21, 7, 3),
(120, 21, 13, 5),
(121, 21, 16, 6),
(122, 22, 2, 1),
(123, 22, 5, 2),
(124, 22, 7, 3),
(125, 22, 8, 4),
(126, 22, 13, 5),
(127, 22, 16, 6),
(128, 23, 1, 1),
(129, 23, 3, 2),
(130, 23, 4, 3),
(131, 23, 7, 4),
(132, 23, 14, 5),
(133, 23, 18, 6),
(134, 24, 1, 1),
(136, 24, 3, 2),
(137, 24, 4, 3),
(138, 24, 13, 4),
(139, 24, 16, 5),
(140, 25, 1, 1),
(141, 25, 3, 2),
(142, 25, 4, 3),
(143, 25, 7, 4),
(144, 25, 18, 5),
(145, 26, 1, 1),
(146, 26, 3, 2),
(147, 26, 4, 3),
(148, 26, 17, 4),
(149, 27, 1, 1),
(150, 27, 3, 2),
(151, 27, 7, 3),
(152, 27, 16, 4),
(153, 29, 2, 1),
(154, 29, 5, 2),
(155, 29, 7, 3),
(158, 29, 14, 4),
(159, 29, 18, 5),
(160, 30, 2, 1),
(161, 30, 5, 2),
(162, 30, 7, 3),
(163, 30, 13, 4),
(164, 30, 16, 5),
(165, 31, 2, 1),
(166, 31, 5, 2),
(167, 31, 7, 3),
(168, 31, 18, 4),
(169, 32, 2, 1),
(170, 32, 5, 2),
(171, 32, 17, 3),
(172, 33, 2, 1),
(173, 33, 5, 2),
(174, 33, 7, 3),
(175, 33, 16, 4),
(177, 34, 1, 1),
(178, 34, 3, 2),
(179, 34, 4, 3),
(180, 34, 18, 4),
(181, 35, 1, 1),
(182, 35, 3, 2),
(183, 35, 4, 3),
(184, 35, 16, 4),
(185, 36, 2, 1),
(186, 36, 5, 2),
(187, 36, 18, 3),
(188, 37, 2, 1),
(189, 37, 5, 2),
(190, 37, 16, 3),
(191, 38, 2, 1),
(192, 38, 16, 2),
(193, 39, 2, 1),
(194, 39, 7, 2),
(195, 39, 14, 3),
(196, 39, 18, 4),
(197, 40, 2, 1),
(198, 40, 7, 2),
(199, 40, 13, 3),
(200, 40, 16, 4),
(201, 41, 2, 1),
(202, 41, 7, 2),
(203, 41, 18, 3),
(204, 42, 2, 1),
(205, 42, 7, 2),
(206, 42, 16, 3),
(207, 53, 1, 1),
(208, 53, 2, 2),
(209, 53, 3, 3),
(210, 53, 4, 4),
(211, 53, 7, 5),
(212, 53, 14, 6),
(213, 53, 18, 7),
(214, 6, 1, 1);

-- --------------------------------------------------------

--
-- 表的结构 `j_punch`
--

CREATE TABLE `j_punch` (
  `wp_name` varchar(64) NOT NULL COMMENT '名称'
) ENGINE=InnoDB DEFAULT CHARSET=utf8 COMMENT='打孔分类';

--
-- 转存表中的数据 `j_punch`
--

INSERT INTO `j_punch` (`wp_name`) VALUES
('A'),
('B'),
('C');

-- --------------------------------------------------------

--
-- 表的结构 `j_remark_list`
--

CREATE TABLE `j_remark_list` (
  `rl_id` int(10) UNSIGNED NOT NULL COMMENT 'v',
  `rl_order_id` int(10) UNSIGNED NOT NULL COMMENT '订单V'
) ENGINE=InnoDB DEFAULT CHARSET=utf8 COMMENT='备忘单';

--
-- 转存表中的数据 `j_remark_list`
--

INSERT INTO `j_remark_list` (`rl_id`, `rl_order_id`) VALUES
(1, 27);

-- --------------------------------------------------------

--
-- 表的结构 `j_role`
--

CREATE TABLE `j_role` (
  `r_id` smallint(4) UNSIGNED NOT NULL COMMENT 'v',
  `r_name` varchar(64) NOT NULL COMMENT '名称',
  `r_creator` smallint(4) UNSIGNED NOT NULL COMMENT '创建人',
  `r_create_datetime` datetime NOT NULL COMMENT '创建日期'
) ENGINE=InnoDB DEFAULT CHARSET=utf8 COMMENT='用户角色';

--
-- 转存表中的数据 `j_role`
--

INSERT INTO `j_role` (`r_id`, `r_name`, `r_creator`, `r_create_datetime`) VALUES
(1, '超级管理员', 1, '2018-02-12 00:00:00'),
(2, '客服管理员', 1, '2018-02-13 05:55:43'),
(3, '成品库管理员', 1, '2018-06-03 08:46:28'),
(4, '成品库操作员', 1, '2018-06-04 08:37:24'),
(8, '优化员', 1, '2018-06-06 21:03:59'),
(9, '生产管理员', 1, '2018-06-19 23:19:33'),
(10, '电子锯', 1, '2018-06-19 23:19:45'),
(11, '封边', 1, '2018-06-23 09:17:43'),
(12, '打孔', 1, '2018-06-23 18:09:13'),
(13, '扫描', 1, '2018-06-23 18:09:19'),
(14, '打包', 1, '2018-06-23 18:09:26');

-- --------------------------------------------------------

--
-- 表的结构 `j_role_card`
--

CREATE TABLE `j_role_card` (
  `rc_id` int(10) UNSIGNED NOT NULL COMMENT 'v',
  `rc_role_id` smallint(4) UNSIGNED NOT NULL COMMENT '角色',
  `rc_card_id` smallint(4) UNSIGNED NOT NULL COMMENT '卡片',
  `rc_creator` smallint(4) UNSIGNED NOT NULL COMMENT '创建人',
  `rc_create_datetime` datetime NOT NULL COMMENT '创建日期'
) ENGINE=InnoDB DEFAULT CHARSET=utf8 COMMENT='角色卡片';

--
-- 转存表中的数据 `j_role_card`
--

INSERT INTO `j_role_card` (`rc_id`, `rc_role_id`, `rc_card_id`, `rc_creator`, `rc_create_datetime`) VALUES
(1, 1, 1, 1, '2018-02-14 02:24:12'),
(2, 1, 2, 1, '2018-04-04 00:26:42'),
(3, 1, 3, 1, '2018-04-04 02:11:32'),
(4, 1, 4, 1, '2018-04-04 04:15:55'),
(5, 1, 5, 1, '2018-04-04 05:22:05'),
(6, 1, 6, 1, '2018-04-04 23:39:56'),
(7, 1, 7, 1, '2018-04-05 00:11:31'),
(8, 1, 8, 1, '2018-05-14 17:05:10'),
(9, 1, 9, 1, '2018-05-14 17:23:30'),
(10, 1, 10, 1, '2018-05-14 17:24:52'),
(11, 1, 11, 1, '2018-05-14 17:26:19'),
(12, 1, 12, 1, '2018-05-14 17:30:14'),
(13, 1, 13, 1, '2018-05-14 17:31:23'),
(14, 1, 14, 1, '2018-05-14 17:32:40'),
(15, 1, 15, 1, '2018-05-14 17:33:56'),
(16, 1, 16, 1, '2018-06-02 10:06:39'),
(18, 1, 18, 1, '2018-06-02 10:54:57'),
(19, 1, 19, 1, '2018-06-02 11:19:22'),
(20, 1, 20, 1, '2018-06-02 14:07:27'),
(21, 1, 21, 1, '2018-06-02 14:45:26'),
(22, 1, 22, 1, '2018-06-02 15:09:35'),
(23, 1, 23, 1, '2018-06-02 15:23:21'),
(24, 1, 24, 1, '2018-06-02 15:50:31'),
(25, 1, 25, 1, '2018-06-02 16:20:09'),
(36, 1, 26, 1, '2018-06-03 19:58:40'),
(48, 4, 16, 1, '2018-06-04 08:44:49'),
(49, 4, 19, 1, '2018-06-04 08:44:49'),
(50, 4, 20, 1, '2018-06-04 08:44:49'),
(51, 4, 21, 1, '2018-06-04 08:44:49'),
(52, 4, 22, 1, '2018-06-04 08:44:49'),
(53, 4, 23, 1, '2018-06-04 08:44:49'),
(54, 4, 24, 1, '2018-06-04 08:44:49'),
(55, 4, 25, 1, '2018-06-04 08:44:49'),
(57, 4, 18, 1, '2018-06-04 08:44:49'),
(58, 1, 27, 1, '2018-06-04 14:43:56'),
(59, 1, 28, 1, '2018-06-04 15:28:02'),
(60, 1, 29, 1, '2018-06-04 16:24:52'),
(61, 1, 30, 1, '2018-06-04 17:05:48'),
(62, 1, 31, 1, '2018-06-04 17:28:46'),
(63, 1, 32, 1, '2018-06-04 17:44:25'),
(64, 1, 33, 1, '2018-06-04 17:51:17'),
(65, 1, 34, 1, '2018-06-04 19:12:56'),
(66, 1, 35, 1, '2018-06-04 19:23:18'),
(67, 1, 36, 1, '2018-06-04 19:38:14'),
(69, 1, 37, 1, '2018-06-06 08:05:45'),
(70, 1, 38, 1, '2018-06-06 08:27:23'),
(71, 1, 39, 1, '2018-06-06 14:41:42'),
(73, 1, 41, 1, '2018-06-06 16:57:30'),
(84, 3, 16, 1, '2018-06-06 08:42:38'),
(85, 3, 19, 1, '2018-06-06 08:42:38'),
(86, 3, 20, 1, '2018-06-06 08:42:38'),
(87, 3, 21, 1, '2018-06-06 08:42:38'),
(88, 3, 22, 1, '2018-06-06 08:42:38'),
(89, 3, 23, 1, '2018-06-06 08:42:38'),
(90, 3, 24, 1, '2018-06-06 08:42:38'),
(91, 3, 25, 1, '2018-06-06 08:42:38'),
(93, 3, 18, 1, '2018-06-06 08:42:38'),
(94, 3, 26, 1, '2018-06-06 08:42:38'),
(95, 1, 42, 1, '2018-06-06 09:27:21'),
(96, 1, 43, 1, '2018-06-07 09:07:16'),
(98, 1, 45, 1, '2018-06-15 08:53:46'),
(99, 1, 46, 1, '2018-06-19 20:44:50'),
(100, 1, 47, 1, '2018-06-19 21:06:13'),
(101, 1, 48, 1, '2018-06-19 22:56:09'),
(102, 1, 49, 1, '2018-06-20 03:58:42'),
(103, 1, 50, 1, '2018-06-20 08:04:38'),
(104, 1, 51, 1, '2018-06-20 08:36:38'),
(105, 1, 52, 1, '2018-06-20 08:50:06'),
(107, 1, 54, 1, '2018-06-22 19:25:49'),
(108, 1, 55, 1, '2018-06-22 20:30:29'),
(109, 1, 56, 1, '2018-06-22 20:57:50'),
(110, 1, 57, 1, '2018-06-22 21:05:54'),
(111, 1, 58, 1, '2018-06-22 21:18:19'),
(112, 11, 55, 1, '2018-06-23 14:20:38'),
(113, 11, 43, 1, '2018-06-23 14:20:38'),
(114, 12, 56, 1, '2018-06-23 18:23:54'),
(115, 12, 43, 1, '2018-06-23 18:23:54'),
(116, 13, 57, 1, '2018-06-23 18:28:54'),
(117, 13, 26, 1, '2018-06-23 18:28:54'),
(118, 13, 43, 1, '2018-06-23 18:28:54'),
(121, 14, 58, 1, '2018-06-26 08:31:00'),
(122, 14, 43, 1, '2018-06-26 08:31:00'),
(123, 1, 59, 1, '2018-06-26 17:46:35'),
(124, 1, 60, 1, '2018-06-26 20:20:13'),
(125, 1, 61, 1, '2018-06-26 20:35:01'),
(126, 1, 62, 1, '2018-06-26 20:37:27'),
(127, 1, 63, 1, '2018-06-26 20:39:27'),
(128, 1, 64, 1, '2018-06-27 10:28:31'),
(129, 1, 65, 1, '2018-06-27 20:02:57'),
(130, 10, 49, 1, '2018-06-28 10:17:33'),
(131, 10, 59, 1, '2018-06-28 10:17:33'),
(132, 10, 43, 1, '2018-06-28 10:17:33'),
(133, 1, 66, 1, '2018-07-03 11:13:17'),
(134, 1, 67, 1, '2018-07-03 15:19:37'),
(135, 1, 68, 1, '2018-07-13 19:30:40'),
(159, 1, 69, 1, '2018-07-17 19:12:31'),
(160, 1, 70, 1, '2018-07-18 14:05:38'),
(161, 1, 71, 1, '2018-07-18 16:51:17'),
(162, 1, 72, 1, '2018-07-18 18:26:11'),
(163, 1, 73, 1, '2018-07-18 20:05:26'),
(164, 1, 74, 1, '2018-07-18 20:50:18'),
(165, 1, 75, 1, '2018-07-19 14:26:47'),
(166, 1, 76, 1, '2018-07-19 15:58:12'),
(167, 1, 77, 1, '2018-07-19 17:21:54'),
(168, 1, 78, 1, '2018-07-28 09:40:02'),
(169, 1, 79, 1, '2018-07-28 09:48:44'),
(170, 1, 80, 1, '2018-07-29 10:41:41'),
(171, 1, 81, 1, '2018-07-29 11:01:39'),
(172, 1, 82, 1, '2018-07-29 11:11:36'),
(173, 1, 83, 1, '2018-07-29 16:53:36'),
(174, 1, 84, 1, '2018-07-29 17:20:50'),
(176, 1, 86, 1, '2018-07-29 18:12:51'),
(177, 1, 87, 1, '2018-07-29 19:12:35'),
(178, 1, 88, 1, '2018-07-30 09:07:37'),
(179, 1, 89, 1, '2018-07-30 09:18:58'),
(180, 1, 90, 1, '2018-07-30 09:31:27'),
(181, 1, 91, 1, '2018-07-30 09:38:37'),
(182, 1, 92, 1, '2018-07-30 09:46:48'),
(183, 1, 93, 1, '2018-07-30 14:33:06'),
(184, 1, 94, 1, '2018-07-30 18:24:48'),
(185, 1, 95, 1, '2018-07-30 19:36:51'),
(186, 1, 96, 1, '2018-07-30 19:52:17'),
(187, 1, 97, 1, '2018-07-30 20:42:12'),
(188, 1, 98, 1, '2018-07-31 10:37:07'),
(189, 1, 99, 1, '2018-08-01 14:16:17'),
(190, 1, 100, 1, '2018-08-01 15:35:55'),
(191, 1, 101, 1, '2018-08-02 20:27:26'),
(192, 1, 102, 1, '2018-08-03 09:21:02'),
(193, 1, 103, 1, '2018-08-03 10:03:05'),
(194, 1, 104, 1, '2018-08-03 10:48:28'),
(195, 1, 105, 1, '2018-08-03 14:14:29'),
(196, 1, 106, 1, '2018-08-03 16:07:14'),
(197, 1, 107, 1, '2018-08-03 19:46:08'),
(198, 1, 108, 1, '2018-08-03 20:54:19'),
(199, 1, 109, 1, '2018-08-03 21:14:46'),
(200, 1, 110, 1, '2018-08-04 09:35:11'),
(201, 1, 111, 1, '2018-08-04 16:56:20'),
(202, 1, 112, 1, '2018-08-07 09:15:20'),
(203, 1, 113, 1, '2018-08-07 14:59:17'),
(204, 1, 114, 1, '2018-08-07 16:45:03'),
(205, 1, 115, 1, '2018-08-07 16:45:48'),
(209, 1, 119, 1, '2018-08-07 17:05:02'),
(210, 1, 120, 1, '2018-08-07 17:05:35'),
(211, 1, 121, 1, '2018-08-07 17:05:58'),
(212, 1, 122, 1, '2018-08-12 17:35:07'),
(213, 1, 123, 1, '2018-08-12 17:35:30'),
(214, 1, 124, 1, '2018-08-12 17:35:47'),
(215, 1, 125, 1, '2018-08-13 17:23:33'),
(216, 1, 126, 1, '2018-08-13 21:35:38'),
(217, 1, 127, 1, '2018-08-14 16:57:45'),
(218, 1, 128, 1, '2018-08-15 08:37:15'),
(219, 1, 129, 1, '2018-08-15 19:13:33'),
(220, 1, 130, 1, '2018-08-16 16:24:08'),
(221, 1, 131, 1, '2018-08-16 17:19:10'),
(222, 1, 132, 1, '2018-08-17 09:47:01'),
(223, 9, 46, 1, '2018-08-18 11:00:39'),
(224, 9, 130, 1, '2018-08-18 11:00:39'),
(225, 9, 45, 1, '2018-08-18 11:00:39'),
(226, 9, 49, 1, '2018-08-18 11:00:39'),
(227, 9, 59, 1, '2018-08-18 11:00:39'),
(228, 9, 131, 1, '2018-08-18 11:00:39'),
(229, 9, 55, 1, '2018-08-18 11:00:39'),
(230, 9, 60, 1, '2018-08-18 11:00:39'),
(231, 9, 56, 1, '2018-08-18 11:00:39'),
(232, 9, 61, 1, '2018-08-18 11:00:39'),
(233, 9, 57, 1, '2018-08-18 11:00:39'),
(234, 9, 62, 1, '2018-08-18 11:00:39'),
(235, 9, 58, 1, '2018-08-18 11:00:39'),
(236, 9, 63, 1, '2018-08-18 11:00:39'),
(239, 9, 51, 1, '2018-08-18 11:00:39'),
(240, 9, 52, 1, '2018-08-18 11:00:39'),
(241, 9, 26, 1, '2018-08-18 11:00:39'),
(242, 9, 43, 1, '2018-08-18 11:00:39'),
(243, 9, 2, 1, '2018-08-18 11:00:39'),
(244, 9, 27, 1, '2018-08-18 11:00:39'),
(245, 1, 133, 1, '2018-08-18 17:31:19'),
(246, 1, 134, 1, '2018-08-20 09:36:49'),
(247, 1, 135, 1, '2018-08-20 10:39:07'),
(248, 1, 136, 1, '2018-08-20 11:05:08'),
(249, 1, 137, 1, '2018-08-20 11:30:17'),
(250, 1, 138, 1, '2018-08-20 14:18:52'),
(251, 1, 139, 1, '2018-08-20 14:20:15'),
(252, 1, 140, 1, '2018-08-20 17:33:38'),
(253, 1, 141, 1, '2018-08-20 18:06:02'),
(254, 1, 142, 1, '2018-08-20 18:12:21'),
(255, 1, 143, 1, '2018-08-20 19:39:25'),
(256, 1, 144, 1, '2018-08-20 20:07:46'),
(257, 1, 145, 1, '2018-08-20 20:08:15'),
(258, 1, 146, 1, '2018-08-20 21:26:11'),
(259, 1, 147, 1, '2018-08-20 21:32:56'),
(260, 1, 148, 1, '2018-08-20 21:33:23'),
(261, 1, 149, 1, '2018-08-20 21:37:13'),
(262, 1, 150, 1, '2018-08-20 21:42:21'),
(263, 1, 151, 1, '2018-08-20 21:43:01'),
(264, 1, 152, 1, '2018-08-21 15:28:13'),
(265, 1, 153, 1, '2018-08-21 15:38:16'),
(266, 1, 154, 1, '2018-08-22 17:10:01'),
(267, 1, 155, 1, '2018-08-22 20:05:08'),
(269, 1, 157, 1, '2018-08-23 19:17:41'),
(271, 1, 159, 1, '2018-08-25 09:09:38'),
(272, 1, 160, 1, '2018-08-26 11:41:03'),
(273, 1, 161, 1, '2018-08-26 16:33:58');

-- --------------------------------------------------------

--
-- 表的结构 `j_role_element`
--

CREATE TABLE `j_role_element` (
  `re_id` int(10) UNSIGNED NOT NULL COMMENT 'v',
  `re_role_id` smallint(4) UNSIGNED NOT NULL COMMENT '角色',
  `re_element_id` smallint(4) UNSIGNED NOT NULL COMMENT '元素',
  `re_creator` smallint(4) UNSIGNED NOT NULL COMMENT '创建人',
  `re_create_datetime` datetime NOT NULL COMMENT '创建日期'
) ENGINE=InnoDB DEFAULT CHARSET=utf8 COMMENT='角色元素';

--
-- 转存表中的数据 `j_role_element`
--

INSERT INTO `j_role_element` (`re_id`, `re_role_id`, `re_element_id`, `re_creator`, `re_create_datetime`) VALUES
(77, 1, 3, 1, '2018-04-07 03:18:52'),
(78, 1, 5, 1, '2018-04-07 03:18:52'),
(79, 1, 7, 1, '2018-04-07 03:18:52'),
(80, 1, 9, 1, '2018-04-07 03:18:52'),
(81, 1, 11, 1, '2018-04-07 03:18:52'),
(82, 1, 4, 1, '2018-04-07 03:18:52'),
(83, 1, 6, 1, '2018-04-07 03:18:52'),
(84, 1, 8, 1, '2018-04-07 03:18:52'),
(85, 1, 10, 1, '2018-04-07 03:18:52'),
(86, 1, 12, 1, '2018-04-07 03:18:52'),
(87, 1, 14, 1, '2018-04-07 03:18:52'),
(88, 1, 13, 1, '2018-04-07 03:18:52'),
(89, 1, 15, 1, '2018-04-07 03:18:52'),
(90, 1, 19, 1, '2018-04-07 03:18:52'),
(91, 1, 21, 1, '2018-04-07 03:18:52'),
(92, 1, 94, 1, '2018-04-07 03:18:52'),
(93, 1, 23, 1, '2018-04-07 03:18:52'),
(94, 1, 16, 1, '2018-04-07 03:18:52'),
(95, 1, 96, 1, '2018-04-07 03:18:52'),
(96, 1, 25, 1, '2018-04-07 03:18:52'),
(97, 1, 18, 1, '2018-04-07 03:18:52'),
(98, 1, 98, 1, '2018-04-07 03:18:52'),
(99, 1, 20, 1, '2018-04-07 03:18:52'),
(100, 1, 22, 1, '2018-04-07 03:18:52'),
(101, 1, 95, 1, '2018-04-07 03:18:52'),
(102, 1, 24, 1, '2018-04-07 03:18:52'),
(103, 1, 17, 1, '2018-04-07 03:18:52'),
(104, 1, 97, 1, '2018-04-07 03:18:52'),
(106, 1, 28, 1, '2018-04-07 03:18:52'),
(107, 1, 37, 1, '2018-04-07 03:18:52'),
(108, 1, 30, 1, '2018-04-07 03:18:52'),
(109, 1, 39, 1, '2018-04-07 03:18:52'),
(110, 1, 32, 1, '2018-04-07 03:18:52'),
(111, 1, 41, 1, '2018-04-07 03:18:52'),
(112, 1, 34, 1, '2018-04-07 03:18:52'),
(113, 1, 27, 1, '2018-04-07 03:18:52'),
(115, 1, 29, 1, '2018-04-07 03:18:52'),
(117, 1, 31, 1, '2018-04-07 03:18:52'),
(118, 1, 40, 1, '2018-04-07 03:18:52'),
(120, 1, 26, 1, '2018-04-07 03:18:52'),
(121, 1, 42, 1, '2018-04-07 03:18:52'),
(122, 1, 44, 1, '2018-04-07 03:18:52'),
(123, 1, 46, 1, '2018-04-07 03:18:52'),
(124, 1, 48, 1, '2018-04-07 03:18:52'),
(126, 1, 43, 1, '2018-04-07 03:18:52'),
(127, 1, 45, 1, '2018-04-07 03:18:52'),
(128, 1, 47, 1, '2018-04-07 03:18:52'),
(130, 1, 67, 1, '2018-04-07 03:18:52'),
(131, 1, 51, 1, '2018-04-07 03:18:52'),
(132, 1, 60, 1, '2018-04-07 03:18:52'),
(134, 1, 53, 1, '2018-04-07 03:18:52'),
(135, 1, 62, 1, '2018-04-07 03:18:52'),
(137, 1, 55, 1, '2018-04-07 03:18:52'),
(138, 1, 64, 1, '2018-04-07 03:18:52'),
(139, 1, 57, 1, '2018-04-07 03:18:52'),
(140, 1, 66, 1, '2018-04-07 03:18:52'),
(141, 1, 59, 1, '2018-04-07 03:18:52'),
(143, 1, 52, 1, '2018-04-07 03:18:52'),
(144, 1, 61, 1, '2018-04-07 03:18:52'),
(146, 1, 54, 1, '2018-04-07 03:18:52'),
(147, 1, 63, 1, '2018-04-07 03:18:52'),
(149, 1, 56, 1, '2018-04-07 03:18:52'),
(150, 1, 65, 1, '2018-04-07 03:18:52'),
(151, 1, 58, 1, '2018-04-07 03:18:52'),
(152, 1, 83, 1, '2018-04-07 03:18:52'),
(153, 1, 76, 1, '2018-04-07 03:18:52'),
(154, 1, 92, 1, '2018-04-07 03:18:52'),
(155, 1, 85, 1, '2018-04-07 03:18:52'),
(158, 1, 80, 1, '2018-04-07 03:18:52'),
(159, 1, 73, 1, '2018-04-07 03:18:52'),
(160, 1, 89, 1, '2018-04-07 03:18:52'),
(161, 1, 82, 1, '2018-04-07 03:18:52'),
(162, 1, 75, 1, '2018-04-07 03:18:52'),
(164, 1, 84, 1, '2018-04-07 03:18:52'),
(165, 1, 77, 1, '2018-04-07 03:18:52'),
(166, 1, 93, 1, '2018-04-07 03:18:52'),
(167, 1, 86, 1, '2018-04-07 03:18:52'),
(169, 1, 88, 1, '2018-04-07 03:18:52'),
(170, 1, 81, 1, '2018-04-07 03:18:52'),
(172, 1, 90, 1, '2018-04-07 03:18:52'),
(173, 1, 99, 1, '2018-05-14 17:06:03'),
(174, 1, 100, 1, '2018-05-14 17:06:22'),
(175, 1, 101, 1, '2018-05-14 17:24:01'),
(176, 1, 102, 1, '2018-05-14 17:24:13'),
(177, 1, 103, 1, '2018-05-14 17:25:09'),
(178, 1, 104, 1, '2018-05-14 17:25:20'),
(179, 1, 105, 1, '2018-05-14 17:26:33'),
(180, 1, 106, 1, '2018-05-14 17:26:44'),
(181, 1, 107, 1, '2018-05-14 17:30:27'),
(182, 1, 108, 1, '2018-05-14 17:30:36'),
(183, 1, 109, 1, '2018-05-14 17:31:32'),
(184, 1, 110, 1, '2018-05-14 17:31:41'),
(185, 1, 111, 1, '2018-05-14 17:32:49'),
(186, 1, 112, 1, '2018-05-14 17:33:02'),
(187, 1, 113, 1, '2018-05-14 17:34:06'),
(188, 1, 114, 1, '2018-05-14 17:34:14'),
(189, 1, 115, 1, '2018-06-02 10:09:25'),
(190, 1, 116, 1, '2018-06-02 10:10:25'),
(192, 1, 118, 1, '2018-06-02 10:11:18'),
(193, 1, 119, 1, '2018-06-02 10:11:31'),
(194, 1, 120, 1, '2018-06-02 10:12:51'),
(196, 1, 122, 1, '2018-06-02 10:51:36'),
(198, 1, 124, 1, '2018-06-02 10:55:20'),
(199, 1, 125, 1, '2018-06-02 10:55:37'),
(200, 1, 126, 1, '2018-06-02 10:56:27'),
(201, 1, 127, 1, '2018-06-02 10:56:42'),
(202, 1, 128, 1, '2018-06-02 10:57:39'),
(203, 1, 129, 1, '2018-06-02 11:12:30'),
(204, 1, 130, 1, '2018-06-02 11:20:42'),
(205, 1, 131, 1, '2018-06-02 11:21:04'),
(206, 1, 132, 1, '2018-06-02 11:21:27'),
(207, 1, 133, 1, '2018-06-02 11:21:56'),
(208, 1, 134, 1, '2018-06-02 11:22:11'),
(209, 1, 135, 1, '2018-06-02 11:23:42'),
(210, 1, 136, 1, '2018-06-02 11:24:08'),
(211, 1, 137, 1, '2018-06-02 14:08:56'),
(212, 1, 138, 1, '2018-06-02 14:09:35'),
(213, 1, 139, 1, '2018-06-02 14:10:38'),
(214, 1, 140, 1, '2018-06-02 14:12:03'),
(215, 1, 141, 1, '2018-06-02 14:46:09'),
(216, 1, 142, 1, '2018-06-02 14:46:28'),
(217, 1, 143, 1, '2018-06-02 14:47:01'),
(218, 1, 144, 1, '2018-06-02 14:47:23'),
(219, 1, 145, 1, '2018-06-02 14:48:05'),
(220, 1, 146, 1, '2018-06-02 15:09:44'),
(221, 1, 147, 1, '2018-06-02 15:10:01'),
(222, 1, 148, 1, '2018-06-02 15:10:39'),
(223, 1, 149, 1, '2018-06-02 15:10:53'),
(224, 1, 150, 1, '2018-06-02 15:11:27'),
(225, 1, 151, 1, '2018-06-02 15:12:27'),
(226, 1, 152, 1, '2018-06-02 15:13:06'),
(227, 1, 153, 1, '2018-06-02 15:13:40'),
(228, 1, 154, 1, '2018-06-02 15:13:56'),
(229, 1, 155, 1, '2018-06-02 15:24:56'),
(230, 1, 156, 1, '2018-06-02 15:25:16'),
(231, 1, 157, 1, '2018-06-02 15:27:49'),
(232, 1, 158, 1, '2018-06-02 15:51:03'),
(233, 1, 159, 1, '2018-06-02 15:52:02'),
(234, 1, 160, 1, '2018-06-02 15:52:20'),
(235, 1, 161, 1, '2018-06-02 15:52:31'),
(236, 1, 162, 1, '2018-06-02 15:53:17'),
(237, 1, 163, 1, '2018-06-02 15:59:53'),
(238, 1, 164, 1, '2018-06-02 16:00:47'),
(239, 1, 165, 1, '2018-06-02 16:01:08'),
(240, 1, 166, 1, '2018-06-02 16:21:20'),
(241, 1, 167, 1, '2018-06-02 16:21:56'),
(242, 1, 168, 1, '2018-06-02 16:22:21'),
(243, 1, 169, 1, '2018-06-02 16:23:48'),
(244, 1, 170, 1, '2018-06-02 16:24:32'),
(245, 1, 171, 1, '2018-06-02 16:28:58'),
(303, 1, 172, 1, '2018-06-03 19:59:38'),
(304, 1, 173, 1, '2018-06-03 19:59:47'),
(305, 1, 174, 1, '2018-06-03 20:00:09'),
(306, 1, 175, 1, '2018-06-03 20:00:26'),
(307, 1, 176, 1, '2018-06-03 20:02:36'),
(308, 1, 177, 1, '2018-06-03 20:03:03'),
(309, 1, 178, 1, '2018-06-03 20:03:24'),
(310, 1, 179, 1, '2018-06-03 20:03:43'),
(377, 4, 119, 1, '2018-06-04 08:46:37'),
(378, 4, 116, 1, '2018-06-04 08:46:37'),
(379, 4, 118, 1, '2018-06-04 08:46:37'),
(380, 4, 120, 1, '2018-06-04 08:46:37'),
(381, 4, 122, 1, '2018-06-04 08:46:37'),
(382, 4, 115, 1, '2018-06-04 08:46:37'),
(383, 4, 133, 1, '2018-06-04 08:46:37'),
(384, 4, 135, 1, '2018-06-04 08:46:37'),
(385, 4, 130, 1, '2018-06-04 08:46:37'),
(386, 4, 132, 1, '2018-06-04 08:46:37'),
(387, 4, 134, 1, '2018-06-04 08:46:37'),
(388, 4, 136, 1, '2018-06-04 08:46:37'),
(389, 4, 131, 1, '2018-06-04 08:46:37'),
(390, 4, 140, 1, '2018-06-04 08:46:37'),
(391, 4, 137, 1, '2018-06-04 08:46:37'),
(392, 4, 139, 1, '2018-06-04 08:46:37'),
(393, 4, 138, 1, '2018-06-04 08:46:37'),
(394, 4, 142, 1, '2018-06-04 08:46:37'),
(395, 4, 144, 1, '2018-06-04 08:46:37'),
(396, 4, 141, 1, '2018-06-04 08:46:37'),
(397, 4, 143, 1, '2018-06-04 08:46:37'),
(398, 4, 145, 1, '2018-06-04 08:46:37'),
(399, 4, 149, 1, '2018-06-04 08:46:37'),
(400, 4, 151, 1, '2018-06-04 08:46:37'),
(401, 4, 153, 1, '2018-06-04 08:46:37'),
(402, 4, 146, 1, '2018-06-04 08:46:37'),
(403, 4, 148, 1, '2018-06-04 08:46:37'),
(404, 4, 150, 1, '2018-06-04 08:46:37'),
(405, 4, 152, 1, '2018-06-04 08:46:37'),
(406, 4, 154, 1, '2018-06-04 08:46:37'),
(407, 4, 147, 1, '2018-06-04 08:46:37'),
(408, 4, 156, 1, '2018-06-04 08:46:37'),
(409, 4, 155, 1, '2018-06-04 08:46:37'),
(410, 4, 157, 1, '2018-06-04 08:46:37'),
(411, 4, 165, 1, '2018-06-04 08:46:37'),
(412, 4, 158, 1, '2018-06-04 08:46:37'),
(413, 4, 160, 1, '2018-06-04 08:46:37'),
(414, 4, 162, 1, '2018-06-04 08:46:37'),
(415, 4, 164, 1, '2018-06-04 08:46:37'),
(416, 4, 159, 1, '2018-06-04 08:46:37'),
(417, 4, 161, 1, '2018-06-04 08:46:37'),
(418, 4, 163, 1, '2018-06-04 08:46:37'),
(419, 4, 167, 1, '2018-06-04 08:46:37'),
(420, 4, 169, 1, '2018-06-04 08:46:37'),
(421, 4, 171, 1, '2018-06-04 08:46:37'),
(422, 4, 166, 1, '2018-06-04 08:46:37'),
(423, 4, 168, 1, '2018-06-04 08:46:37'),
(424, 4, 170, 1, '2018-06-04 08:46:37'),
(427, 4, 124, 1, '2018-06-04 08:46:37'),
(428, 4, 126, 1, '2018-06-04 08:46:37'),
(429, 4, 128, 1, '2018-06-04 08:46:37'),
(430, 4, 125, 1, '2018-06-04 08:46:37'),
(431, 4, 127, 1, '2018-06-04 08:46:37'),
(432, 4, 129, 1, '2018-06-04 08:46:37'),
(433, 1, 180, 1, '2018-06-04 14:33:06'),
(434, 1, 181, 1, '2018-06-04 14:44:06'),
(435, 1, 182, 1, '2018-06-04 14:45:23'),
(436, 1, 183, 1, '2018-06-04 15:28:14'),
(437, 1, 184, 1, '2018-06-04 15:28:35'),
(438, 1, 185, 1, '2018-06-04 16:25:07'),
(439, 1, 186, 1, '2018-06-04 16:25:27'),
(440, 1, 187, 1, '2018-06-04 16:25:40'),
(441, 1, 188, 1, '2018-06-04 17:06:02'),
(443, 1, 190, 1, '2018-06-04 17:06:51'),
(444, 1, 191, 1, '2018-06-04 17:07:05'),
(445, 1, 192, 1, '2018-06-04 17:28:58'),
(446, 1, 193, 1, '2018-06-04 17:29:20'),
(447, 1, 194, 1, '2018-06-04 17:29:35'),
(448, 1, 195, 1, '2018-06-04 17:29:56'),
(449, 1, 196, 1, '2018-06-04 17:44:42'),
(450, 1, 197, 1, '2018-06-04 17:44:59'),
(452, 1, 199, 1, '2018-06-04 17:45:42'),
(453, 1, 200, 1, '2018-06-04 17:51:31'),
(454, 1, 201, 1, '2018-06-04 17:51:46'),
(455, 1, 202, 1, '2018-06-04 17:52:03'),
(456, 1, 203, 1, '2018-06-04 17:52:18'),
(457, 1, 204, 1, '2018-06-04 19:13:28'),
(458, 1, 205, 1, '2018-06-04 19:13:46'),
(459, 1, 206, 1, '2018-06-04 19:14:06'),
(460, 1, 207, 1, '2018-06-04 19:23:28'),
(461, 1, 208, 1, '2018-06-04 19:23:55'),
(462, 1, 209, 1, '2018-06-04 19:24:12'),
(463, 1, 210, 1, '2018-06-04 19:24:43'),
(464, 1, 211, 1, '2018-06-04 19:24:59'),
(465, 1, 212, 1, '2018-06-04 19:25:14'),
(466, 1, 213, 1, '2018-06-04 19:38:27'),
(467, 1, 214, 1, '2018-06-04 19:38:46'),
(468, 1, 215, 1, '2018-06-04 19:39:08'),
(469, 1, 216, 1, '2018-06-06 08:06:09'),
(470, 1, 217, 1, '2018-06-06 08:06:50'),
(471, 1, 218, 1, '2018-06-06 08:07:10'),
(472, 1, 219, 1, '2018-06-06 08:07:28'),
(473, 1, 220, 1, '2018-06-06 08:07:56'),
(474, 1, 221, 1, '2018-06-06 08:08:28'),
(475, 1, 222, 1, '2018-06-06 08:27:53'),
(476, 1, 223, 1, '2018-06-06 08:28:15'),
(477, 1, 224, 1, '2018-06-06 08:28:33'),
(478, 1, 225, 1, '2018-06-06 08:31:33'),
(479, 1, 226, 1, '2018-06-06 09:39:04'),
(480, 1, 227, 1, '2018-06-06 14:42:04'),
(481, 1, 228, 1, '2018-06-06 14:42:24'),
(482, 1, 229, 1, '2018-06-06 14:42:39'),
(483, 1, 230, 1, '2018-06-06 14:43:00'),
(484, 1, 231, 1, '2018-06-06 14:43:17'),
(485, 1, 232, 1, '2018-06-06 14:43:31'),
(486, 1, 233, 1, '2018-06-06 14:43:46'),
(487, 1, 234, 1, '2018-06-06 14:44:03'),
(488, 1, 235, 1, '2018-06-06 14:44:20'),
(489, 1, 236, 1, '2018-06-06 14:44:34'),
(490, 1, 237, 1, '2018-06-06 14:44:56'),
(491, 1, 238, 1, '2018-06-06 14:45:15'),
(492, 1, 239, 1, '2018-06-06 14:45:29'),
(493, 1, 240, 1, '2018-06-06 14:45:38'),
(494, 1, 241, 1, '2018-06-06 14:45:53'),
(495, 1, 242, 1, '2018-06-06 14:46:11'),
(496, 1, 243, 1, '2018-06-06 14:46:22'),
(497, 1, 244, 1, '2018-06-06 16:57:41'),
(498, 1, 245, 1, '2018-06-06 16:57:52'),
(499, 1, 246, 1, '2018-06-06 16:58:05'),
(500, 1, 247, 1, '2018-06-06 16:58:36'),
(501, 1, 248, 1, '2018-06-06 16:58:47'),
(502, 1, 249, 1, '2018-06-06 16:59:17'),
(503, 1, 250, 1, '2018-06-06 16:59:34'),
(571, 3, 118, 1, '2018-06-06 08:43:15'),
(572, 3, 115, 1, '2018-06-06 08:43:15'),
(573, 3, 122, 1, '2018-06-06 08:43:15'),
(574, 3, 119, 1, '2018-06-06 08:43:15'),
(575, 3, 116, 1, '2018-06-06 08:43:15'),
(576, 3, 120, 1, '2018-06-06 08:43:15'),
(578, 3, 130, 1, '2018-06-06 08:43:15'),
(579, 3, 134, 1, '2018-06-06 08:43:15'),
(580, 3, 131, 1, '2018-06-06 08:43:15'),
(581, 3, 135, 1, '2018-06-06 08:43:15'),
(582, 3, 132, 1, '2018-06-06 08:43:15'),
(583, 3, 136, 1, '2018-06-06 08:43:15'),
(584, 3, 133, 1, '2018-06-06 08:43:15'),
(585, 3, 140, 1, '2018-06-06 08:43:15'),
(586, 3, 137, 1, '2018-06-06 08:43:15'),
(587, 3, 138, 1, '2018-06-06 08:43:15'),
(588, 3, 139, 1, '2018-06-06 08:43:15'),
(589, 3, 143, 1, '2018-06-06 08:43:15'),
(590, 3, 144, 1, '2018-06-06 08:43:15'),
(591, 3, 141, 1, '2018-06-06 08:43:15'),
(592, 3, 145, 1, '2018-06-06 08:43:15'),
(593, 3, 142, 1, '2018-06-06 08:43:15'),
(594, 3, 146, 1, '2018-06-06 08:43:15'),
(595, 3, 153, 1, '2018-06-06 08:43:15'),
(596, 3, 150, 1, '2018-06-06 08:43:15'),
(597, 3, 147, 1, '2018-06-06 08:43:15'),
(598, 3, 154, 1, '2018-06-06 08:43:15'),
(599, 3, 151, 1, '2018-06-06 08:43:15'),
(600, 3, 148, 1, '2018-06-06 08:43:15'),
(601, 3, 152, 1, '2018-06-06 08:43:15'),
(602, 3, 149, 1, '2018-06-06 08:43:15'),
(603, 3, 156, 1, '2018-06-06 08:43:15'),
(604, 3, 157, 1, '2018-06-06 08:43:15'),
(605, 3, 155, 1, '2018-06-06 08:43:15'),
(606, 3, 162, 1, '2018-06-06 08:43:15'),
(607, 3, 159, 1, '2018-06-06 08:43:15'),
(608, 3, 163, 1, '2018-06-06 08:43:15'),
(609, 3, 160, 1, '2018-06-06 08:43:15'),
(610, 3, 164, 1, '2018-06-06 08:43:15'),
(611, 3, 161, 1, '2018-06-06 08:43:15'),
(612, 3, 158, 1, '2018-06-06 08:43:15'),
(613, 3, 165, 1, '2018-06-06 08:43:15'),
(614, 3, 169, 1, '2018-06-06 08:43:15'),
(615, 3, 166, 1, '2018-06-06 08:43:15'),
(616, 3, 170, 1, '2018-06-06 08:43:15'),
(617, 3, 167, 1, '2018-06-06 08:43:15'),
(618, 3, 171, 1, '2018-06-06 08:43:15'),
(619, 3, 168, 1, '2018-06-06 08:43:15'),
(622, 3, 127, 1, '2018-06-06 08:43:15'),
(623, 3, 124, 1, '2018-06-06 08:43:15'),
(624, 3, 128, 1, '2018-06-06 08:43:15'),
(625, 3, 125, 1, '2018-06-06 08:43:15'),
(626, 3, 129, 1, '2018-06-06 08:43:15'),
(627, 3, 126, 1, '2018-06-06 08:43:15'),
(628, 3, 178, 1, '2018-06-06 08:43:15'),
(629, 3, 175, 1, '2018-06-06 08:43:15'),
(630, 3, 172, 1, '2018-06-06 08:43:15'),
(631, 3, 179, 1, '2018-06-06 08:43:15'),
(632, 3, 176, 1, '2018-06-06 08:43:15'),
(633, 3, 173, 1, '2018-06-06 08:43:15'),
(634, 3, 177, 1, '2018-06-06 08:43:15'),
(635, 3, 174, 1, '2018-06-06 08:43:15'),
(636, 1, 252, 1, '2018-06-06 09:27:48'),
(637, 1, 253, 1, '2018-06-06 09:28:32'),
(638, 1, 254, 1, '2018-06-06 09:28:56'),
(639, 1, 255, 1, '2018-06-06 09:29:14'),
(640, 1, 256, 1, '2018-06-06 09:29:26'),
(641, 1, 257, 1, '2018-06-06 09:29:42'),
(642, 1, 258, 1, '2018-06-07 09:08:14'),
(643, 1, 259, 1, '2018-06-07 09:08:28'),
(644, 1, 260, 1, '2018-06-07 09:08:43'),
(645, 1, 261, 1, '2018-06-07 09:08:56'),
(646, 1, 262, 1, '2018-06-08 02:27:52'),
(648, 1, 264, 1, '2018-06-08 03:55:55'),
(649, 1, 265, 1, '2018-06-08 03:59:21'),
(651, 1, 267, 1, '2018-06-08 06:00:11'),
(652, 1, 268, 1, '2018-06-08 08:58:28'),
(653, 1, 269, 1, '2018-06-08 08:58:57'),
(654, 1, 270, 1, '2018-06-08 22:31:51'),
(655, 1, 271, 1, '2018-06-08 22:32:10'),
(656, 1, 272, 1, '2018-06-08 22:37:23'),
(657, 1, 273, 1, '2018-06-08 22:37:39'),
(658, 1, 274, 1, '2018-06-08 23:41:00'),
(659, 1, 275, 1, '2018-06-10 21:41:28'),
(660, 1, 276, 1, '2018-06-10 21:41:52'),
(661, 1, 277, 1, '2018-06-10 21:42:10'),
(662, 1, 278, 1, '2018-06-10 21:42:30'),
(664, 1, 280, 1, '2018-06-10 22:30:59'),
(665, 1, 281, 1, '2018-06-11 02:49:13'),
(666, 1, 282, 1, '2018-06-11 03:09:13'),
(676, 1, 292, 1, '2018-06-15 08:54:06'),
(677, 1, 293, 1, '2018-06-15 08:54:27'),
(678, 1, 294, 1, '2018-06-15 08:55:05'),
(679, 1, 295, 1, '2018-06-15 08:55:23'),
(680, 1, 296, 1, '2018-06-15 08:55:43'),
(681, 1, 297, 1, '2018-06-15 08:57:29'),
(682, 1, 298, 1, '2018-06-15 09:00:42'),
(685, 1, 301, 1, '2018-06-19 20:45:06'),
(686, 1, 302, 1, '2018-06-19 20:45:39'),
(687, 1, 303, 1, '2018-06-19 20:45:53'),
(688, 1, 304, 1, '2018-06-19 20:46:06'),
(689, 1, 305, 1, '2018-06-19 20:46:38'),
(690, 1, 306, 1, '2018-06-19 21:06:31'),
(691, 1, 307, 1, '2018-06-19 21:06:55'),
(692, 1, 308, 1, '2018-06-19 21:07:06'),
(693, 1, 309, 1, '2018-06-19 21:07:27'),
(694, 1, 310, 1, '2018-06-19 21:07:40'),
(695, 1, 311, 1, '2018-06-19 21:07:56'),
(696, 1, 312, 1, '2018-06-19 22:19:25'),
(697, 1, 313, 1, '2018-06-19 22:36:00'),
(698, 1, 314, 1, '2018-06-19 22:59:20'),
(699, 1, 315, 1, '2018-06-19 22:59:47'),
(700, 1, 316, 1, '2018-06-19 23:00:01'),
(701, 1, 317, 1, '2018-06-19 23:00:23'),
(702, 1, 318, 1, '2018-06-20 03:42:57'),
(703, 1, 319, 1, '2018-06-20 03:59:42'),
(704, 1, 320, 1, '2018-06-20 03:59:55'),
(705, 1, 321, 1, '2018-06-20 04:00:19'),
(706, 1, 322, 1, '2018-06-20 04:00:56'),
(707, 1, 323, 1, '2018-06-20 04:02:51'),
(708, 1, 324, 1, '2018-06-20 04:03:13'),
(709, 1, 325, 1, '2018-06-20 04:31:31'),
(710, 1, 326, 1, '2018-06-20 04:32:00'),
(712, 1, 328, 1, '2018-06-20 08:06:15'),
(713, 1, 329, 1, '2018-06-20 08:06:37'),
(714, 1, 330, 1, '2018-06-20 08:07:17'),
(715, 1, 331, 1, '2018-06-20 08:37:03'),
(716, 1, 332, 1, '2018-06-20 08:37:29'),
(717, 1, 333, 1, '2018-06-20 08:38:42'),
(718, 1, 334, 1, '2018-06-20 08:39:09'),
(719, 1, 335, 1, '2018-06-20 08:39:43'),
(720, 1, 336, 1, '2018-06-20 08:40:16'),
(721, 1, 337, 1, '2018-06-20 08:40:31'),
(722, 1, 338, 1, '2018-06-20 08:41:44'),
(723, 1, 339, 1, '2018-06-20 08:50:48'),
(724, 1, 340, 1, '2018-06-20 08:51:07'),
(725, 1, 341, 1, '2018-06-20 08:51:24'),
(726, 1, 342, 1, '2018-06-20 08:52:08'),
(727, 1, 343, 1, '2018-06-20 08:52:26'),
(728, 1, 344, 1, '2018-06-20 08:52:46'),
(729, 1, 345, 1, '2018-06-20 08:52:57'),
(730, 1, 346, 1, '2018-06-20 08:53:07'),
(731, 1, 347, 1, '2018-06-20 08:53:26'),
(732, 1, 348, 1, '2018-06-20 08:53:58'),
(733, 1, 349, 1, '2018-06-20 08:54:22'),
(734, 1, 350, 1, '2018-06-20 08:54:50'),
(735, 1, 351, 1, '2018-06-20 08:55:49'),
(736, 1, 352, 1, '2018-06-20 08:56:04'),
(737, 1, 353, 1, '2018-06-20 23:41:19'),
(752, 1, 368, 1, '2018-06-22 11:35:16'),
(753, 1, 369, 1, '2018-06-22 19:26:04'),
(754, 1, 370, 1, '2018-06-22 19:26:44'),
(755, 1, 371, 1, '2018-06-22 19:27:01'),
(756, 1, 372, 1, '2018-06-22 19:27:21'),
(757, 1, 373, 1, '2018-06-22 19:27:35'),
(758, 1, 374, 1, '2018-06-22 19:27:57'),
(760, 1, 376, 1, '2018-06-22 20:30:53'),
(761, 1, 377, 1, '2018-06-22 20:31:11'),
(762, 1, 378, 1, '2018-06-22 20:31:29'),
(763, 1, 379, 1, '2018-06-22 20:31:38'),
(764, 1, 380, 1, '2018-06-22 20:40:55'),
(765, 1, 381, 1, '2018-06-22 20:41:14'),
(766, 1, 382, 1, '2018-06-22 20:58:03'),
(767, 1, 383, 1, '2018-06-22 20:58:16'),
(768, 1, 384, 1, '2018-06-22 20:58:27'),
(769, 1, 385, 1, '2018-06-22 20:58:42'),
(770, 1, 386, 1, '2018-06-22 20:59:04'),
(771, 1, 387, 1, '2018-06-22 20:59:22'),
(772, 1, 388, 1, '2018-06-22 21:06:11'),
(773, 1, 389, 1, '2018-06-22 21:06:23'),
(774, 1, 390, 1, '2018-06-22 21:06:35'),
(775, 1, 391, 1, '2018-06-22 21:07:26'),
(776, 1, 392, 1, '2018-06-22 21:07:51'),
(777, 1, 393, 1, '2018-06-22 21:08:08'),
(778, 1, 394, 1, '2018-06-22 21:18:41'),
(779, 1, 395, 1, '2018-06-22 21:18:56'),
(780, 1, 396, 1, '2018-06-22 21:19:37'),
(781, 1, 397, 1, '2018-06-22 21:19:47'),
(782, 1, 398, 1, '2018-06-22 21:20:24'),
(783, 1, 399, 1, '2018-06-22 21:20:40'),
(784, 1, 400, 1, '2018-06-23 11:34:09'),
(797, 11, 378, 1, '2018-06-23 15:02:12'),
(798, 11, 379, 1, '2018-06-23 15:02:12'),
(799, 11, 376, 1, '2018-06-23 15:02:12'),
(800, 11, 380, 1, '2018-06-23 15:02:12'),
(801, 11, 377, 1, '2018-06-23 15:02:12'),
(802, 11, 400, 1, '2018-06-23 15:02:12'),
(803, 11, 381, 1, '2018-06-23 15:02:12'),
(804, 11, 261, 1, '2018-06-23 15:02:12'),
(805, 11, 258, 1, '2018-06-23 15:02:12'),
(806, 11, 259, 1, '2018-06-23 15:02:12'),
(807, 11, 260, 1, '2018-06-23 15:02:12'),
(808, 1, 401, 1, '2018-06-23 16:38:55'),
(809, 1, 402, 1, '2018-06-23 16:41:16'),
(810, 1, 403, 1, '2018-06-23 16:43:03'),
(811, 12, 385, 1, '2018-06-23 18:24:47'),
(812, 12, 401, 1, '2018-06-23 18:24:47'),
(813, 12, 382, 1, '2018-06-23 18:24:47'),
(814, 12, 386, 1, '2018-06-23 18:24:47'),
(815, 12, 383, 1, '2018-06-23 18:24:47'),
(816, 12, 387, 1, '2018-06-23 18:24:47'),
(817, 12, 384, 1, '2018-06-23 18:24:47'),
(818, 12, 261, 1, '2018-06-23 18:24:47'),
(819, 12, 258, 1, '2018-06-23 18:24:47'),
(820, 12, 259, 1, '2018-06-23 18:24:47'),
(821, 12, 260, 1, '2018-06-23 18:24:47'),
(822, 13, 391, 1, '2018-06-23 18:29:59'),
(823, 13, 388, 1, '2018-06-23 18:29:59'),
(824, 13, 392, 1, '2018-06-23 18:29:59'),
(825, 13, 389, 1, '2018-06-23 18:29:59'),
(826, 13, 402, 1, '2018-06-23 18:29:59'),
(827, 13, 393, 1, '2018-06-23 18:29:59'),
(828, 13, 390, 1, '2018-06-23 18:29:59'),
(829, 13, 261, 1, '2018-06-23 18:29:59'),
(830, 13, 258, 1, '2018-06-23 18:29:59'),
(831, 13, 259, 1, '2018-06-23 18:29:59'),
(832, 13, 260, 1, '2018-06-23 18:29:59'),
(833, 14, 395, 1, '2018-06-23 19:52:47'),
(834, 14, 399, 1, '2018-06-23 19:52:47'),
(835, 14, 396, 1, '2018-06-23 19:52:47'),
(836, 14, 403, 1, '2018-06-23 19:52:47'),
(837, 14, 397, 1, '2018-06-23 19:52:47'),
(838, 14, 394, 1, '2018-06-23 19:52:47'),
(839, 14, 398, 1, '2018-06-23 19:52:47'),
(840, 14, 259, 1, '2018-06-23 19:52:47'),
(841, 14, 260, 1, '2018-06-23 19:52:47'),
(842, 14, 261, 1, '2018-06-23 19:52:47'),
(843, 14, 258, 1, '2018-06-23 19:52:47'),
(844, 1, 404, 1, '2018-06-26 15:34:19'),
(845, 1, 405, 1, '2018-06-26 17:47:15'),
(846, 1, 406, 1, '2018-06-26 17:47:50'),
(847, 1, 407, 1, '2018-06-26 20:20:39'),
(848, 1, 408, 1, '2018-06-26 20:20:49'),
(849, 1, 409, 1, '2018-06-26 20:35:27'),
(850, 1, 410, 1, '2018-06-26 20:35:39'),
(851, 1, 411, 1, '2018-06-26 20:37:37'),
(852, 1, 412, 1, '2018-06-26 20:37:49'),
(853, 1, 413, 1, '2018-06-26 20:39:35'),
(854, 1, 414, 1, '2018-06-26 20:39:43'),
(855, 1, 415, 1, '2018-06-26 21:31:34'),
(856, 1, 416, 1, '2018-06-26 21:31:54'),
(858, 1, 418, 1, '2018-06-26 21:37:18'),
(859, 1, 419, 1, '2018-06-26 21:37:30'),
(860, 1, 420, 1, '2018-06-26 21:38:48'),
(861, 1, 421, 1, '2018-06-26 21:39:01'),
(862, 1, 422, 1, '2018-06-26 21:39:23'),
(863, 1, 423, 1, '2018-06-26 21:39:33'),
(864, 1, 424, 1, '2018-06-27 10:28:43'),
(865, 1, 425, 1, '2018-06-27 10:28:58'),
(866, 1, 426, 1, '2018-06-27 10:29:14'),
(867, 1, 427, 1, '2018-06-27 20:03:19'),
(868, 1, 428, 1, '2018-06-27 20:03:32'),
(869, 1, 429, 1, '2018-06-27 20:04:10'),
(870, 1, 430, 1, '2018-06-27 20:04:34'),
(872, 1, 432, 1, '2018-06-27 20:05:21'),
(873, 1, 433, 1, '2018-06-27 20:05:33'),
(874, 10, 325, 1, '2018-06-28 10:18:01'),
(875, 10, 322, 1, '2018-06-28 10:18:01'),
(876, 10, 319, 1, '2018-06-28 10:18:01'),
(877, 10, 326, 1, '2018-06-28 10:18:01'),
(878, 10, 323, 1, '2018-06-28 10:18:01'),
(879, 10, 320, 1, '2018-06-28 10:18:01'),
(880, 10, 324, 1, '2018-06-28 10:18:01'),
(881, 10, 321, 1, '2018-06-28 10:18:01'),
(882, 10, 406, 1, '2018-06-28 10:18:01'),
(883, 10, 405, 1, '2018-06-28 10:18:01'),
(884, 10, 259, 1, '2018-06-28 10:18:01'),
(885, 10, 260, 1, '2018-06-28 10:18:01'),
(886, 10, 261, 1, '2018-06-28 10:18:01'),
(887, 10, 258, 1, '2018-06-28 10:18:01'),
(888, 1, 434, 1, '2018-07-03 11:13:34'),
(889, 1, 435, 1, '2018-07-03 11:13:50'),
(890, 1, 436, 1, '2018-07-03 11:14:40'),
(891, 1, 437, 1, '2018-07-03 11:14:48'),
(892, 1, 438, 1, '2018-07-03 11:15:18'),
(893, 1, 439, 1, '2018-07-03 11:15:45'),
(894, 1, 440, 1, '2018-07-03 11:16:01'),
(895, 1, 441, 1, '2018-07-03 15:19:49'),
(896, 1, 442, 1, '2018-07-03 15:20:00'),
(897, 1, 443, 1, '2018-07-03 15:20:15'),
(898, 1, 444, 1, '2018-07-03 15:20:26'),
(899, 1, 445, 1, '2018-07-03 15:20:47'),
(900, 1, 446, 1, '2018-07-03 15:21:00'),
(901, 1, 447, 1, '2018-07-03 15:21:13'),
(902, 1, 448, 1, '2018-07-13 19:30:54'),
(903, 1, 449, 1, '2018-07-13 19:31:08'),
(904, 1, 450, 1, '2018-07-13 19:31:24'),
(905, 1, 451, 1, '2018-07-13 19:31:34'),
(906, 1, 452, 1, '2018-07-14 10:07:17'),
(907, 1, 453, 1, '2018-07-14 14:37:40'),
(908, 1, 454, 1, '2018-07-14 14:38:20'),
(1063, 1, 455, 1, '2018-07-17 19:12:55'),
(1064, 1, 456, 1, '2018-07-17 19:13:21'),
(1065, 1, 457, 1, '2018-07-17 19:13:37'),
(1066, 1, 458, 1, '2018-07-17 19:14:19'),
(1067, 1, 459, 1, '2018-07-17 19:14:47'),
(1068, 1, 460, 1, '2018-07-17 19:15:04'),
(1069, 1, 461, 1, '2018-07-17 19:16:19'),
(1070, 1, 462, 1, '2018-07-17 19:16:35'),
(1071, 1, 463, 1, '2018-07-17 19:16:47'),
(1072, 1, 464, 1, '2018-07-17 19:17:11'),
(1073, 1, 465, 1, '2018-07-17 19:17:23'),
(1074, 1, 466, 1, '2018-07-17 19:17:43'),
(1075, 1, 467, 1, '2018-07-17 19:18:02'),
(1076, 1, 468, 1, '2018-07-17 19:19:07'),
(1077, 1, 469, 1, '2018-07-17 19:19:22'),
(1078, 1, 470, 1, '2018-07-17 19:19:34'),
(1079, 1, 471, 1, '2018-07-18 14:05:50'),
(1080, 1, 472, 1, '2018-07-18 14:06:22'),
(1081, 1, 473, 1, '2018-07-18 14:06:41'),
(1082, 1, 474, 1, '2018-07-18 14:06:58'),
(1083, 1, 475, 1, '2018-07-18 14:07:11'),
(1084, 1, 476, 1, '2018-07-18 14:07:22'),
(1085, 1, 477, 1, '2018-07-18 14:07:46'),
(1086, 1, 478, 1, '2018-07-18 14:07:59'),
(1087, 1, 479, 1, '2018-07-18 14:08:37'),
(1088, 1, 480, 1, '2018-07-18 14:09:01'),
(1089, 1, 481, 1, '2018-07-18 14:09:20'),
(1090, 1, 482, 1, '2018-07-18 15:05:15'),
(1091, 1, 483, 1, '2018-07-18 16:51:34'),
(1092, 1, 484, 1, '2018-07-18 16:52:04'),
(1093, 1, 485, 1, '2018-07-18 16:52:12'),
(1094, 1, 486, 1, '2018-07-18 16:52:36'),
(1095, 1, 487, 1, '2018-07-18 16:52:51'),
(1096, 1, 488, 1, '2018-07-18 16:53:01'),
(1097, 1, 489, 1, '2018-07-18 16:53:14'),
(1098, 1, 490, 1, '2018-07-18 16:53:22'),
(1099, 1, 491, 1, '2018-07-18 16:53:29'),
(1100, 1, 492, 1, '2018-07-18 16:53:57'),
(1101, 1, 493, 1, '2018-07-18 17:18:00'),
(1102, 1, 494, 1, '2018-07-18 17:32:52'),
(1103, 1, 495, 1, '2018-07-18 18:26:38'),
(1104, 1, 496, 1, '2018-07-18 18:26:48'),
(1105, 1, 497, 1, '2018-07-18 18:27:07'),
(1106, 1, 498, 1, '2018-07-18 18:27:26'),
(1107, 1, 499, 1, '2018-07-18 18:27:46'),
(1108, 1, 500, 1, '2018-07-18 18:27:58'),
(1109, 1, 501, 1, '2018-07-18 18:28:14'),
(1110, 1, 502, 1, '2018-07-18 18:28:25'),
(1111, 1, 503, 1, '2018-07-18 18:28:57'),
(1112, 1, 504, 1, '2018-07-18 18:29:13'),
(1113, 1, 505, 1, '2018-07-18 20:05:50'),
(1114, 1, 506, 1, '2018-07-18 20:06:26'),
(1115, 1, 507, 1, '2018-07-18 20:06:42'),
(1116, 1, 508, 1, '2018-07-18 20:06:55'),
(1117, 1, 509, 1, '2018-07-18 20:07:17'),
(1118, 1, 510, 1, '2018-07-18 20:50:29'),
(1119, 1, 511, 1, '2018-07-18 20:50:47'),
(1120, 1, 512, 1, '2018-07-18 20:51:09'),
(1121, 1, 513, 1, '2018-07-18 20:51:34'),
(1122, 1, 514, 1, '2018-07-18 20:51:43'),
(1123, 1, 515, 1, '2018-07-19 11:18:44'),
(1124, 1, 516, 1, '2018-07-19 14:27:48'),
(1125, 1, 517, 1, '2018-07-19 14:28:07'),
(1126, 1, 518, 1, '2018-07-19 14:28:21'),
(1127, 1, 519, 1, '2018-07-19 14:28:32'),
(1128, 1, 520, 1, '2018-07-19 14:28:55'),
(1129, 1, 521, 1, '2018-07-19 14:29:06'),
(1130, 1, 522, 1, '2018-07-19 14:29:32'),
(1131, 1, 523, 1, '2018-07-19 14:29:51'),
(1132, 1, 524, 1, '2018-07-19 14:30:05'),
(1133, 1, 525, 1, '2018-07-19 14:30:13'),
(1134, 1, 526, 1, '2018-07-19 14:30:22'),
(1135, 1, 527, 1, '2018-07-19 14:30:42'),
(1136, 1, 528, 1, '2018-07-19 14:30:56'),
(1137, 1, 529, 1, '2018-07-19 14:31:45'),
(1138, 1, 530, 1, '2018-07-19 15:58:26'),
(1139, 1, 531, 1, '2018-07-19 15:58:45'),
(1140, 1, 532, 1, '2018-07-19 15:58:57'),
(1141, 1, 533, 1, '2018-07-19 15:59:58'),
(1142, 1, 534, 1, '2018-07-19 16:00:10'),
(1143, 1, 535, 1, '2018-07-19 16:00:33'),
(1144, 1, 536, 1, '2018-07-19 16:00:55'),
(1145, 1, 537, 1, '2018-07-19 16:01:15'),
(1146, 1, 538, 1, '2018-07-19 16:01:36'),
(1147, 1, 539, 1, '2018-07-19 16:01:48'),
(1148, 1, 540, 1, '2018-07-19 16:18:58'),
(1149, 1, 541, 1, '2018-07-19 17:22:09'),
(1150, 1, 542, 1, '2018-07-19 17:22:22'),
(1151, 1, 543, 1, '2018-07-19 17:23:58'),
(1152, 1, 544, 1, '2018-07-19 17:24:13'),
(1153, 1, 545, 1, '2018-07-19 17:24:24'),
(1154, 1, 546, 1, '2018-07-19 17:24:39'),
(1155, 1, 547, 1, '2018-07-19 17:25:08'),
(1156, 1, 548, 1, '2018-07-19 17:25:27'),
(1157, 1, 549, 1, '2018-07-19 17:25:40'),
(1158, 1, 550, 1, '2018-07-19 17:25:55'),
(1159, 1, 551, 1, '2018-07-19 17:26:11'),
(1160, 1, 552, 1, '2018-07-19 17:26:23'),
(1161, 1, 553, 1, '2018-07-19 17:26:53'),
(1162, 1, 554, 1, '2018-07-19 17:27:07'),
(1163, 1, 555, 1, '2018-07-19 17:27:29'),
(1164, 1, 556, 1, '2018-07-19 19:47:28'),
(1165, 1, 557, 1, '2018-07-19 19:48:16'),
(1166, 1, 558, 1, '2018-07-19 19:49:41'),
(1167, 1, 559, 1, '2018-07-19 19:52:37'),
(1168, 1, 560, 1, '2018-07-19 20:21:23'),
(1169, 1, 561, 1, '2018-07-26 09:03:25'),
(1170, 1, 562, 1, '2018-07-26 09:04:27'),
(1171, 1, 563, 1, '2018-07-26 09:11:01'),
(1172, 1, 564, 1, '2018-07-26 09:11:27'),
(1173, 1, 565, 1, '2018-07-26 10:42:58'),
(1174, 1, 566, 1, '2018-07-26 10:47:25'),
(1175, 1, 567, 1, '2018-07-28 09:40:13'),
(1176, 1, 568, 1, '2018-07-28 09:40:26'),
(1177, 1, 569, 1, '2018-07-28 09:40:37'),
(1178, 1, 570, 1, '2018-07-28 09:40:48'),
(1179, 1, 571, 1, '2018-07-28 09:40:58'),
(1180, 1, 572, 1, '2018-07-28 09:41:35'),
(1181, 1, 573, 1, '2018-07-28 09:49:09'),
(1182, 1, 574, 1, '2018-07-28 09:49:21'),
(1183, 1, 575, 1, '2018-07-28 09:49:29'),
(1184, 1, 576, 1, '2018-07-28 09:49:38'),
(1185, 1, 577, 1, '2018-07-28 09:49:50'),
(1186, 1, 578, 1, '2018-07-28 09:50:10'),
(1187, 1, 579, 1, '2018-07-29 10:41:58'),
(1188, 1, 580, 1, '2018-07-29 10:42:09'),
(1189, 1, 581, 1, '2018-07-29 10:42:19'),
(1190, 1, 582, 1, '2018-07-29 10:42:29'),
(1191, 1, 583, 1, '2018-07-29 10:42:39'),
(1192, 1, 584, 1, '2018-07-29 10:42:58'),
(1193, 1, 585, 1, '2018-07-29 11:04:27'),
(1194, 1, 586, 1, '2018-07-29 11:05:25'),
(1195, 1, 587, 1, '2018-07-29 11:05:40'),
(1196, 1, 588, 1, '2018-07-29 11:05:57'),
(1197, 1, 589, 1, '2018-07-29 11:06:23'),
(1198, 1, 590, 1, '2018-07-29 11:11:46'),
(1199, 1, 591, 1, '2018-07-29 11:12:20'),
(1200, 1, 592, 1, '2018-07-29 11:12:34'),
(1201, 1, 593, 1, '2018-07-29 11:12:46'),
(1202, 1, 594, 1, '2018-07-29 11:12:55'),
(1203, 1, 595, 1, '2018-07-29 11:14:07'),
(1204, 1, 596, 1, '2018-07-29 11:14:30'),
(1205, 1, 597, 1, '2018-07-29 16:53:57'),
(1206, 1, 598, 1, '2018-07-29 16:54:11'),
(1207, 1, 599, 1, '2018-07-29 16:54:23'),
(1208, 1, 600, 1, '2018-07-29 16:54:47'),
(1209, 1, 601, 1, '2018-07-29 17:22:20'),
(1210, 1, 602, 1, '2018-07-29 17:23:18'),
(1211, 1, 603, 1, '2018-07-29 17:23:36'),
(1212, 1, 604, 1, '2018-07-29 17:23:48'),
(1213, 1, 605, 1, '2018-07-29 17:24:14'),
(1214, 1, 606, 1, '2018-07-29 17:24:36'),
(1215, 1, 607, 1, '2018-07-29 17:24:47'),
(1216, 1, 608, 1, '2018-07-29 17:25:00'),
(1218, 1, 610, 1, '2018-07-29 18:13:06'),
(1219, 1, 611, 1, '2018-07-29 19:12:48'),
(1220, 1, 612, 1, '2018-07-30 09:08:04'),
(1221, 1, 613, 1, '2018-07-30 09:19:05'),
(1222, 1, 614, 1, '2018-07-30 09:20:53'),
(1223, 1, 615, 1, '2018-07-30 09:31:55'),
(1224, 1, 616, 1, '2018-07-30 09:38:51'),
(1225, 1, 617, 1, '2018-07-30 09:47:25'),
(1226, 1, 618, 1, '2018-07-30 09:48:15'),
(1227, 1, 619, 1, '2018-07-30 09:48:30'),
(1228, 1, 620, 1, '2018-07-30 09:48:40'),
(1229, 1, 621, 1, '2018-07-30 09:49:15'),
(1230, 1, 622, 1, '2018-07-30 09:49:35'),
(1231, 1, 623, 1, '2018-07-30 09:49:50'),
(1232, 1, 624, 1, '2018-07-30 09:50:07'),
(1233, 1, 625, 1, '2018-07-30 09:50:19'),
(1234, 1, 626, 1, '2018-07-30 09:51:12'),
(1235, 1, 627, 1, '2018-07-30 09:51:20'),
(1236, 1, 628, 1, '2018-07-30 09:51:44'),
(1237, 1, 629, 1, '2018-07-30 09:51:59'),
(1238, 1, 630, 1, '2018-07-30 09:52:27'),
(1239, 1, 631, 1, '2018-07-30 09:52:49'),
(1240, 1, 632, 1, '2018-07-30 10:43:55'),
(1241, 1, 633, 1, '2018-07-30 14:14:27'),
(1242, 1, 634, 1, '2018-07-30 14:34:13'),
(1243, 1, 635, 1, '2018-07-30 14:34:31'),
(1244, 1, 636, 1, '2018-07-30 14:34:56'),
(1245, 1, 637, 1, '2018-07-30 14:35:11'),
(1246, 1, 638, 1, '2018-07-30 14:35:22'),
(1247, 1, 639, 1, '2018-07-30 14:35:35'),
(1248, 1, 640, 1, '2018-07-30 17:33:38'),
(1249, 1, 641, 1, '2018-07-30 18:25:04'),
(1250, 1, 642, 1, '2018-07-30 18:25:21'),
(1251, 1, 643, 1, '2018-07-30 18:25:32'),
(1252, 1, 644, 1, '2018-07-30 18:25:45'),
(1253, 1, 645, 1, '2018-07-30 18:26:00'),
(1254, 1, 646, 1, '2018-07-30 19:37:04'),
(1255, 1, 647, 1, '2018-07-30 19:52:39'),
(1256, 1, 648, 1, '2018-07-30 19:56:03'),
(1257, 1, 649, 1, '2018-07-30 19:56:14'),
(1258, 1, 650, 1, '2018-07-30 19:56:31'),
(1259, 1, 651, 1, '2018-07-30 19:56:47'),
(1260, 1, 652, 1, '2018-07-30 19:57:01'),
(1261, 1, 653, 1, '2018-07-30 19:57:12'),
(1262, 1, 654, 1, '2018-07-30 20:43:01'),
(1263, 1, 655, 1, '2018-07-30 20:43:27'),
(1264, 1, 656, 1, '2018-07-30 20:43:34'),
(1265, 1, 657, 1, '2018-07-30 20:44:09'),
(1266, 1, 658, 1, '2018-07-30 20:44:28'),
(1267, 1, 659, 1, '2018-07-30 20:45:12'),
(1268, 1, 660, 1, '2018-07-30 20:45:23'),
(1269, 1, 661, 1, '2018-07-30 20:45:34'),
(1270, 1, 662, 1, '2018-07-30 20:45:45'),
(1271, 1, 663, 1, '2018-07-30 20:45:57'),
(1272, 1, 664, 1, '2018-07-31 10:37:22'),
(1273, 1, 665, 1, '2018-07-31 10:37:39'),
(1274, 1, 666, 1, '2018-07-31 10:38:02'),
(1276, 1, 668, 1, '2018-07-31 10:38:29'),
(1277, 1, 669, 1, '2018-07-31 10:39:04'),
(1278, 1, 670, 1, '2018-07-31 10:39:22'),
(1279, 1, 671, 1, '2018-07-31 10:39:35'),
(1280, 1, 672, 1, '2018-07-31 10:39:46'),
(1281, 1, 673, 1, '2018-07-31 20:09:35'),
(1282, 1, 674, 1, '2018-07-31 21:44:52'),
(1283, 1, 675, 1, '2018-07-31 21:45:05'),
(1284, 1, 676, 1, '2018-07-31 21:45:18'),
(1285, 1, 677, 1, '2018-07-31 21:45:29'),
(1286, 1, 678, 1, '2018-08-01 14:16:59'),
(1287, 1, 679, 1, '2018-08-01 14:17:36'),
(1288, 1, 680, 1, '2018-08-01 14:18:07'),
(1289, 1, 681, 1, '2018-08-01 14:18:30'),
(1290, 1, 682, 1, '2018-08-01 14:18:55'),
(1291, 1, 683, 1, '2018-08-01 14:19:20'),
(1292, 1, 684, 1, '2018-08-01 14:19:43'),
(1293, 1, 685, 1, '2018-08-01 14:20:04'),
(1294, 1, 686, 1, '2018-08-01 14:20:15'),
(1295, 1, 687, 1, '2018-08-01 14:20:44'),
(1296, 1, 688, 1, '2018-08-01 14:21:05'),
(1297, 1, 689, 1, '2018-08-01 14:21:17'),
(1298, 1, 690, 1, '2018-08-01 14:39:52'),
(1299, 1, 691, 1, '2018-08-01 15:05:56'),
(1300, 1, 692, 1, '2018-08-01 15:26:07'),
(1301, 1, 693, 1, '2018-08-01 15:39:07'),
(1302, 1, 694, 1, '2018-08-01 15:39:49'),
(1303, 1, 695, 1, '2018-08-01 15:40:15'),
(1304, 1, 696, 1, '2018-08-01 15:40:56'),
(1305, 1, 697, 1, '2018-08-01 15:41:11'),
(1306, 1, 698, 1, '2018-08-01 15:42:18'),
(1307, 1, 699, 1, '2018-08-01 15:42:36'),
(1308, 1, 700, 1, '2018-08-01 15:42:58'),
(1309, 1, 701, 1, '2018-08-01 15:46:15'),
(1310, 1, 702, 1, '2018-08-01 15:46:36'),
(1311, 1, 703, 1, '2018-08-01 17:31:56'),
(1312, 1, 704, 1, '2018-08-01 17:36:33'),
(1313, 1, 705, 1, '2018-08-01 17:53:47'),
(1314, 1, 706, 1, '2018-08-02 10:50:09'),
(1315, 1, 707, 1, '2018-08-02 11:06:15'),
(1316, 1, 708, 1, '2018-08-02 11:06:30'),
(1317, 1, 709, 1, '2018-08-02 11:06:53'),
(1318, 1, 710, 1, '2018-08-02 11:07:12'),
(1319, 1, 711, 1, '2018-08-02 11:07:53'),
(1320, 1, 712, 1, '2018-08-02 11:08:13'),
(1321, 1, 713, 1, '2018-08-02 20:27:39'),
(1322, 1, 714, 1, '2018-08-02 20:28:01'),
(1323, 1, 715, 1, '2018-08-02 20:28:19'),
(1324, 1, 716, 1, '2018-08-03 09:21:27'),
(1325, 1, 717, 1, '2018-08-03 09:21:46'),
(1326, 1, 718, 1, '2018-08-03 09:21:56'),
(1327, 1, 719, 1, '2018-08-03 09:22:21'),
(1328, 1, 720, 1, '2018-08-03 09:22:34'),
(1329, 1, 721, 1, '2018-08-03 09:22:49'),
(1330, 1, 722, 1, '2018-08-03 09:23:29'),
(1331, 1, 723, 1, '2018-08-03 09:23:44'),
(1332, 1, 724, 1, '2018-08-03 10:03:19'),
(1333, 1, 725, 1, '2018-08-03 10:04:14'),
(1334, 1, 726, 1, '2018-08-03 10:06:30'),
(1335, 1, 727, 1, '2018-08-03 10:07:16'),
(1336, 1, 728, 1, '2018-08-03 10:08:15'),
(1337, 1, 729, 1, '2018-08-03 10:08:34'),
(1338, 1, 730, 1, '2018-08-03 10:08:49'),
(1339, 1, 731, 1, '2018-08-03 10:09:01'),
(1340, 1, 732, 1, '2018-08-03 10:31:07'),
(1341, 1, 733, 1, '2018-08-03 10:48:48'),
(1342, 1, 734, 1, '2018-08-03 10:49:17'),
(1343, 1, 735, 1, '2018-08-03 10:49:34'),
(1344, 1, 736, 1, '2018-08-03 10:50:12'),
(1345, 1, 737, 1, '2018-08-03 10:50:38'),
(1346, 1, 738, 1, '2018-08-03 10:50:52'),
(1347, 1, 739, 1, '2018-08-03 10:51:02'),
(1348, 1, 740, 1, '2018-08-03 10:51:13'),
(1349, 1, 741, 1, '2018-08-03 14:14:47'),
(1350, 1, 742, 1, '2018-08-03 16:08:03'),
(1351, 1, 743, 1, '2018-08-03 16:08:20'),
(1352, 1, 744, 1, '2018-08-03 16:08:42'),
(1353, 1, 745, 1, '2018-08-03 16:09:28'),
(1354, 1, 746, 1, '2018-08-03 16:09:46'),
(1355, 1, 747, 1, '2018-08-03 19:48:28'),
(1356, 1, 748, 1, '2018-08-03 20:54:51'),
(1357, 1, 749, 1, '2018-08-03 20:55:02'),
(1358, 1, 750, 1, '2018-08-03 21:41:20'),
(1359, 1, 751, 1, '2018-08-03 21:42:27'),
(1360, 1, 752, 1, '2018-08-03 21:42:40'),
(1361, 1, 753, 1, '2018-08-03 21:43:04'),
(1362, 1, 754, 1, '2018-08-04 09:35:38'),
(1363, 1, 755, 1, '2018-08-04 09:35:55'),
(1364, 1, 756, 1, '2018-08-04 16:56:47'),
(1365, 1, 757, 1, '2018-08-04 16:58:33'),
(1366, 1, 758, 1, '2018-08-04 16:58:43'),
(1367, 1, 759, 1, '2018-08-04 16:58:57'),
(1368, 1, 760, 1, '2018-08-04 16:59:09'),
(1369, 1, 761, 1, '2018-08-04 16:59:26'),
(1370, 1, 762, 1, '2018-08-06 17:30:47'),
(1371, 1, 763, 1, '2018-08-06 17:31:28'),
(1372, 1, 764, 1, '2018-08-06 17:31:41'),
(1373, 1, 765, 1, '2018-08-06 17:32:26'),
(1374, 1, 766, 1, '2018-08-06 17:32:53'),
(1375, 1, 767, 1, '2018-08-06 17:33:51'),
(1376, 1, 768, 1, '2018-08-06 17:34:05'),
(1377, 1, 769, 1, '2018-08-06 17:35:47'),
(1378, 1, 770, 1, '2018-08-06 17:37:51'),
(1379, 1, 771, 1, '2018-08-06 17:38:07'),
(1380, 1, 772, 1, '2018-08-07 08:39:20'),
(1381, 1, 773, 1, '2018-08-07 09:16:38'),
(1382, 1, 774, 1, '2018-08-07 09:17:20'),
(1383, 1, 775, 1, '2018-08-07 09:18:16'),
(1384, 1, 776, 1, '2018-08-07 09:20:19'),
(1385, 1, 777, 1, '2018-08-07 14:24:26'),
(1386, 1, 778, 1, '2018-08-07 14:24:37'),
(1387, 1, 779, 1, '2018-08-07 14:59:47'),
(1388, 1, 780, 1, '2018-08-07 14:59:59'),
(1389, 1, 781, 1, '2018-08-07 15:01:30'),
(1390, 1, 782, 1, '2018-08-07 15:01:46'),
(1391, 1, 783, 1, '2018-08-07 15:02:00'),
(1392, 1, 784, 1, '2018-08-07 15:02:18'),
(1393, 1, 785, 1, '2018-08-07 15:02:34'),
(1394, 1, 786, 1, '2018-08-07 15:03:01'),
(1395, 1, 787, 1, '2018-08-07 15:03:15'),
(1396, 1, 788, 1, '2018-08-07 15:04:27'),
(1397, 1, 789, 1, '2018-08-07 15:04:57'),
(1398, 1, 790, 1, '2018-08-07 15:13:54'),
(1399, 1, 791, 1, '2018-08-07 16:46:42'),
(1400, 1, 792, 1, '2018-08-07 16:47:01'),
(1401, 1, 793, 1, '2018-08-07 16:47:28'),
(1402, 1, 794, 1, '2018-08-07 16:47:43'),
(1403, 1, 795, 1, '2018-08-07 16:48:08'),
(1404, 1, 796, 1, '2018-08-07 16:48:39'),
(1405, 1, 797, 1, '2018-08-07 16:48:58'),
(1406, 1, 798, 1, '2018-08-07 16:49:09'),
(1407, 1, 799, 1, '2018-08-07 16:49:30'),
(1408, 1, 800, 1, '2018-08-07 16:50:18'),
(1409, 1, 801, 1, '2018-08-07 16:50:28'),
(1410, 1, 802, 1, '2018-08-07 16:50:41'),
(1411, 1, 803, 1, '2018-08-07 16:50:56'),
(1413, 1, 805, 1, '2018-08-07 16:52:15'),
(1415, 1, 807, 1, '2018-08-07 16:53:41'),
(1416, 1, 808, 1, '2018-08-07 16:53:57'),
(1417, 1, 809, 1, '2018-08-07 16:55:05'),
(1418, 1, 810, 1, '2018-08-07 16:56:41'),
(1419, 1, 811, 1, '2018-08-07 16:57:02'),
(1420, 1, 812, 1, '2018-08-07 16:57:30'),
(1421, 1, 813, 1, '2018-08-07 16:57:53'),
(1422, 1, 814, 1, '2018-08-07 16:58:16'),
(1423, 1, 815, 1, '2018-08-07 16:58:29'),
(1424, 1, 816, 1, '2018-08-07 16:58:42'),
(1425, 1, 817, 1, '2018-08-07 16:59:06'),
(1426, 1, 818, 1, '2018-08-07 17:07:44'),
(1427, 1, 819, 1, '2018-08-07 17:08:01'),
(1428, 1, 820, 1, '2018-08-07 17:08:12'),
(1429, 1, 821, 1, '2018-08-07 17:09:19'),
(1430, 1, 822, 1, '2018-08-07 17:10:22'),
(1431, 1, 823, 1, '2018-08-07 17:10:36'),
(1432, 1, 824, 1, '2018-08-07 17:10:53'),
(1433, 1, 825, 1, '2018-08-07 17:11:12'),
(1434, 1, 826, 1, '2018-08-07 17:11:59'),
(1435, 1, 827, 1, '2018-08-07 17:12:30'),
(1470, 1, 862, 1, '2018-08-07 17:26:16'),
(1471, 1, 863, 1, '2018-08-07 17:26:24'),
(1472, 1, 864, 1, '2018-08-07 17:26:33'),
(1473, 1, 865, 1, '2018-08-07 17:28:10'),
(1474, 1, 866, 1, '2018-08-07 17:28:23'),
(1475, 1, 867, 1, '2018-08-07 17:28:45'),
(1476, 1, 868, 1, '2018-08-07 17:28:58'),
(1477, 1, 869, 1, '2018-08-07 17:29:19'),
(1478, 1, 870, 1, '2018-08-07 17:29:39'),
(1479, 1, 871, 1, '2018-08-07 17:32:25'),
(1480, 1, 872, 1, '2018-08-07 17:32:39'),
(1481, 1, 873, 1, '2018-08-07 17:33:17'),
(1482, 1, 874, 1, '2018-08-07 17:33:26'),
(1483, 1, 875, 1, '2018-08-07 17:33:43'),
(1484, 1, 876, 1, '2018-08-07 17:34:26'),
(1485, 1, 877, 1, '2018-08-07 17:34:35'),
(1486, 1, 878, 1, '2018-08-07 17:35:02'),
(1487, 1, 879, 1, '2018-08-07 17:35:13'),
(1488, 1, 880, 1, '2018-08-07 17:35:22'),
(1489, 1, 881, 1, '2018-08-07 17:35:31'),
(1490, 1, 882, 1, '2018-08-07 17:35:44'),
(1491, 1, 883, 1, '2018-08-07 17:36:48'),
(1492, 1, 884, 1, '2018-08-07 17:37:12'),
(1493, 1, 885, 1, '2018-08-07 17:37:28'),
(1494, 1, 886, 1, '2018-08-07 17:38:16'),
(1495, 1, 887, 1, '2018-08-07 17:38:59'),
(1496, 1, 888, 1, '2018-08-07 17:39:10'),
(1497, 1, 889, 1, '2018-08-07 17:39:25'),
(1498, 1, 890, 1, '2018-08-07 17:39:36'),
(1499, 1, 891, 1, '2018-08-07 17:39:47'),
(1500, 1, 892, 1, '2018-08-07 17:40:03'),
(1501, 1, 893, 1, '2018-08-07 17:40:21'),
(1502, 1, 894, 1, '2018-08-07 17:40:29'),
(1503, 1, 895, 1, '2018-08-07 17:40:42'),
(1504, 1, 896, 1, '2018-08-07 17:40:55'),
(1505, 1, 897, 1, '2018-08-07 17:42:13'),
(1506, 1, 898, 1, '2018-08-12 17:39:59'),
(1507, 1, 899, 1, '2018-08-12 17:40:46'),
(1508, 1, 900, 1, '2018-08-12 17:41:00'),
(1509, 1, 901, 1, '2018-08-12 17:41:11'),
(1510, 1, 902, 1, '2018-08-12 17:41:21'),
(1511, 1, 903, 1, '2018-08-12 17:41:33'),
(1512, 1, 904, 1, '2018-08-12 17:41:46'),
(1513, 1, 905, 1, '2018-08-12 17:42:09'),
(1514, 1, 906, 1, '2018-08-12 17:42:21'),
(1515, 1, 907, 1, '2018-08-12 17:43:01'),
(1516, 1, 908, 1, '2018-08-12 17:43:17'),
(1517, 1, 909, 1, '2018-08-12 17:43:44'),
(1518, 1, 910, 1, '2018-08-12 17:43:56'),
(1519, 1, 911, 1, '2018-08-12 17:44:10'),
(1520, 1, 912, 1, '2018-08-12 17:44:23'),
(1521, 1, 913, 1, '2018-08-12 17:44:33'),
(1522, 1, 914, 1, '2018-08-12 17:44:47'),
(1523, 1, 915, 1, '2018-08-12 17:44:57'),
(1524, 1, 916, 1, '2018-08-12 17:45:10'),
(1525, 1, 917, 1, '2018-08-12 17:45:23'),
(1526, 1, 918, 1, '2018-08-12 17:46:53'),
(1527, 1, 919, 1, '2018-08-12 17:47:01'),
(1528, 1, 920, 1, '2018-08-12 17:47:16'),
(1529, 1, 921, 1, '2018-08-12 17:47:30'),
(1530, 1, 922, 1, '2018-08-12 17:47:47'),
(1531, 1, 923, 1, '2018-08-12 17:48:03'),
(1532, 1, 924, 1, '2018-08-12 17:48:14'),
(1533, 1, 925, 1, '2018-08-12 17:48:23'),
(1534, 1, 926, 1, '2018-08-12 17:48:34'),
(1535, 1, 927, 1, '2018-08-12 17:48:54'),
(1536, 1, 928, 1, '2018-08-13 17:23:58'),
(1537, 1, 929, 1, '2018-08-13 17:24:11'),
(1538, 1, 930, 1, '2018-08-13 17:24:37'),
(1539, 1, 931, 1, '2018-08-13 17:25:15'),
(1540, 1, 932, 1, '2018-08-13 17:25:27'),
(1541, 1, 933, 1, '2018-08-13 17:25:47'),
(1542, 1, 934, 1, '2018-08-13 17:26:06'),
(1543, 1, 935, 1, '2018-08-13 17:26:45'),
(1544, 1, 936, 1, '2018-08-13 17:27:04'),
(1545, 1, 937, 1, '2018-08-13 17:29:29'),
(1546, 1, 938, 1, '2018-08-13 17:29:42'),
(1547, 1, 939, 1, '2018-08-13 17:29:54'),
(1548, 1, 940, 1, '2018-08-13 17:30:16'),
(1549, 1, 941, 1, '2018-08-13 17:30:33'),
(1550, 1, 942, 1, '2018-08-13 17:30:47'),
(1551, 1, 943, 1, '2018-08-13 17:31:00'),
(1552, 1, 944, 1, '2018-08-13 21:36:02'),
(1553, 1, 945, 1, '2018-08-13 21:36:45'),
(1554, 1, 946, 1, '2018-08-13 21:37:00'),
(1555, 1, 947, 1, '2018-08-13 21:37:15'),
(1556, 1, 948, 1, '2018-08-13 21:37:28'),
(1557, 1, 949, 1, '2018-08-13 21:37:43'),
(1558, 1, 950, 1, '2018-08-13 21:38:10'),
(1559, 1, 951, 1, '2018-08-13 21:38:23'),
(1560, 1, 952, 1, '2018-08-13 21:38:32'),
(1561, 1, 953, 1, '2018-08-13 21:38:41'),
(1562, 1, 954, 1, '2018-08-13 21:39:00'),
(1563, 1, 955, 1, '2018-08-13 21:39:12'),
(1564, 1, 956, 1, '2018-08-13 21:39:24'),
(1565, 1, 957, 1, '2018-08-14 16:58:11'),
(1566, 1, 958, 1, '2018-08-14 16:58:32'),
(1567, 1, 959, 1, '2018-08-14 16:58:48'),
(1568, 1, 960, 1, '2018-08-14 16:59:08'),
(1569, 1, 961, 1, '2018-08-14 16:59:38'),
(1570, 1, 962, 1, '2018-08-14 17:00:38'),
(1571, 1, 963, 1, '2018-08-14 17:00:59'),
(1572, 1, 964, 1, '2018-08-14 17:02:27'),
(1573, 1, 965, 1, '2018-08-14 17:10:26'),
(1574, 1, 966, 1, '2018-08-14 18:28:41'),
(1575, 1, 967, 1, '2018-08-14 20:18:08'),
(1576, 1, 968, 1, '2018-08-14 20:18:28'),
(1577, 1, 969, 1, '2018-08-14 20:18:47'),
(1578, 1, 970, 1, '2018-08-14 20:18:55'),
(1579, 1, 971, 1, '2018-08-15 08:37:38'),
(1580, 1, 972, 1, '2018-08-15 08:39:15'),
(1581, 1, 973, 1, '2018-08-15 08:39:28'),
(1582, 1, 974, 1, '2018-08-15 08:39:48'),
(1583, 1, 975, 1, '2018-08-15 08:40:00'),
(1584, 1, 976, 1, '2018-08-15 08:40:18'),
(1585, 1, 977, 1, '2018-08-15 08:40:36'),
(1586, 1, 978, 1, '2018-08-15 08:41:24'),
(1587, 1, 979, 1, '2018-08-15 08:41:52'),
(1588, 1, 980, 1, '2018-08-15 08:44:19'),
(1589, 1, 981, 1, '2018-08-15 08:45:05'),
(1590, 1, 982, 1, '2018-08-15 08:48:17'),
(1591, 1, 983, 1, '2018-08-15 09:25:56'),
(1592, 1, 984, 1, '2018-08-15 18:14:25'),
(1593, 1, 985, 1, '2018-08-15 18:14:47'),
(1594, 1, 986, 1, '2018-08-15 18:16:08'),
(1595, 1, 987, 1, '2018-08-15 19:13:46'),
(1596, 1, 988, 1, '2018-08-15 19:14:21'),
(1597, 1, 989, 1, '2018-08-15 19:14:49'),
(1598, 1, 990, 1, '2018-08-15 19:15:22'),
(1599, 1, 991, 1, '2018-08-15 19:15:51'),
(1600, 1, 992, 1, '2018-08-15 19:16:04'),
(1601, 1, 993, 1, '2018-08-15 19:19:31'),
(1602, 1, 994, 1, '2018-08-15 19:20:18'),
(1603, 1, 995, 1, '2018-08-15 19:20:31'),
(1604, 1, 996, 1, '2018-08-15 19:21:04'),
(1605, 1, 997, 1, '2018-08-15 19:21:15'),
(1606, 1, 998, 1, '2018-08-15 19:21:31'),
(1607, 1, 999, 1, '2018-08-15 19:21:45'),
(1608, 1, 1000, 1, '2018-08-15 19:21:55'),
(1609, 1, 1001, 1, '2018-08-15 19:22:14'),
(1610, 1, 1002, 1, '2018-08-15 19:22:43'),
(1611, 1, 1003, 1, '2018-08-15 19:23:05'),
(1612, 1, 1004, 1, '2018-08-15 20:31:48'),
(1613, 1, 1005, 1, '2018-08-16 16:09:33'),
(1615, 1, 1007, 1, '2018-08-16 16:24:32'),
(1616, 1, 1008, 1, '2018-08-16 17:19:33'),
(1618, 1, 1010, 1, '2018-08-16 17:20:00'),
(1619, 1, 1011, 1, '2018-08-17 08:44:23'),
(1620, 1, 1012, 1, '2018-08-17 09:16:20'),
(1621, 1, 1013, 1, '2018-08-17 09:47:22'),
(1622, 1, 1014, 1, '2018-08-17 09:47:56'),
(1623, 1, 1015, 1, '2018-08-17 09:48:26'),
(1624, 1, 1016, 1, '2018-08-17 09:48:44'),
(1625, 1, 1017, 1, '2018-08-17 09:49:16'),
(1626, 1, 1018, 1, '2018-08-17 09:49:47'),
(1627, 9, 301, 1, '2018-08-18 11:00:57'),
(1628, 9, 302, 1, '2018-08-18 11:00:57'),
(1629, 9, 303, 1, '2018-08-18 11:00:57'),
(1630, 9, 304, 1, '2018-08-18 11:00:57'),
(1631, 9, 305, 1, '2018-08-18 11:00:57'),
(1632, 9, 313, 1, '2018-08-18 11:00:57'),
(1633, 9, 1007, 1, '2018-08-18 11:00:57'),
(1634, 9, 292, 1, '2018-08-18 11:00:57'),
(1635, 9, 293, 1, '2018-08-18 11:00:57'),
(1636, 9, 294, 1, '2018-08-18 11:00:57'),
(1637, 9, 295, 1, '2018-08-18 11:00:57'),
(1638, 9, 296, 1, '2018-08-18 11:00:57'),
(1639, 9, 297, 1, '2018-08-18 11:00:57'),
(1640, 9, 298, 1, '2018-08-18 11:00:57'),
(1641, 9, 319, 1, '2018-08-18 11:00:57'),
(1642, 9, 320, 1, '2018-08-18 11:00:57'),
(1643, 9, 321, 1, '2018-08-18 11:00:57'),
(1644, 9, 322, 1, '2018-08-18 11:00:57'),
(1645, 9, 324, 1, '2018-08-18 11:00:57'),
(1646, 9, 323, 1, '2018-08-18 11:00:57'),
(1647, 9, 325, 1, '2018-08-18 11:00:57'),
(1648, 9, 326, 1, '2018-08-18 11:00:57'),
(1649, 9, 405, 1, '2018-08-18 11:00:57'),
(1650, 9, 406, 1, '2018-08-18 11:00:57'),
(1651, 9, 1008, 1, '2018-08-18 11:00:57'),
(1652, 9, 1010, 1, '2018-08-18 11:00:57'),
(1653, 9, 376, 1, '2018-08-18 11:00:57'),
(1654, 9, 377, 1, '2018-08-18 11:00:57'),
(1655, 9, 378, 1, '2018-08-18 11:00:57'),
(1656, 9, 379, 1, '2018-08-18 11:00:57'),
(1657, 9, 400, 1, '2018-08-18 11:00:57'),
(1658, 9, 380, 1, '2018-08-18 11:00:57'),
(1659, 9, 381, 1, '2018-08-18 11:00:57'),
(1660, 9, 407, 1, '2018-08-18 11:00:57'),
(1661, 9, 408, 1, '2018-08-18 11:00:57'),
(1662, 9, 418, 1, '2018-08-18 11:00:57'),
(1663, 9, 419, 1, '2018-08-18 11:00:57'),
(1664, 9, 382, 1, '2018-08-18 11:00:57'),
(1665, 9, 383, 1, '2018-08-18 11:00:57'),
(1666, 9, 384, 1, '2018-08-18 11:00:57'),
(1667, 9, 385, 1, '2018-08-18 11:00:57'),
(1668, 9, 401, 1, '2018-08-18 11:00:57'),
(1669, 9, 386, 1, '2018-08-18 11:00:57'),
(1670, 9, 387, 1, '2018-08-18 11:00:57'),
(1671, 9, 409, 1, '2018-08-18 11:00:57'),
(1672, 9, 410, 1, '2018-08-18 11:00:57'),
(1673, 9, 421, 1, '2018-08-18 11:00:57'),
(1674, 9, 420, 1, '2018-08-18 11:00:57'),
(1675, 9, 388, 1, '2018-08-18 11:00:57'),
(1676, 9, 389, 1, '2018-08-18 11:00:57'),
(1677, 9, 390, 1, '2018-08-18 11:00:57'),
(1678, 9, 391, 1, '2018-08-18 11:00:57'),
(1679, 9, 402, 1, '2018-08-18 11:00:57'),
(1680, 9, 392, 1, '2018-08-18 11:00:57'),
(1681, 9, 393, 1, '2018-08-18 11:00:57'),
(1682, 9, 412, 1, '2018-08-18 11:00:57'),
(1683, 9, 411, 1, '2018-08-18 11:00:57'),
(1684, 9, 416, 1, '2018-08-18 11:00:57'),
(1685, 9, 415, 1, '2018-08-18 11:00:57'),
(1686, 9, 394, 1, '2018-08-18 11:00:57'),
(1687, 9, 395, 1, '2018-08-18 11:00:57'),
(1688, 9, 396, 1, '2018-08-18 11:00:57'),
(1689, 9, 397, 1, '2018-08-18 11:00:57'),
(1690, 9, 403, 1, '2018-08-18 11:00:57'),
(1691, 9, 398, 1, '2018-08-18 11:00:57'),
(1692, 9, 399, 1, '2018-08-18 11:00:57'),
(1693, 9, 413, 1, '2018-08-18 11:00:57'),
(1694, 9, 414, 1, '2018-08-18 11:00:57'),
(1695, 9, 422, 1, '2018-08-18 11:00:57'),
(1696, 9, 423, 1, '2018-08-18 11:00:57'),
(1720, 9, 331, 1, '2018-08-18 11:00:57'),
(1721, 9, 332, 1, '2018-08-18 11:00:57'),
(1722, 9, 333, 1, '2018-08-18 11:00:57'),
(1723, 9, 334, 1, '2018-08-18 11:00:57'),
(1724, 9, 335, 1, '2018-08-18 11:00:57'),
(1725, 9, 353, 1, '2018-08-18 11:00:57'),
(1726, 9, 336, 1, '2018-08-18 11:00:57'),
(1727, 9, 337, 1, '2018-08-18 11:00:57'),
(1728, 9, 368, 1, '2018-08-18 11:00:57'),
(1729, 9, 338, 1, '2018-08-18 11:00:57'),
(1730, 9, 339, 1, '2018-08-18 11:00:57'),
(1731, 9, 340, 1, '2018-08-18 11:00:57'),
(1732, 9, 341, 1, '2018-08-18 11:00:57'),
(1733, 9, 342, 1, '2018-08-18 11:00:57'),
(1734, 9, 343, 1, '2018-08-18 11:00:57'),
(1735, 9, 344, 1, '2018-08-18 11:00:57'),
(1736, 9, 345, 1, '2018-08-18 11:00:57'),
(1737, 9, 346, 1, '2018-08-18 11:00:57'),
(1738, 9, 347, 1, '2018-08-18 11:00:57'),
(1739, 9, 348, 1, '2018-08-18 11:00:57'),
(1740, 9, 349, 1, '2018-08-18 11:00:57'),
(1741, 9, 350, 1, '2018-08-18 11:00:57'),
(1742, 9, 351, 1, '2018-08-18 11:00:57'),
(1743, 9, 352, 1, '2018-08-18 11:00:57'),
(1744, 9, 172, 1, '2018-08-18 11:00:57'),
(1745, 9, 173, 1, '2018-08-18 11:00:57'),
(1746, 9, 174, 1, '2018-08-18 11:00:57'),
(1747, 9, 175, 1, '2018-08-18 11:00:57'),
(1748, 9, 176, 1, '2018-08-18 11:00:57'),
(1749, 9, 177, 1, '2018-08-18 11:00:57'),
(1750, 9, 178, 1, '2018-08-18 11:00:57'),
(1751, 9, 179, 1, '2018-08-18 11:00:57'),
(1752, 9, 452, 1, '2018-08-18 11:00:57'),
(1753, 9, 454, 1, '2018-08-18 11:00:57'),
(1754, 9, 258, 1, '2018-08-18 11:00:57'),
(1755, 9, 259, 1, '2018-08-18 11:00:57'),
(1756, 9, 260, 1, '2018-08-18 11:00:57'),
(1757, 9, 261, 1, '2018-08-18 11:00:57'),
(1758, 9, 12, 1, '2018-08-18 11:00:57'),
(1759, 9, 13, 1, '2018-08-18 11:00:57'),
(1760, 9, 14, 1, '2018-08-18 11:00:57'),
(1761, 9, 15, 1, '2018-08-18 11:00:57'),
(1762, 9, 180, 1, '2018-08-18 11:00:57'),
(1763, 9, 453, 1, '2018-08-18 11:00:57'),
(1764, 9, 181, 1, '2018-08-18 11:00:57'),
(1765, 9, 182, 1, '2018-08-18 11:00:57'),
(1766, 1, 1019, 1, '2018-08-18 15:13:41'),
(1767, 1, 1020, 1, '2018-08-18 15:20:28'),
(1768, 1, 1021, 1, '2018-08-18 17:31:32'),
(1769, 1, 1022, 1, '2018-08-18 17:31:44'),
(1770, 1, 1023, 1, '2018-08-18 17:32:01'),
(1771, 1, 1024, 1, '2018-08-18 17:32:12'),
(1772, 1, 1025, 1, '2018-08-18 17:32:24'),
(1773, 1, 1026, 1, '2018-08-18 17:32:48'),
(1774, 1, 1027, 1, '2018-08-18 17:33:15'),
(1775, 1, 1028, 1, '2018-08-18 17:33:38'),
(1776, 1, 1029, 1, '2018-08-18 17:34:02'),
(1777, 1, 1030, 1, '2018-08-20 09:37:05'),
(1778, 1, 1031, 1, '2018-08-20 09:37:48'),
(1779, 1, 1032, 1, '2018-08-20 09:38:32'),
(1780, 1, 1033, 1, '2018-08-20 09:38:47'),
(1781, 1, 1034, 1, '2018-08-20 09:39:14'),
(1782, 1, 1035, 1, '2018-08-20 09:40:30'),
(1783, 1, 1036, 1, '2018-08-20 09:40:57'),
(1784, 1, 1037, 1, '2018-08-20 09:41:07'),
(1785, 1, 1038, 1, '2018-08-20 09:41:29'),
(1786, 1, 1039, 1, '2018-08-20 09:41:54'),
(1787, 1, 1040, 1, '2018-08-20 10:00:15'),
(1788, 1, 1041, 1, '2018-08-20 10:33:40'),
(1789, 1, 1042, 1, '2018-08-20 10:34:16'),
(1790, 1, 1043, 1, '2018-08-20 10:40:01'),
(1791, 1, 1044, 1, '2018-08-20 10:40:25'),
(1792, 1, 1045, 1, '2018-08-20 10:41:31'),
(1793, 1, 1046, 1, '2018-08-20 10:41:46'),
(1794, 1, 1047, 1, '2018-08-20 10:41:56'),
(1795, 1, 1048, 1, '2018-08-20 10:42:50'),
(1796, 1, 1049, 1, '2018-08-20 10:43:16'),
(1797, 1, 1050, 1, '2018-08-20 10:43:29'),
(1798, 1, 1051, 1, '2018-08-20 10:43:39'),
(1799, 1, 1052, 1, '2018-08-20 10:43:55'),
(1800, 1, 1053, 1, '2018-08-20 10:44:10'),
(1801, 1, 1054, 1, '2018-08-20 10:44:31'),
(1802, 1, 1055, 1, '2018-08-20 10:44:46'),
(1803, 1, 1056, 1, '2018-08-20 11:05:43'),
(1804, 1, 1057, 1, '2018-08-20 11:06:12'),
(1805, 1, 1058, 1, '2018-08-20 11:06:39'),
(1806, 1, 1059, 1, '2018-08-20 11:07:16'),
(1807, 1, 1060, 1, '2018-08-20 14:22:41'),
(1808, 1, 1061, 1, '2018-08-20 14:23:15'),
(1809, 1, 1062, 1, '2018-08-20 14:23:35'),
(1810, 1, 1063, 1, '2018-08-20 14:23:57'),
(1811, 1, 1064, 1, '2018-08-20 14:24:18'),
(1812, 1, 1065, 1, '2018-08-20 14:25:27'),
(1813, 1, 1066, 1, '2018-08-20 14:25:59'),
(1814, 1, 1067, 1, '2018-08-20 14:26:48');
INSERT INTO `j_role_element` (`re_id`, `re_role_id`, `re_element_id`, `re_creator`, `re_create_datetime`) VALUES
(1815, 1, 1068, 1, '2018-08-20 14:27:01'),
(1816, 1, 1069, 1, '2018-08-20 14:27:09'),
(1817, 1, 1070, 1, '2018-08-20 14:27:20'),
(1818, 1, 1071, 1, '2018-08-20 14:27:47'),
(1819, 1, 1072, 1, '2018-08-20 14:28:44'),
(1820, 1, 1073, 1, '2018-08-20 14:29:06'),
(1821, 1, 1074, 1, '2018-08-20 14:29:23'),
(1822, 1, 1075, 1, '2018-08-20 14:31:02'),
(1823, 1, 1076, 1, '2018-08-20 14:33:39'),
(1824, 1, 1077, 1, '2018-08-20 14:33:50'),
(1825, 1, 1078, 1, '2018-08-20 14:34:07'),
(1826, 1, 1079, 1, '2018-08-20 14:34:18'),
(1827, 1, 1080, 1, '2018-08-20 14:34:55'),
(1828, 1, 1081, 1, '2018-08-20 14:35:07'),
(1829, 1, 1082, 1, '2018-08-20 14:35:37'),
(1830, 1, 1083, 1, '2018-08-20 14:35:54'),
(1831, 1, 1084, 1, '2018-08-20 17:34:07'),
(1832, 1, 1085, 1, '2018-08-20 17:34:20'),
(1833, 1, 1086, 1, '2018-08-20 17:34:28'),
(1834, 1, 1087, 1, '2018-08-20 17:35:22'),
(1835, 1, 1088, 1, '2018-08-20 17:35:37'),
(1836, 1, 1089, 1, '2018-08-20 17:36:22'),
(1837, 1, 1090, 1, '2018-08-20 17:36:41'),
(1838, 1, 1091, 1, '2018-08-20 17:36:54'),
(1839, 1, 1092, 1, '2018-08-20 17:37:07'),
(1840, 1, 1093, 1, '2018-08-20 18:06:19'),
(1841, 1, 1094, 1, '2018-08-20 18:06:32'),
(1842, 1, 1095, 1, '2018-08-20 18:06:48'),
(1843, 1, 1096, 1, '2018-08-20 18:08:29'),
(1844, 1, 1097, 1, '2018-08-20 18:08:42'),
(1845, 1, 1098, 1, '2018-08-20 18:08:52'),
(1846, 1, 1099, 1, '2018-08-20 18:09:26'),
(1847, 1, 1100, 1, '2018-08-20 18:09:54'),
(1848, 1, 1101, 1, '2018-08-20 18:11:17'),
(1849, 1, 1102, 1, '2018-08-20 18:12:54'),
(1850, 1, 1103, 1, '2018-08-20 18:13:03'),
(1851, 1, 1104, 1, '2018-08-20 18:13:15'),
(1852, 1, 1105, 1, '2018-08-20 18:13:36'),
(1853, 1, 1106, 1, '2018-08-20 18:14:01'),
(1854, 1, 1107, 1, '2018-08-20 18:14:24'),
(1855, 1, 1108, 1, '2018-08-20 18:14:38'),
(1856, 1, 1109, 1, '2018-08-20 18:14:49'),
(1857, 1, 1110, 1, '2018-08-20 18:15:08'),
(1858, 1, 1111, 1, '2018-08-20 18:15:24'),
(1859, 1, 1112, 1, '2018-08-20 18:15:35'),
(1860, 1, 1113, 1, '2018-08-20 18:15:57'),
(1861, 1, 1114, 1, '2018-08-20 18:16:15'),
(1862, 1, 1115, 1, '2018-08-20 18:16:40'),
(1863, 1, 1116, 1, '2018-08-20 19:40:33'),
(1864, 1, 1117, 1, '2018-08-20 19:41:17'),
(1865, 1, 1118, 1, '2018-08-20 19:41:29'),
(1866, 1, 1119, 1, '2018-08-20 19:41:43'),
(1867, 1, 1120, 1, '2018-08-20 19:41:51'),
(1868, 1, 1121, 1, '2018-08-20 19:42:11'),
(1869, 1, 1122, 1, '2018-08-20 19:43:07'),
(1870, 1, 1123, 1, '2018-08-20 19:43:19'),
(1871, 1, 1124, 1, '2018-08-20 19:43:41'),
(1872, 1, 1125, 1, '2018-08-20 20:08:31'),
(1873, 1, 1126, 1, '2018-08-20 20:08:44'),
(1874, 1, 1127, 1, '2018-08-20 20:08:54'),
(1875, 1, 1128, 1, '2018-08-20 20:09:02'),
(1876, 1, 1129, 1, '2018-08-20 20:09:12'),
(1877, 1, 1130, 1, '2018-08-20 20:09:33'),
(1878, 1, 1131, 1, '2018-08-20 20:09:59'),
(1879, 1, 1132, 1, '2018-08-20 20:10:10'),
(1880, 1, 1133, 1, '2018-08-20 21:22:51'),
(1881, 1, 1134, 1, '2018-08-20 21:26:26'),
(1882, 1, 1135, 1, '2018-08-20 21:27:24'),
(1883, 1, 1136, 1, '2018-08-20 21:27:33'),
(1884, 1, 1137, 1, '2018-08-20 21:27:44'),
(1885, 1, 1138, 1, '2018-08-20 21:27:54'),
(1886, 1, 1139, 1, '2018-08-20 21:28:27'),
(1887, 1, 1140, 1, '2018-08-20 21:28:45'),
(1888, 1, 1141, 1, '2018-08-20 21:33:36'),
(1889, 1, 1142, 1, '2018-08-20 21:33:44'),
(1890, 1, 1143, 1, '2018-08-20 21:33:52'),
(1891, 1, 1144, 1, '2018-08-20 21:34:01'),
(1892, 1, 1145, 1, '2018-08-20 21:34:09'),
(1893, 1, 1146, 1, '2018-08-20 21:34:21'),
(1894, 1, 1147, 1, '2018-08-20 21:34:46'),
(1895, 1, 1148, 1, '2018-08-20 21:34:58'),
(1896, 1, 1149, 1, '2018-08-20 21:37:35'),
(1897, 1, 1150, 1, '2018-08-20 21:37:46'),
(1898, 1, 1151, 1, '2018-08-20 21:37:54'),
(1899, 1, 1152, 1, '2018-08-20 21:38:11'),
(1900, 1, 1153, 1, '2018-08-20 21:38:19'),
(1901, 1, 1154, 1, '2018-08-20 21:39:08'),
(1902, 1, 1155, 1, '2018-08-20 21:43:18'),
(1903, 1, 1156, 1, '2018-08-20 21:43:25'),
(1904, 1, 1157, 1, '2018-08-20 21:43:42'),
(1905, 1, 1158, 1, '2018-08-20 21:43:55'),
(1906, 1, 1159, 1, '2018-08-20 21:44:07'),
(1907, 1, 1160, 1, '2018-08-20 21:44:30'),
(1908, 1, 1161, 1, '2018-08-20 21:44:47'),
(1909, 1, 1162, 1, '2018-08-20 21:44:58'),
(1910, 1, 1163, 1, '2018-08-21 15:28:27'),
(1911, 1, 1164, 1, '2018-08-21 15:28:45'),
(1912, 1, 1165, 1, '2018-08-21 15:28:54'),
(1913, 1, 1166, 1, '2018-08-21 15:29:19'),
(1914, 1, 1167, 1, '2018-08-21 15:29:40'),
(1915, 1, 1168, 1, '2018-08-21 15:30:02'),
(1916, 1, 1169, 1, '2018-08-21 15:39:13'),
(1917, 1, 1170, 1, '2018-08-21 15:39:33'),
(1918, 1, 1171, 1, '2018-08-21 15:39:47'),
(1919, 1, 1172, 1, '2018-08-21 15:41:01'),
(1920, 1, 1173, 1, '2018-08-21 15:41:18'),
(1921, 1, 1174, 1, '2018-08-21 15:41:46'),
(1922, 1, 1175, 1, '2018-08-21 15:42:20'),
(1923, 1, 1176, 1, '2018-08-21 15:42:42'),
(1924, 1, 1177, 1, '2018-08-21 15:42:58'),
(1925, 1, 1178, 1, '2018-08-21 15:43:16'),
(1926, 1, 1179, 1, '2018-08-21 15:43:30'),
(1927, 1, 1180, 1, '2018-08-21 15:43:53'),
(1928, 1, 1181, 1, '2018-08-21 15:45:05'),
(1929, 1, 1182, 1, '2018-08-21 15:45:27'),
(1930, 1, 1183, 1, '2018-08-21 15:45:46'),
(1931, 1, 1184, 1, '2018-08-22 17:10:16'),
(1932, 1, 1185, 1, '2018-08-22 17:10:33'),
(1933, 1, 1186, 1, '2018-08-22 17:10:51'),
(1934, 1, 1187, 1, '2018-08-22 17:11:03'),
(1935, 1, 1188, 1, '2018-08-22 17:11:14'),
(1936, 1, 1189, 1, '2018-08-22 17:11:24'),
(1937, 1, 1190, 1, '2018-08-22 17:11:49'),
(1938, 1, 1191, 1, '2018-08-22 17:12:05'),
(1939, 1, 1192, 1, '2018-08-22 17:12:24'),
(1940, 1, 1193, 1, '2018-08-22 17:12:42'),
(1941, 1, 1194, 1, '2018-08-22 17:12:58'),
(1942, 1, 1195, 1, '2018-08-22 20:05:20'),
(1943, 1, 1196, 1, '2018-08-22 20:05:38'),
(1944, 1, 1197, 1, '2018-08-22 20:05:49'),
(1945, 1, 1198, 1, '2018-08-22 20:05:59'),
(1946, 1, 1199, 1, '2018-08-22 20:06:22'),
(1947, 1, 1200, 1, '2018-08-22 20:06:36'),
(1952, 1, 1205, 1, '2018-08-22 20:25:41'),
(1953, 1, 1206, 1, '2018-08-23 11:49:45'),
(1954, 1, 1207, 1, '2018-08-23 19:18:05'),
(1955, 1, 1208, 1, '2018-08-23 19:18:56'),
(1956, 1, 1209, 1, '2018-08-23 19:19:15'),
(1957, 1, 1210, 1, '2018-08-23 19:19:27'),
(1958, 1, 1211, 1, '2018-08-23 19:20:06'),
(1959, 1, 1212, 1, '2018-08-23 19:20:25'),
(1960, 1, 1213, 1, '2018-08-23 19:20:37'),
(1961, 1, 1214, 1, '2018-08-23 19:21:21'),
(1962, 1, 1215, 1, '2018-08-23 19:21:36'),
(1963, 1, 1216, 1, '2018-08-24 18:09:47'),
(1964, 1, 1217, 1, '2018-08-24 20:46:28'),
(1965, 1, 1218, 1, '2018-08-24 21:02:58'),
(1970, 1, 1223, 1, '2018-08-25 09:09:51'),
(1971, 1, 1224, 1, '2018-08-25 09:10:06'),
(1972, 1, 1225, 1, '2018-08-25 09:10:35'),
(1973, 1, 1226, 1, '2018-08-25 09:10:50'),
(1974, 1, 1227, 1, '2018-08-25 09:11:12'),
(1975, 1, 1228, 1, '2018-08-25 09:11:29'),
(1976, 1, 1229, 1, '2018-08-25 09:11:46'),
(1977, 1, 1230, 1, '2018-08-25 09:11:54'),
(1978, 1, 1231, 1, '2018-08-25 09:12:09'),
(1979, 1, 1232, 1, '2018-08-25 09:12:19'),
(1980, 1, 1233, 1, '2018-08-25 09:12:43'),
(1981, 1, 1234, 1, '2018-08-25 09:14:07'),
(1982, 1, 1235, 1, '2018-08-25 09:14:23'),
(1983, 1, 1236, 1, '2018-08-25 09:14:36'),
(1984, 1, 1237, 1, '2018-08-25 09:44:23'),
(1985, 1, 1238, 1, '2018-08-25 09:44:33'),
(1986, 1, 1239, 1, '2018-08-25 09:44:43'),
(1987, 1, 1240, 1, '2018-08-25 09:45:11'),
(1988, 1, 1241, 1, '2018-08-26 10:05:00'),
(1989, 1, 1242, 1, '2018-08-26 11:16:09'),
(1990, 1, 1243, 1, '2018-08-26 11:41:18'),
(1991, 1, 1244, 1, '2018-08-26 11:41:38'),
(1992, 1, 1245, 1, '2018-08-26 11:42:11'),
(1993, 1, 1246, 1, '2018-08-26 11:42:27'),
(1994, 1, 1247, 1, '2018-08-26 11:42:51'),
(1997, 1, 1250, 1, '2018-08-26 11:45:29'),
(1998, 1, 1251, 1, '2018-08-26 11:45:37'),
(1999, 1, 1252, 1, '2018-08-26 11:45:46'),
(2000, 1, 1253, 1, '2018-08-26 11:46:21'),
(2001, 1, 1254, 1, '2018-08-26 11:46:34'),
(2002, 1, 1255, 1, '2018-08-26 16:48:28'),
(2003, 1, 1256, 1, '2018-08-26 16:49:39'),
(2004, 1, 1257, 1, '2018-08-26 16:49:57'),
(2005, 1, 1258, 1, '2018-08-26 16:51:27'),
(2006, 1, 1259, 1, '2018-08-28 14:38:46');

-- --------------------------------------------------------

--
-- 表的结构 `j_role_form`
--

CREATE TABLE `j_role_form` (
  `rf_id` int(10) UNSIGNED NOT NULL COMMENT 'v',
  `rf_role_id` smallint(4) UNSIGNED NOT NULL COMMENT '角色',
  `rf_form_id` smallint(4) UNSIGNED NOT NULL COMMENT '表单',
  `rf_creator` smallint(4) UNSIGNED NOT NULL COMMENT '创建人',
  `rf_create_datetime` datetime NOT NULL COMMENT '创建日期'
) ENGINE=InnoDB DEFAULT CHARSET=utf8 COMMENT='角色表单';

--
-- 转存表中的数据 `j_role_form`
--

INSERT INTO `j_role_form` (`rf_id`, `rf_role_id`, `rf_form_id`, `rf_creator`, `rf_create_datetime`) VALUES
(21, 2, 1, 1, '2018-02-14 05:23:22'),
(22, 2, 14, 1, '2018-02-14 05:23:22'),
(23, 2, 11, 1, '2018-02-14 05:23:22'),
(295, 4, 150, 1, '2018-06-04 08:44:19'),
(297, 4, 151, 1, '2018-06-04 08:44:19'),
(302, 4, 158, 1, '2018-06-04 08:44:19'),
(303, 4, 157, 1, '2018-06-04 08:44:19'),
(309, 4, 142, 1, '2018-06-04 08:44:19'),
(310, 4, 141, 1, '2018-06-04 08:44:19'),
(311, 4, 145, 1, '2018-06-04 08:44:19'),
(312, 4, 144, 1, '2018-06-04 08:44:19'),
(313, 4, 143, 1, '2018-06-04 08:44:19'),
(314, 4, 146, 1, '2018-06-04 08:44:19'),
(315, 4, 149, 1, '2018-06-04 08:44:19'),
(316, 4, 148, 1, '2018-06-04 08:44:19'),
(317, 4, 147, 1, '2018-06-04 08:44:19'),
(594, 1, 10, 1, '2018-06-06 17:09:33'),
(595, 1, 14, 1, '2018-06-06 17:09:33'),
(596, 1, 2, 1, '2018-06-06 17:09:33'),
(597, 1, 6, 1, '2018-06-06 17:09:33'),
(598, 1, 9, 1, '2018-06-06 17:09:33'),
(599, 1, 13, 1, '2018-06-06 17:09:33'),
(600, 1, 1, 1, '2018-06-06 17:09:33'),
(601, 1, 5, 1, '2018-06-06 17:09:33'),
(602, 1, 12, 1, '2018-06-06 17:09:33'),
(603, 1, 16, 1, '2018-06-06 17:09:33'),
(604, 1, 4, 1, '2018-06-06 17:09:33'),
(605, 1, 8, 1, '2018-06-06 17:09:33'),
(606, 1, 11, 1, '2018-06-06 17:09:33'),
(607, 1, 15, 1, '2018-06-06 17:09:33'),
(608, 1, 3, 1, '2018-06-06 17:09:33'),
(610, 1, 151, 1, '2018-06-06 17:09:33'),
(611, 1, 150, 1, '2018-06-06 17:09:33'),
(617, 1, 158, 1, '2018-06-06 17:09:33'),
(618, 1, 157, 1, '2018-06-06 17:09:33'),
(624, 1, 143, 1, '2018-06-06 17:09:33'),
(625, 1, 142, 1, '2018-06-06 17:09:33'),
(626, 1, 141, 1, '2018-06-06 17:09:33'),
(627, 1, 145, 1, '2018-06-06 17:09:33'),
(628, 1, 144, 1, '2018-06-06 17:09:33'),
(629, 1, 147, 1, '2018-06-06 17:09:33'),
(630, 1, 146, 1, '2018-06-06 17:09:33'),
(631, 1, 149, 1, '2018-06-06 17:09:33'),
(632, 1, 148, 1, '2018-06-06 17:09:33'),
(633, 1, 163, 1, '2018-06-06 17:09:33'),
(634, 1, 162, 1, '2018-06-06 17:09:33'),
(635, 1, 166, 1, '2018-06-06 17:09:33'),
(636, 1, 161, 1, '2018-06-06 17:09:33'),
(637, 1, 165, 1, '2018-06-06 17:09:33'),
(638, 1, 164, 1, '2018-06-06 17:09:33'),
(639, 1, 176, 1, '2018-06-06 17:09:33'),
(640, 1, 175, 1, '2018-06-06 17:09:33'),
(641, 1, 174, 1, '2018-06-06 17:09:33'),
(642, 1, 173, 1, '2018-06-06 17:09:33'),
(643, 1, 172, 1, '2018-06-06 17:09:33'),
(644, 1, 18, 1, '2018-06-06 17:09:33'),
(645, 1, 17, 1, '2018-06-06 17:09:33'),
(646, 1, 19, 1, '2018-06-06 17:09:33'),
(647, 1, 21, 1, '2018-06-06 17:09:33'),
(648, 1, 20, 1, '2018-06-06 17:09:33'),
(649, 1, 167, 1, '2018-06-06 17:09:33'),
(650, 1, 168, 1, '2018-06-06 17:09:33'),
(651, 1, 169, 1, '2018-06-06 17:09:33'),
(652, 1, 121, 1, '2018-06-06 17:09:33'),
(653, 1, 125, 1, '2018-06-06 17:09:33'),
(654, 1, 120, 1, '2018-06-06 17:09:33'),
(655, 1, 124, 1, '2018-06-06 17:09:33'),
(656, 1, 128, 1, '2018-06-06 17:09:33'),
(657, 1, 119, 1, '2018-06-06 17:09:33'),
(658, 1, 123, 1, '2018-06-06 17:09:33'),
(659, 1, 127, 1, '2018-06-06 17:09:33'),
(660, 1, 122, 1, '2018-06-06 17:09:33'),
(661, 1, 126, 1, '2018-06-06 17:09:33'),
(662, 1, 129, 1, '2018-06-06 17:09:33'),
(663, 1, 131, 1, '2018-06-06 17:09:33'),
(664, 1, 135, 1, '2018-06-06 17:09:33'),
(665, 1, 134, 1, '2018-06-06 17:09:33'),
(666, 1, 137, 1, '2018-06-06 17:09:33'),
(667, 1, 133, 1, '2018-06-06 17:09:33'),
(668, 1, 130, 1, '2018-06-06 17:09:33'),
(669, 1, 132, 1, '2018-06-06 17:09:33'),
(670, 1, 136, 1, '2018-06-06 17:09:33'),
(671, 1, 34, 1, '2018-06-06 17:09:33'),
(672, 1, 22, 1, '2018-06-06 17:09:33'),
(673, 1, 26, 1, '2018-06-06 17:09:33'),
(674, 1, 30, 1, '2018-06-06 17:09:33'),
(675, 1, 33, 1, '2018-06-06 17:09:33'),
(676, 1, 25, 1, '2018-06-06 17:09:33'),
(677, 1, 29, 1, '2018-06-06 17:09:33'),
(678, 1, 170, 1, '2018-06-06 17:09:33'),
(679, 1, 32, 1, '2018-06-06 17:09:33'),
(680, 1, 24, 1, '2018-06-06 17:09:33'),
(681, 1, 28, 1, '2018-06-06 17:09:33'),
(682, 1, 31, 1, '2018-06-06 17:09:33'),
(683, 1, 189, 1, '2018-06-06 17:09:33'),
(684, 1, 23, 1, '2018-06-06 17:09:33'),
(685, 1, 27, 1, '2018-06-06 17:09:33'),
(686, 1, 38, 1, '2018-06-06 17:09:33'),
(687, 1, 42, 1, '2018-06-06 17:09:33'),
(688, 1, 171, 1, '2018-06-06 17:09:33'),
(689, 1, 37, 1, '2018-06-06 17:09:33'),
(690, 1, 41, 1, '2018-06-06 17:09:33'),
(691, 1, 46, 1, '2018-06-06 17:09:33'),
(692, 1, 223, 1, '2018-06-06 17:09:33'),
(693, 1, 36, 1, '2018-06-06 17:09:33'),
(694, 1, 40, 1, '2018-06-06 17:09:33'),
(695, 1, 190, 1, '2018-06-06 17:09:33'),
(696, 1, 45, 1, '2018-06-06 17:09:33'),
(697, 1, 35, 1, '2018-06-06 17:09:33'),
(698, 1, 39, 1, '2018-06-06 17:09:33'),
(699, 1, 43, 1, '2018-06-06 17:09:33'),
(700, 1, 44, 1, '2018-06-06 17:09:33'),
(701, 1, 204, 1, '2018-06-06 17:09:33'),
(702, 1, 192, 1, '2018-06-06 17:09:33'),
(703, 1, 196, 1, '2018-06-06 17:09:33'),
(704, 1, 200, 1, '2018-06-06 17:09:33'),
(705, 1, 203, 1, '2018-06-06 17:09:33'),
(706, 1, 191, 1, '2018-06-06 17:09:33'),
(707, 1, 195, 1, '2018-06-06 17:09:33'),
(708, 1, 199, 1, '2018-06-06 17:09:33'),
(709, 1, 202, 1, '2018-06-06 17:09:33'),
(710, 1, 206, 1, '2018-06-06 17:09:33'),
(711, 1, 194, 1, '2018-06-06 17:09:33'),
(712, 1, 198, 1, '2018-06-06 17:09:33'),
(713, 1, 205, 1, '2018-06-06 17:09:33'),
(714, 1, 193, 1, '2018-06-06 17:09:33'),
(715, 1, 197, 1, '2018-06-06 17:09:33'),
(716, 1, 201, 1, '2018-06-06 17:09:33'),
(717, 1, 208, 1, '2018-06-06 17:09:33'),
(718, 1, 212, 1, '2018-06-06 17:09:33'),
(719, 1, 216, 1, '2018-06-06 17:09:33'),
(720, 1, 220, 1, '2018-06-06 17:09:33'),
(721, 1, 207, 1, '2018-06-06 17:09:33'),
(722, 1, 211, 1, '2018-06-06 17:09:33'),
(723, 1, 215, 1, '2018-06-06 17:09:33'),
(724, 1, 219, 1, '2018-06-06 17:09:33'),
(725, 1, 210, 1, '2018-06-06 17:09:33'),
(726, 1, 214, 1, '2018-06-06 17:09:33'),
(727, 1, 218, 1, '2018-06-06 17:09:33'),
(728, 1, 222, 1, '2018-06-06 17:09:33'),
(729, 1, 209, 1, '2018-06-06 17:09:33'),
(730, 1, 213, 1, '2018-06-06 17:09:33'),
(731, 1, 217, 1, '2018-06-06 17:09:33'),
(732, 1, 221, 1, '2018-06-06 17:09:33'),
(733, 1, 47, 1, '2018-06-06 17:09:33'),
(734, 1, 51, 1, '2018-06-06 17:09:33'),
(735, 1, 50, 1, '2018-06-06 17:09:33'),
(736, 1, 49, 1, '2018-06-06 17:09:33'),
(737, 1, 48, 1, '2018-06-06 17:09:33'),
(738, 1, 56, 1, '2018-06-06 17:09:33'),
(739, 1, 55, 1, '2018-06-06 17:09:33'),
(740, 1, 54, 1, '2018-06-06 17:09:33'),
(741, 1, 53, 1, '2018-06-06 17:09:33'),
(742, 1, 57, 1, '2018-06-06 17:09:33'),
(743, 1, 227, 1, '2018-06-06 17:09:33'),
(744, 1, 231, 1, '2018-06-06 17:09:33'),
(745, 1, 230, 1, '2018-06-06 17:09:33'),
(746, 1, 229, 1, '2018-06-06 17:09:33'),
(747, 1, 233, 1, '2018-06-06 17:09:33'),
(748, 1, 228, 1, '2018-06-06 17:09:33'),
(749, 1, 232, 1, '2018-06-06 17:09:33'),
(750, 1, 235, 1, '2018-06-06 17:09:33'),
(751, 1, 239, 1, '2018-06-06 17:09:33'),
(752, 1, 234, 1, '2018-06-06 17:09:33'),
(753, 1, 238, 1, '2018-06-06 17:09:33'),
(754, 1, 237, 1, '2018-06-06 17:09:33'),
(755, 1, 236, 1, '2018-06-06 17:09:33'),
(756, 1, 240, 1, '2018-06-06 17:09:33'),
(757, 1, 60, 1, '2018-06-06 17:09:33'),
(758, 1, 64, 1, '2018-06-06 17:09:33'),
(759, 1, 68, 1, '2018-06-06 17:09:33'),
(760, 1, 59, 1, '2018-06-06 17:09:33'),
(761, 1, 63, 1, '2018-06-06 17:09:33'),
(762, 1, 67, 1, '2018-06-06 17:09:33'),
(763, 1, 58, 1, '2018-06-06 17:09:33'),
(764, 1, 62, 1, '2018-06-06 17:09:33'),
(765, 1, 66, 1, '2018-06-06 17:09:33'),
(766, 1, 61, 1, '2018-06-06 17:09:33'),
(767, 1, 65, 1, '2018-06-06 17:09:33'),
(768, 1, 69, 1, '2018-06-06 17:09:33'),
(769, 1, 72, 1, '2018-06-06 17:09:33'),
(770, 1, 76, 1, '2018-06-06 17:09:33'),
(771, 1, 80, 1, '2018-06-06 17:09:33'),
(772, 1, 84, 1, '2018-06-06 17:09:33'),
(773, 1, 71, 1, '2018-06-06 17:09:33'),
(774, 1, 75, 1, '2018-06-06 17:09:33'),
(775, 1, 79, 1, '2018-06-06 17:09:33'),
(776, 1, 83, 1, '2018-06-06 17:09:33'),
(777, 1, 70, 1, '2018-06-06 17:09:33'),
(778, 1, 74, 1, '2018-06-06 17:09:33'),
(779, 1, 78, 1, '2018-06-06 17:09:33'),
(780, 1, 82, 1, '2018-06-06 17:09:33'),
(781, 1, 73, 1, '2018-06-06 17:09:33'),
(782, 1, 77, 1, '2018-06-06 17:09:33'),
(783, 1, 81, 1, '2018-06-06 17:09:33'),
(784, 1, 85, 1, '2018-06-06 17:09:33'),
(785, 1, 93, 1, '2018-06-06 17:09:33'),
(786, 1, 97, 1, '2018-06-06 17:09:33'),
(787, 1, 101, 1, '2018-06-06 17:09:33'),
(788, 1, 89, 1, '2018-06-06 17:09:33'),
(789, 1, 92, 1, '2018-06-06 17:09:33'),
(791, 1, 100, 1, '2018-06-06 17:09:33'),
(792, 1, 88, 1, '2018-06-06 17:09:33'),
(793, 1, 87, 1, '2018-06-06 17:09:33'),
(794, 1, 91, 1, '2018-06-06 17:09:33'),
(795, 1, 95, 1, '2018-06-06 17:09:33'),
(796, 1, 99, 1, '2018-06-06 17:09:33'),
(797, 1, 86, 1, '2018-06-06 17:09:33'),
(799, 1, 98, 1, '2018-06-06 17:09:33'),
(800, 1, 102, 1, '2018-06-06 17:09:33'),
(801, 1, 90, 1, '2018-06-06 17:09:33'),
(802, 1, 113, 1, '2018-06-06 17:09:33'),
(803, 1, 117, 1, '2018-06-06 17:09:33'),
(804, 1, 105, 1, '2018-06-06 17:09:33'),
(805, 1, 109, 1, '2018-06-06 17:09:33'),
(806, 1, 116, 1, '2018-06-06 17:09:33'),
(807, 1, 104, 1, '2018-06-06 17:09:33'),
(808, 1, 108, 1, '2018-06-06 17:09:33'),
(809, 1, 112, 1, '2018-06-06 17:09:33'),
(810, 1, 115, 1, '2018-06-06 17:09:33'),
(811, 1, 103, 1, '2018-06-06 17:09:33'),
(812, 1, 107, 1, '2018-06-06 17:09:33'),
(813, 1, 111, 1, '2018-06-06 17:09:33'),
(814, 1, 114, 1, '2018-06-06 17:09:33'),
(815, 1, 118, 1, '2018-06-06 17:09:33'),
(816, 1, 106, 1, '2018-06-06 17:09:33'),
(818, 1, 180, 1, '2018-06-06 17:09:33'),
(819, 1, 179, 1, '2018-06-06 17:09:33'),
(820, 1, 182, 1, '2018-06-06 17:09:33'),
(821, 1, 178, 1, '2018-06-06 17:09:33'),
(822, 1, 181, 1, '2018-06-06 17:09:33'),
(823, 1, 177, 1, '2018-06-06 17:09:33'),
(824, 1, 184, 1, '2018-06-06 17:09:33'),
(825, 1, 188, 1, '2018-06-06 17:09:33'),
(826, 1, 183, 1, '2018-06-06 17:09:33'),
(827, 1, 187, 1, '2018-06-06 17:09:33'),
(828, 1, 186, 1, '2018-06-06 17:09:33'),
(829, 1, 185, 1, '2018-06-06 17:09:33'),
(830, 1, 241, 1, '2018-06-06 17:52:04'),
(831, 1, 242, 1, '2018-06-06 20:31:32'),
(833, 3, 151, 1, '2018-06-06 08:41:55'),
(835, 3, 150, 1, '2018-06-06 08:41:55'),
(838, 3, 158, 1, '2018-06-06 08:41:55'),
(839, 3, 157, 1, '2018-06-06 08:41:55'),
(846, 3, 147, 1, '2018-06-06 08:41:55'),
(847, 3, 141, 1, '2018-06-06 08:41:55'),
(848, 3, 146, 1, '2018-06-06 08:41:55'),
(849, 3, 145, 1, '2018-06-06 08:41:55'),
(850, 3, 143, 1, '2018-06-06 08:41:55'),
(851, 3, 149, 1, '2018-06-06 08:41:55'),
(852, 3, 144, 1, '2018-06-06 08:41:55'),
(853, 3, 142, 1, '2018-06-06 08:41:55'),
(854, 3, 148, 1, '2018-06-06 08:41:55'),
(855, 3, 173, 1, '2018-06-06 08:41:55'),
(856, 3, 176, 1, '2018-06-06 08:41:55'),
(857, 3, 161, 1, '2018-06-06 08:41:55'),
(858, 3, 163, 1, '2018-06-06 08:41:55'),
(859, 3, 172, 1, '2018-06-06 08:41:55'),
(860, 3, 175, 1, '2018-06-06 08:41:55'),
(861, 3, 165, 1, '2018-06-06 08:41:55'),
(862, 3, 162, 1, '2018-06-06 08:41:55'),
(863, 3, 174, 1, '2018-06-06 08:41:55'),
(864, 3, 164, 1, '2018-06-06 08:41:55'),
(865, 3, 166, 1, '2018-06-06 08:41:55'),
(866, 1, 243, 1, '2018-06-06 09:34:48'),
(867, 1, 244, 1, '2018-06-06 09:35:12'),
(868, 1, 245, 1, '2018-06-06 09:35:31'),
(869, 1, 246, 1, '2018-06-06 09:35:43'),
(870, 1, 247, 1, '2018-06-06 09:36:08'),
(871, 1, 248, 1, '2018-06-06 20:18:46'),
(872, 1, 249, 1, '2018-06-07 08:20:11'),
(873, 1, 250, 1, '2018-06-07 08:22:32'),
(874, 1, 251, 1, '2018-06-07 08:22:46'),
(875, 1, 252, 1, '2018-06-07 08:23:15'),
(876, 1, 253, 1, '2018-06-07 08:23:31'),
(877, 1, 254, 1, '2018-06-07 08:23:54'),
(878, 1, 255, 1, '2018-06-07 08:39:35'),
(879, 1, 256, 1, '2018-06-06 23:17:23'),
(880, 1, 257, 1, '2018-06-07 13:46:52'),
(881, 1, 258, 1, '2018-06-08 02:48:51'),
(882, 1, 259, 1, '2018-06-08 02:49:52'),
(883, 1, 260, 1, '2018-06-08 04:00:44'),
(885, 1, 262, 1, '2018-06-08 23:16:12'),
(886, 1, 263, 1, '2018-06-08 23:18:11'),
(887, 1, 264, 1, '2018-06-09 08:45:47'),
(890, 1, 267, 1, '2018-06-11 03:07:12'),
(891, 1, 268, 1, '2018-06-11 03:08:40'),
(892, 1, 269, 1, '2018-06-15 09:37:48'),
(893, 1, 270, 1, '2018-06-15 09:38:15'),
(894, 1, 271, 1, '2018-06-15 09:38:35'),
(895, 1, 272, 1, '2018-06-15 09:38:51'),
(896, 1, 273, 1, '2018-06-15 09:40:57'),
(897, 1, 274, 1, '2018-06-19 21:13:46'),
(898, 1, 275, 1, '2018-06-19 21:14:36'),
(899, 1, 276, 1, '2018-06-19 21:15:04'),
(900, 1, 277, 1, '2018-06-19 21:16:07'),
(901, 1, 278, 1, '2018-06-19 21:16:24'),
(902, 1, 279, 1, '2018-06-19 21:17:03'),
(903, 1, 280, 1, '2018-06-19 21:21:25'),
(904, 1, 281, 1, '2018-06-19 21:21:45'),
(905, 1, 282, 1, '2018-06-19 21:22:04'),
(906, 1, 283, 1, '2018-06-19 21:22:19'),
(907, 1, 284, 1, '2018-06-19 21:22:45'),
(908, 1, 285, 1, '2018-06-19 21:24:31'),
(909, 1, 286, 1, '2018-06-19 21:26:18'),
(910, 1, 287, 1, '2018-06-19 22:20:00'),
(911, 1, 288, 1, '2018-06-19 22:20:27'),
(912, 1, 289, 1, '2018-06-19 22:39:06'),
(913, 1, 290, 1, '2018-06-19 22:40:08'),
(914, 1, 291, 1, '2018-06-19 23:11:15'),
(915, 1, 292, 1, '2018-06-19 23:12:07'),
(916, 1, 293, 1, '2018-06-19 23:13:19'),
(917, 1, 294, 1, '2018-06-19 23:14:46'),
(920, 1, 297, 1, '2018-06-22 19:41:05'),
(921, 1, 298, 1, '2018-06-22 19:41:30'),
(922, 1, 299, 1, '2018-06-22 19:41:46'),
(923, 1, 300, 1, '2018-06-22 19:42:20'),
(924, 1, 301, 1, '2018-06-22 19:42:34'),
(925, 1, 302, 1, '2018-06-22 19:43:00'),
(926, 1, 303, 1, '2018-06-22 19:43:51'),
(928, 1, 305, 1, '2018-06-22 19:45:00'),
(929, 1, 306, 1, '2018-06-22 19:45:11'),
(930, 1, 307, 1, '2018-06-22 19:45:31'),
(931, 1, 308, 1, '2018-06-22 19:45:40'),
(932, 1, 309, 1, '2018-06-22 19:46:11'),
(933, 1, 310, 1, '2018-06-22 19:46:51'),
(935, 1, 312, 1, '2018-06-26 15:35:28'),
(936, 1, 313, 1, '2018-06-26 15:35:46'),
(937, 1, 314, 1, '2018-06-27 10:39:16'),
(938, 1, 315, 1, '2018-06-27 10:41:08'),
(939, 1, 316, 1, '2018-06-27 10:41:34'),
(940, 1, 317, 1, '2018-06-27 10:42:06'),
(941, 1, 318, 1, '2018-06-27 10:42:24'),
(942, 1, 319, 1, '2018-06-27 20:10:38'),
(943, 1, 320, 1, '2018-06-27 20:11:11'),
(944, 1, 321, 1, '2018-06-27 20:12:22'),
(945, 1, 322, 1, '2018-06-27 20:13:11'),
(946, 1, 323, 1, '2018-06-27 20:13:48'),
(947, 1, 324, 1, '2018-06-27 20:14:13'),
(948, 1, 325, 1, '2018-07-03 09:51:16'),
(949, 1, 326, 1, '2018-07-03 09:52:30'),
(950, 1, 327, 1, '2018-07-03 10:57:47'),
(951, 1, 328, 1, '2018-07-03 10:58:41'),
(952, 1, 329, 1, '2018-07-03 11:32:52'),
(953, 1, 330, 1, '2018-07-03 11:34:20'),
(954, 1, 331, 1, '2018-07-03 15:27:06'),
(955, 1, 332, 1, '2018-07-03 15:28:00'),
(956, 1, 333, 1, '2018-07-13 19:34:21'),
(957, 1, 334, 1, '2018-07-13 19:34:52'),
(958, 1, 335, 1, '2018-07-13 19:35:07'),
(959, 1, 336, 1, '2018-07-13 19:35:30'),
(960, 1, 337, 1, '2018-07-13 19:36:55'),
(961, 1, 338, 1, '2018-07-13 19:37:19'),
(962, 1, 339, 1, '2018-07-13 19:37:54'),
(963, 1, 340, 1, '2018-07-13 19:38:10'),
(964, 1, 341, 1, '2018-07-14 14:39:18'),
(965, 1, 342, 1, '2018-07-14 14:39:51'),
(984, 9, 289, 1, '2018-07-17 15:59:59'),
(985, 9, 290, 1, '2018-07-17 15:59:59'),
(986, 9, 292, 1, '2018-07-17 15:59:59'),
(987, 9, 293, 1, '2018-07-17 15:59:59'),
(988, 9, 294, 1, '2018-07-17 15:59:59'),
(989, 9, 291, 1, '2018-07-17 15:59:59'),
(992, 9, 325, 1, '2018-07-17 15:59:59'),
(993, 9, 326, 1, '2018-07-17 15:59:59'),
(994, 9, 327, 1, '2018-07-17 15:59:59'),
(995, 9, 328, 1, '2018-07-17 15:59:59'),
(996, 9, 162, 1, '2018-07-17 15:59:59'),
(997, 9, 166, 1, '2018-07-17 15:59:59'),
(998, 9, 163, 1, '2018-07-17 15:59:59'),
(999, 9, 341, 1, '2018-07-17 15:59:59'),
(1000, 9, 164, 1, '2018-07-17 15:59:59'),
(1001, 9, 161, 1, '2018-07-17 15:59:59'),
(1002, 9, 165, 1, '2018-07-17 15:59:59'),
(1003, 9, 176, 1, '2018-07-17 15:59:59'),
(1004, 9, 173, 1, '2018-07-17 15:59:59'),
(1005, 9, 342, 1, '2018-07-17 15:59:59'),
(1006, 9, 174, 1, '2018-07-17 15:59:59'),
(1007, 9, 175, 1, '2018-07-17 15:59:59'),
(1008, 9, 172, 1, '2018-07-17 15:59:59'),
(1009, 9, 21, 1, '2018-07-17 15:59:59'),
(1010, 9, 20, 1, '2018-07-17 15:59:59'),
(1011, 9, 18, 1, '2018-07-17 15:59:59'),
(1012, 9, 19, 1, '2018-07-17 15:59:59'),
(1013, 9, 17, 1, '2018-07-17 15:59:59'),
(1014, 1, 343, 1, '2018-07-17 19:41:52'),
(1015, 1, 344, 1, '2018-07-17 19:42:27'),
(1016, 1, 345, 1, '2018-07-17 19:43:11'),
(1017, 1, 346, 1, '2018-07-17 19:44:22'),
(1018, 1, 347, 1, '2018-07-17 19:44:54'),
(1019, 1, 348, 1, '2018-07-17 19:45:55'),
(1020, 1, 349, 1, '2018-07-17 19:46:34'),
(1021, 1, 350, 1, '2018-07-17 19:48:30'),
(1022, 1, 351, 1, '2018-07-17 19:49:00'),
(1023, 1, 352, 1, '2018-07-17 19:49:52'),
(1024, 1, 353, 1, '2018-07-17 19:50:31'),
(1025, 1, 354, 1, '2018-07-17 19:51:39'),
(1026, 1, 355, 1, '2018-07-17 19:52:17'),
(1027, 1, 356, 1, '2018-07-17 19:52:50'),
(1028, 1, 357, 1, '2018-07-17 19:54:34'),
(1029, 1, 358, 1, '2018-07-17 19:55:05'),
(1030, 1, 359, 1, '2018-07-17 19:55:54'),
(1031, 1, 360, 1, '2018-07-17 19:56:28'),
(1032, 1, 361, 1, '2018-07-17 19:59:10'),
(1033, 1, 362, 1, '2018-07-17 20:00:09'),
(1034, 1, 363, 1, '2018-07-17 20:01:13'),
(1035, 1, 364, 1, '2018-07-17 20:02:19'),
(1036, 1, 365, 1, '2018-07-17 20:02:37'),
(1037, 1, 366, 1, '2018-07-17 20:03:07'),
(1038, 1, 367, 1, '2018-07-17 20:03:26'),
(1039, 1, 368, 1, '2018-07-17 20:03:48'),
(1040, 1, 369, 1, '2018-07-17 21:17:08'),
(1041, 1, 370, 1, '2018-07-17 21:20:05'),
(1042, 1, 371, 1, '2018-07-18 10:27:33'),
(1043, 1, 372, 1, '2018-07-18 14:29:27'),
(1044, 1, 373, 1, '2018-07-18 14:30:09'),
(1045, 1, 374, 1, '2018-07-18 14:30:37'),
(1046, 1, 375, 1, '2018-07-18 14:31:26'),
(1047, 1, 376, 1, '2018-07-18 14:32:28'),
(1048, 1, 377, 1, '2018-07-18 14:32:56'),
(1049, 1, 378, 1, '2018-07-18 14:33:27'),
(1050, 1, 379, 1, '2018-07-18 14:33:50'),
(1051, 1, 380, 1, '2018-07-18 14:34:16'),
(1052, 1, 381, 1, '2018-07-18 14:34:36'),
(1053, 1, 382, 1, '2018-07-18 14:34:53'),
(1054, 1, 383, 1, '2018-07-18 14:35:49'),
(1055, 1, 384, 1, '2018-07-18 14:37:56'),
(1056, 1, 385, 1, '2018-07-18 14:38:15'),
(1057, 1, 386, 1, '2018-07-18 14:38:52'),
(1058, 1, 387, 1, '2018-07-18 14:39:18'),
(1059, 1, 388, 1, '2018-07-18 14:40:01'),
(1060, 1, 389, 1, '2018-07-18 14:40:31'),
(1061, 1, 390, 1, '2018-07-18 14:42:03'),
(1062, 1, 391, 1, '2018-07-18 14:42:37'),
(1063, 1, 392, 1, '2018-07-18 14:42:55'),
(1064, 1, 393, 1, '2018-07-18 14:52:32'),
(1065, 1, 394, 1, '2018-07-18 15:07:59'),
(1066, 1, 395, 1, '2018-07-18 15:08:16'),
(1067, 1, 396, 1, '2018-07-18 16:58:04'),
(1068, 1, 397, 1, '2018-07-18 16:58:24'),
(1069, 1, 398, 1, '2018-07-18 16:58:45'),
(1070, 1, 399, 1, '2018-07-18 16:59:12'),
(1071, 1, 400, 1, '2018-07-18 16:59:33'),
(1072, 1, 401, 1, '2018-07-18 17:00:04'),
(1073, 1, 402, 1, '2018-07-18 17:00:32'),
(1074, 1, 403, 1, '2018-07-18 17:00:55'),
(1075, 1, 404, 1, '2018-07-18 17:01:04'),
(1076, 1, 405, 1, '2018-07-18 17:01:45'),
(1077, 1, 406, 1, '2018-07-18 17:02:23'),
(1078, 1, 407, 1, '2018-07-18 17:02:39'),
(1079, 1, 408, 1, '2018-07-18 17:03:17'),
(1080, 1, 409, 1, '2018-07-18 17:03:57'),
(1081, 1, 410, 1, '2018-07-18 17:04:24'),
(1082, 1, 411, 1, '2018-07-18 17:04:47'),
(1083, 1, 412, 1, '2018-07-18 17:05:01'),
(1084, 1, 413, 1, '2018-07-18 17:05:22'),
(1085, 1, 414, 1, '2018-07-18 17:05:34'),
(1086, 1, 415, 1, '2018-07-18 17:05:45'),
(1087, 1, 416, 1, '2018-07-18 17:06:12'),
(1088, 1, 417, 1, '2018-07-18 17:31:47'),
(1089, 1, 418, 1, '2018-07-18 17:32:19'),
(1090, 1, 419, 1, '2018-07-18 19:20:39'),
(1091, 1, 420, 1, '2018-07-18 19:21:06'),
(1092, 1, 421, 1, '2018-07-18 19:22:40'),
(1093, 1, 422, 1, '2018-07-18 19:22:58'),
(1094, 1, 423, 1, '2018-07-18 19:23:20'),
(1095, 1, 424, 1, '2018-07-18 19:23:58'),
(1096, 1, 425, 1, '2018-07-18 19:24:26'),
(1097, 1, 426, 1, '2018-07-18 19:25:04'),
(1098, 1, 427, 1, '2018-07-18 19:25:27'),
(1099, 1, 428, 1, '2018-07-18 19:25:43'),
(1100, 1, 429, 1, '2018-07-18 19:26:28'),
(1101, 1, 430, 1, '2018-07-18 19:27:05'),
(1102, 1, 431, 1, '2018-07-18 19:27:35'),
(1103, 1, 432, 1, '2018-07-18 19:28:01'),
(1104, 1, 433, 1, '2018-07-18 19:28:21'),
(1105, 1, 434, 1, '2018-07-18 19:28:46'),
(1106, 1, 435, 1, '2018-07-18 19:29:44'),
(1107, 1, 436, 1, '2018-07-18 20:13:32'),
(1108, 1, 437, 1, '2018-07-18 20:13:45'),
(1109, 1, 438, 1, '2018-07-18 20:14:26'),
(1110, 1, 439, 1, '2018-07-18 20:15:12'),
(1111, 1, 440, 1, '2018-07-18 20:17:09'),
(1112, 1, 441, 1, '2018-07-18 20:17:47'),
(1113, 1, 442, 1, '2018-07-18 20:36:25'),
(1114, 1, 443, 1, '2018-07-19 09:09:35'),
(1115, 1, 444, 1, '2018-07-19 09:10:30'),
(1116, 1, 445, 1, '2018-07-19 09:11:59'),
(1117, 1, 446, 1, '2018-07-19 09:13:15'),
(1118, 1, 447, 1, '2018-07-19 14:41:15'),
(1119, 1, 448, 1, '2018-07-19 14:41:33'),
(1120, 1, 449, 1, '2018-07-19 14:42:41'),
(1121, 1, 450, 1, '2018-07-19 15:10:37'),
(1122, 1, 451, 1, '2018-07-19 15:11:07'),
(1123, 1, 452, 1, '2018-07-19 15:11:23'),
(1124, 1, 453, 1, '2018-07-19 15:11:44'),
(1125, 1, 454, 1, '2018-07-19 15:13:55'),
(1126, 1, 455, 1, '2018-07-19 15:14:42'),
(1127, 1, 456, 1, '2018-07-19 15:15:25'),
(1128, 1, 457, 1, '2018-07-19 15:15:45'),
(1129, 1, 458, 1, '2018-07-19 15:16:10'),
(1130, 1, 459, 1, '2018-07-19 15:16:40'),
(1131, 1, 460, 1, '2018-07-19 15:17:03'),
(1132, 1, 461, 1, '2018-07-19 15:17:17'),
(1133, 1, 462, 1, '2018-07-19 15:17:38'),
(1134, 1, 463, 1, '2018-07-19 15:18:14'),
(1135, 1, 464, 1, '2018-07-19 15:18:49'),
(1136, 1, 465, 1, '2018-07-19 15:26:43'),
(1137, 1, 466, 1, '2018-07-19 16:16:38'),
(1138, 1, 467, 1, '2018-07-19 16:16:56'),
(1139, 1, 468, 1, '2018-07-19 16:17:45'),
(1140, 1, 469, 1, '2018-07-19 16:18:15'),
(1141, 1, 470, 1, '2018-07-19 16:20:26'),
(1142, 1, 471, 1, '2018-07-19 16:21:03'),
(1143, 1, 472, 1, '2018-07-19 16:21:31'),
(1144, 1, 473, 1, '2018-07-19 16:22:10'),
(1145, 1, 474, 1, '2018-07-19 16:22:22'),
(1146, 1, 475, 1, '2018-07-19 16:23:13'),
(1147, 1, 476, 1, '2018-07-19 16:23:37'),
(1148, 1, 477, 1, '2018-07-19 16:24:14'),
(1149, 1, 478, 1, '2018-07-19 16:24:43'),
(1150, 1, 479, 1, '2018-07-19 16:25:20'),
(1151, 1, 480, 1, '2018-07-19 16:26:04'),
(1152, 1, 481, 1, '2018-07-19 16:26:41'),
(1153, 1, 482, 1, '2018-07-19 17:43:05'),
(1154, 1, 483, 1, '2018-07-19 17:43:39'),
(1155, 1, 484, 1, '2018-07-19 17:44:22'),
(1156, 1, 485, 1, '2018-07-19 17:44:50'),
(1157, 1, 486, 1, '2018-07-19 17:45:23'),
(1158, 1, 487, 1, '2018-07-19 17:45:55'),
(1159, 1, 488, 1, '2018-07-19 17:46:30'),
(1160, 1, 489, 1, '2018-07-19 17:47:42'),
(1161, 1, 490, 1, '2018-07-19 17:48:16'),
(1162, 1, 491, 1, '2018-07-19 17:48:42'),
(1163, 1, 492, 1, '2018-07-19 17:49:19'),
(1164, 1, 493, 1, '2018-07-19 17:49:35'),
(1165, 1, 494, 1, '2018-07-19 17:50:10'),
(1166, 1, 495, 1, '2018-07-19 17:50:34'),
(1167, 1, 496, 1, '2018-07-19 17:51:57'),
(1168, 1, 497, 1, '2018-07-19 17:52:41'),
(1169, 1, 498, 1, '2018-07-19 17:52:58'),
(1170, 1, 499, 1, '2018-07-19 17:53:22'),
(1171, 1, 500, 1, '2018-07-19 17:53:39'),
(1172, 1, 501, 1, '2018-07-19 17:54:02'),
(1173, 1, 502, 1, '2018-07-19 18:25:47'),
(1174, 1, 503, 1, '2018-07-19 18:26:30'),
(1175, 1, 504, 1, '2018-07-19 19:18:00'),
(1176, 1, 505, 1, '2018-07-19 19:19:01'),
(1177, 1, 506, 1, '2018-07-19 19:19:36'),
(1178, 1, 507, 1, '2018-07-19 19:20:04'),
(1179, 1, 508, 1, '2018-07-19 19:20:45'),
(1180, 1, 509, 1, '2018-07-19 19:21:36'),
(1181, 1, 510, 1, '2018-07-19 19:25:44'),
(1182, 1, 511, 1, '2018-07-19 19:55:21'),
(1183, 1, 512, 1, '2018-07-19 19:58:50'),
(1184, 1, 513, 1, '2018-07-19 20:02:18'),
(1185, 1, 514, 1, '2018-07-19 20:23:11'),
(1186, 1, 515, 1, '2018-07-19 20:28:12'),
(1187, 1, 516, 1, '2018-07-19 20:29:10'),
(1188, 1, 517, 1, '2018-07-19 20:45:58'),
(1189, 1, 518, 1, '2018-07-19 21:18:09'),
(1190, 1, 519, 1, '2018-07-26 09:07:45'),
(1191, 1, 520, 1, '2018-07-26 09:08:29'),
(1192, 1, 521, 1, '2018-07-26 09:15:18'),
(1193, 1, 522, 1, '2018-07-26 09:15:34'),
(1194, 1, 523, 1, '2018-07-26 10:43:43'),
(1195, 1, 524, 1, '2018-07-26 10:43:58'),
(1196, 1, 525, 1, '2018-07-26 10:48:06'),
(1197, 1, 526, 1, '2018-07-28 09:44:30'),
(1198, 1, 527, 1, '2018-07-28 09:44:51'),
(1199, 1, 528, 1, '2018-07-28 09:45:01'),
(1200, 1, 529, 1, '2018-07-28 09:45:20'),
(1201, 1, 530, 1, '2018-07-28 09:45:32'),
(1202, 1, 531, 1, '2018-07-28 09:45:53'),
(1203, 1, 532, 1, '2018-07-28 09:47:16'),
(1204, 1, 533, 1, '2018-07-28 09:47:26'),
(1205, 1, 534, 1, '2018-07-28 09:47:43'),
(1206, 1, 535, 1, '2018-07-28 09:47:54'),
(1207, 1, 536, 1, '2018-07-28 09:48:17'),
(1208, 1, 537, 1, '2018-07-28 09:54:00'),
(1209, 1, 538, 1, '2018-07-28 09:54:18'),
(1210, 1, 539, 1, '2018-07-28 09:54:26'),
(1211, 1, 540, 1, '2018-07-28 09:54:45'),
(1212, 1, 541, 1, '2018-07-28 09:54:58'),
(1213, 1, 542, 1, '2018-07-28 09:55:13'),
(1214, 1, 543, 1, '2018-07-28 09:56:24'),
(1215, 1, 544, 1, '2018-07-28 09:56:36'),
(1216, 1, 545, 1, '2018-07-28 09:56:54'),
(1217, 1, 546, 1, '2018-07-28 09:57:06'),
(1218, 1, 547, 1, '2018-07-28 09:57:20'),
(1219, 1, 548, 1, '2018-07-28 10:06:47'),
(1220, 1, 549, 1, '2018-07-28 10:07:25'),
(1221, 1, 550, 1, '2018-07-28 10:07:44'),
(1222, 1, 551, 1, '2018-07-28 10:08:05'),
(1223, 1, 552, 1, '2018-07-29 10:46:08'),
(1224, 1, 553, 1, '2018-07-29 10:46:24'),
(1225, 1, 554, 1, '2018-07-29 10:46:42'),
(1226, 1, 555, 1, '2018-07-29 10:46:52'),
(1227, 1, 556, 1, '2018-07-29 10:47:11'),
(1228, 1, 557, 1, '2018-07-29 10:47:28'),
(1229, 1, 558, 1, '2018-07-29 10:47:51'),
(1230, 1, 559, 1, '2018-07-29 10:54:11'),
(1231, 1, 560, 1, '2018-07-29 10:54:26'),
(1232, 1, 561, 1, '2018-07-29 10:54:36'),
(1233, 1, 562, 1, '2018-07-29 10:55:02'),
(1234, 1, 563, 1, '2018-07-29 10:55:11'),
(1235, 1, 564, 1, '2018-07-29 10:55:31'),
(1236, 1, 565, 1, '2018-07-29 16:59:22'),
(1237, 1, 566, 1, '2018-07-29 16:59:42'),
(1238, 1, 567, 1, '2018-07-29 16:59:58'),
(1239, 1, 568, 1, '2018-07-29 17:00:15'),
(1240, 1, 569, 1, '2018-07-29 17:00:43'),
(1241, 1, 570, 1, '2018-07-29 17:00:54'),
(1242, 1, 571, 1, '2018-07-29 17:01:11'),
(1243, 1, 572, 1, '2018-07-29 17:28:37'),
(1244, 1, 573, 1, '2018-07-29 17:28:54'),
(1245, 1, 574, 1, '2018-07-29 17:29:35'),
(1246, 1, 575, 1, '2018-07-29 17:30:17'),
(1247, 1, 576, 1, '2018-07-29 17:31:27'),
(1248, 1, 577, 1, '2018-07-29 17:31:48'),
(1249, 1, 578, 1, '2018-07-29 17:32:18'),
(1250, 1, 579, 1, '2018-07-29 17:32:41'),
(1251, 1, 580, 1, '2018-07-29 17:32:56'),
(1252, 1, 581, 1, '2018-07-29 17:33:13'),
(1253, 1, 582, 1, '2018-07-29 18:15:52'),
(1254, 1, 583, 1, '2018-07-29 18:16:04'),
(1255, 1, 584, 1, '2018-07-29 18:16:15'),
(1256, 1, 585, 1, '2018-07-30 08:58:30'),
(1257, 1, 586, 1, '2018-07-30 08:58:57'),
(1258, 1, 587, 1, '2018-07-30 08:59:08'),
(1259, 1, 588, 1, '2018-07-30 09:11:28'),
(1260, 1, 589, 1, '2018-07-30 09:11:44'),
(1261, 1, 590, 1, '2018-07-30 09:11:53'),
(1262, 1, 591, 1, '2018-07-30 09:24:23'),
(1263, 1, 592, 1, '2018-07-30 09:24:57'),
(1264, 1, 593, 1, '2018-07-30 09:25:41'),
(1265, 1, 594, 1, '2018-07-30 09:25:56'),
(1266, 1, 595, 1, '2018-07-30 09:26:20'),
(1267, 1, 596, 1, '2018-07-30 09:34:35'),
(1268, 1, 597, 1, '2018-07-30 09:34:50'),
(1269, 1, 598, 1, '2018-07-30 09:35:16'),
(1270, 1, 599, 1, '2018-07-30 09:42:07'),
(1271, 1, 600, 1, '2018-07-30 09:42:22'),
(1272, 1, 601, 1, '2018-07-30 09:42:44'),
(1273, 1, 602, 1, '2018-07-30 10:03:28'),
(1274, 1, 603, 1, '2018-07-30 10:04:17'),
(1275, 1, 604, 1, '2018-07-30 10:05:41'),
(1276, 1, 605, 1, '2018-07-30 10:06:52'),
(1277, 1, 606, 1, '2018-07-30 10:08:01'),
(1278, 1, 607, 1, '2018-07-30 10:10:05'),
(1279, 1, 608, 1, '2018-07-30 10:11:23'),
(1280, 1, 609, 1, '2018-07-30 10:12:19'),
(1281, 1, 610, 1, '2018-07-30 10:12:47'),
(1282, 1, 611, 1, '2018-07-30 10:13:39'),
(1283, 1, 612, 1, '2018-07-30 10:14:14'),
(1284, 1, 613, 1, '2018-07-30 10:16:45'),
(1285, 1, 614, 1, '2018-07-30 10:18:12'),
(1286, 1, 615, 1, '2018-07-30 10:18:39'),
(1287, 1, 616, 1, '2018-07-30 10:19:08'),
(1288, 1, 617, 1, '2018-07-30 10:19:38'),
(1289, 1, 618, 1, '2018-07-30 10:20:23'),
(1290, 1, 619, 1, '2018-07-30 10:20:36'),
(1291, 1, 620, 1, '2018-07-30 10:21:18'),
(1292, 1, 621, 1, '2018-07-30 10:21:39'),
(1293, 1, 622, 1, '2018-07-30 10:21:59'),
(1294, 1, 623, 1, '2018-07-30 10:32:38'),
(1295, 1, 624, 1, '2018-07-30 10:33:55'),
(1296, 1, 625, 1, '2018-07-30 10:35:11'),
(1297, 1, 626, 1, '2018-07-30 10:35:53'),
(1298, 1, 627, 1, '2018-07-30 14:20:06'),
(1299, 1, 628, 1, '2018-07-30 14:20:43'),
(1300, 1, 629, 1, '2018-07-30 14:39:40'),
(1301, 1, 630, 1, '2018-07-30 14:40:13'),
(1302, 1, 631, 1, '2018-07-30 14:40:58'),
(1303, 1, 632, 1, '2018-07-30 14:41:19'),
(1304, 1, 633, 1, '2018-07-30 14:41:37'),
(1305, 1, 634, 1, '2018-07-30 14:41:55'),
(1306, 1, 635, 1, '2018-07-30 14:42:17'),
(1307, 1, 636, 1, '2018-07-30 15:11:04'),
(1308, 1, 637, 1, '2018-07-30 15:11:40'),
(1309, 1, 638, 1, '2018-07-30 19:39:35'),
(1310, 1, 639, 1, '2018-07-30 19:39:46'),
(1311, 1, 640, 1, '2018-07-30 19:39:54'),
(1312, 1, 641, 1, '2018-07-30 20:00:01'),
(1313, 1, 642, 1, '2018-07-30 20:00:49'),
(1314, 1, 643, 1, '2018-07-30 20:01:46'),
(1315, 1, 644, 1, '2018-07-30 20:02:48'),
(1316, 1, 645, 1, '2018-07-30 20:03:36'),
(1317, 1, 646, 1, '2018-07-30 20:04:02'),
(1318, 1, 647, 1, '2018-07-30 20:05:14'),
(1319, 1, 648, 1, '2018-07-30 20:05:42'),
(1320, 1, 649, 1, '2018-07-30 20:06:01'),
(1321, 1, 650, 1, '2018-07-30 20:56:51'),
(1322, 1, 651, 1, '2018-07-30 21:13:24'),
(1323, 1, 652, 1, '2018-07-30 21:14:01'),
(1324, 1, 653, 1, '2018-07-30 21:14:34'),
(1325, 1, 654, 1, '2018-07-30 21:15:23'),
(1326, 1, 655, 1, '2018-07-30 21:15:46'),
(1327, 1, 656, 1, '2018-07-31 09:18:14'),
(1328, 1, 657, 1, '2018-07-31 10:16:45'),
(1329, 1, 658, 1, '2018-07-31 10:17:30'),
(1330, 1, 659, 1, '2018-07-31 10:18:21'),
(1331, 1, 660, 1, '2018-07-31 10:19:00'),
(1337, 1, 666, 1, '2018-07-31 11:11:10'),
(1338, 1, 667, 1, '2018-07-31 11:11:40'),
(1339, 1, 668, 1, '2018-07-31 11:12:41'),
(1340, 1, 669, 1, '2018-07-31 11:13:07'),
(1341, 1, 670, 1, '2018-07-31 17:18:27'),
(1342, 1, 671, 1, '2018-07-31 17:19:21'),
(1343, 1, 672, 1, '2018-07-31 17:21:00'),
(1344, 1, 673, 1, '2018-07-31 17:21:29'),
(1345, 1, 674, 1, '2018-07-31 17:21:51'),
(1346, 1, 675, 1, '2018-07-31 20:11:34'),
(1347, 1, 676, 1, '2018-07-31 20:12:15'),
(1348, 1, 677, 1, '2018-07-31 20:12:39'),
(1349, 1, 678, 1, '2018-07-31 20:13:18'),
(1350, 1, 679, 1, '2018-07-31 20:16:37'),
(1351, 1, 680, 1, '2018-07-31 20:17:38'),
(1352, 1, 681, 1, '2018-07-31 20:18:20'),
(1353, 1, 682, 1, '2018-07-31 20:19:03'),
(1354, 1, 683, 1, '2018-07-31 20:21:30'),
(1355, 1, 684, 1, '2018-07-31 20:23:15'),
(1356, 1, 685, 1, '2018-08-01 14:29:22'),
(1357, 1, 686, 1, '2018-08-01 14:30:01'),
(1358, 1, 687, 1, '2018-08-01 14:30:33'),
(1359, 1, 688, 1, '2018-08-01 14:31:05'),
(1360, 1, 689, 1, '2018-08-01 14:32:20'),
(1361, 1, 690, 1, '2018-08-01 14:32:40'),
(1362, 1, 691, 1, '2018-08-01 14:34:11'),
(1363, 1, 692, 1, '2018-08-01 14:34:44'),
(1364, 1, 693, 1, '2018-08-01 15:06:35'),
(1365, 1, 694, 1, '2018-08-01 15:07:06'),
(1366, 1, 695, 1, '2018-08-01 17:37:29'),
(1368, 1, 697, 1, '2018-08-01 17:38:23'),
(1369, 1, 698, 1, '2018-08-01 17:54:11'),
(1370, 1, 699, 1, '2018-08-01 17:54:19'),
(1371, 1, 700, 1, '2018-08-02 20:31:57'),
(1372, 1, 701, 1, '2018-08-02 20:32:22'),
(1373, 1, 702, 1, '2018-08-02 20:33:10'),
(1374, 1, 703, 1, '2018-08-02 20:33:24'),
(1375, 1, 704, 1, '2018-08-02 20:33:40'),
(1376, 1, 705, 1, '2018-08-03 14:18:15'),
(1377, 1, 706, 1, '2018-08-03 14:18:33'),
(1378, 1, 707, 1, '2018-08-03 14:18:42'),
(1379, 1, 708, 1, '2018-08-03 16:12:35'),
(1380, 1, 709, 1, '2018-08-03 16:12:47'),
(1381, 1, 710, 1, '2018-08-03 16:13:20'),
(1382, 1, 711, 1, '2018-08-03 16:13:38'),
(1383, 1, 712, 1, '2018-08-03 16:14:21'),
(1384, 1, 713, 1, '2018-08-03 16:14:35'),
(1385, 1, 714, 1, '2018-08-03 16:14:58'),
(1386, 1, 715, 1, '2018-08-03 20:34:36'),
(1387, 1, 716, 1, '2018-08-03 20:34:49'),
(1388, 1, 717, 1, '2018-08-03 20:34:59'),
(1389, 1, 718, 1, '2018-08-03 20:59:09'),
(1390, 1, 719, 1, '2018-08-03 20:59:55'),
(1391, 1, 720, 1, '2018-08-03 21:02:15'),
(1392, 1, 721, 1, '2018-08-03 21:06:10'),
(1393, 1, 722, 1, '2018-08-03 21:20:33'),
(1394, 1, 723, 1, '2018-08-03 21:21:26'),
(1395, 1, 724, 1, '2018-08-04 09:38:33'),
(1396, 1, 725, 1, '2018-08-04 09:38:52'),
(1397, 1, 726, 1, '2018-08-04 09:40:35'),
(1398, 1, 727, 1, '2018-08-04 09:41:41'),
(1399, 1, 728, 1, '2018-08-04 09:42:11'),
(1401, 1, 730, 1, '2018-08-04 17:03:04'),
(1402, 1, 731, 1, '2018-08-04 17:05:10'),
(1403, 1, 732, 1, '2018-08-04 17:30:35'),
(1404, 1, 733, 1, '2018-08-04 17:30:47'),
(1405, 1, 734, 1, '2018-08-04 17:31:16'),
(1406, 1, 735, 1, '2018-08-04 17:31:32'),
(1407, 1, 736, 1, '2018-08-04 17:32:04'),
(1408, 1, 737, 1, '2018-08-04 17:37:26'),
(1409, 1, 738, 1, '2018-08-04 17:38:39'),
(1410, 1, 739, 1, '2018-08-04 17:38:48'),
(1411, 1, 740, 1, '2018-08-04 17:39:05'),
(1412, 1, 741, 1, '2018-08-04 17:39:18'),
(1413, 1, 742, 1, '2018-08-04 17:39:35'),
(1414, 1, 743, 1, '2018-08-07 08:16:54'),
(1415, 1, 744, 1, '2018-08-07 08:17:46'),
(1416, 1, 745, 1, '2018-08-07 14:25:38'),
(1417, 1, 746, 1, '2018-08-07 14:26:12'),
(1418, 1, 747, 1, '2018-08-07 14:26:43'),
(1419, 1, 748, 1, '2018-08-07 14:26:58'),
(1420, 1, 749, 1, '2018-08-14 19:11:25'),
(1421, 1, 750, 1, '2018-08-14 19:12:07'),
(1422, 1, 751, 1, '2018-08-14 20:37:38'),
(1423, 1, 752, 1, '2018-08-14 20:38:19'),
(1424, 1, 753, 1, '2018-08-15 09:58:48'),
(1425, 1, 754, 1, '2018-08-15 09:59:10'),
(1426, 1, 755, 1, '2018-08-15 16:53:39'),
(1427, 1, 756, 1, '2018-08-15 18:18:26'),
(1428, 1, 757, 1, '2018-08-15 18:19:11'),
(1429, 1, 758, 1, '2018-08-15 18:23:09'),
(1430, 1, 759, 1, '2018-08-15 18:26:30'),
(1431, 1, 760, 1, '2018-08-15 18:27:18'),
(1432, 1, 761, 1, '2018-08-15 18:27:36'),
(1433, 1, 762, 1, '2018-08-15 18:28:05'),
(1434, 1, 763, 1, '2018-08-15 20:32:16'),
(1435, 1, 764, 1, '2018-08-15 20:32:27'),
(1436, 1, 765, 1, '2018-08-16 08:52:35'),
(1437, 1, 766, 1, '2018-08-16 08:53:47'),
(1438, 1, 767, 1, '2018-08-16 08:56:18'),
(1439, 1, 768, 1, '2018-08-16 08:56:48'),
(1440, 1, 769, 1, '2018-08-16 08:57:47'),
(1441, 1, 770, 1, '2018-08-16 09:00:19'),
(1442, 1, 771, 1, '2018-08-16 09:00:32'),
(1443, 1, 772, 1, '2018-08-16 09:00:46'),
(1444, 1, 773, 1, '2018-08-16 09:00:55'),
(1445, 1, 774, 1, '2018-08-16 09:02:27'),
(1446, 1, 775, 1, '2018-08-16 09:04:24'),
(1447, 1, 776, 1, '2018-08-16 09:05:03'),
(1448, 1, 777, 1, '2018-08-16 09:07:38'),
(1449, 1, 778, 1, '2018-08-16 09:09:08'),
(1450, 1, 779, 1, '2018-08-16 09:10:08'),
(1451, 1, 780, 1, '2018-08-16 09:11:12'),
(1452, 1, 781, 1, '2018-08-16 09:11:58'),
(1453, 1, 782, 1, '2018-08-16 09:12:32'),
(1454, 1, 783, 1, '2018-08-16 09:13:37'),
(1455, 1, 784, 1, '2018-08-16 09:14:18'),
(1456, 1, 785, 1, '2018-08-16 09:14:27'),
(1457, 1, 786, 1, '2018-08-16 09:14:45'),
(1458, 1, 787, 1, '2018-08-16 09:15:10'),
(1459, 1, 788, 1, '2018-08-16 09:16:19'),
(1460, 1, 789, 1, '2018-08-16 10:06:08'),
(1461, 1, 790, 1, '2018-08-16 10:06:35'),
(1462, 1, 791, 1, '2018-08-16 10:06:59'),
(1463, 1, 792, 1, '2018-08-16 10:07:39'),
(1464, 1, 793, 1, '2018-08-16 10:08:10'),
(1465, 1, 794, 1, '2018-08-16 16:10:47'),
(1466, 1, 795, 1, '2018-08-16 16:12:33'),
(1467, 1, 796, 1, '2018-08-17 08:44:55'),
(1468, 1, 797, 1, '2018-08-17 08:45:27'),
(1469, 1, 798, 1, '2018-08-18 09:16:52'),
(1470, 1, 799, 1, '2018-08-18 10:27:53'),
(1471, 1, 800, 1, '2018-08-18 10:28:45'),
(1472, 1, 801, 1, '2018-08-18 10:29:12'),
(1473, 1, 802, 1, '2018-08-18 10:29:23'),
(1474, 1, 803, 1, '2018-08-18 10:30:13'),
(1475, 1, 804, 1, '2018-08-18 10:42:35'),
(1476, 1, 805, 1, '2018-08-18 15:14:36'),
(1477, 1, 806, 1, '2018-08-18 15:14:50'),
(1478, 1, 807, 1, '2018-08-20 08:10:33'),
(1479, 1, 808, 1, '2018-08-20 08:11:24'),
(1480, 1, 809, 1, '2018-08-20 09:15:36'),
(1481, 1, 810, 1, '2018-08-20 09:16:15'),
(1482, 1, 811, 1, '2018-08-20 09:48:11'),
(1483, 1, 812, 1, '2018-08-20 09:49:00'),
(1484, 1, 813, 1, '2018-08-20 09:49:35'),
(1485, 1, 814, 1, '2018-08-22 20:26:34'),
(1486, 1, 815, 1, '2018-08-22 20:26:51'),
(1487, 1, 816, 1, '2018-08-24 19:33:09'),
(1488, 1, 817, 1, '2018-08-24 19:33:25'),
(1489, 1, 818, 1, '2018-08-24 19:33:48'),
(1490, 1, 819, 1, '2018-08-24 20:44:37');

-- --------------------------------------------------------

--
-- 表的结构 `j_role_form_page`
--

CREATE TABLE `j_role_form_page` (
  `rfp_id` int(10) UNSIGNED NOT NULL COMMENT 'v',
  `rfp_role_id` smallint(4) UNSIGNED NOT NULL COMMENT '角色V',
  `rfp_form_page_id` int(10) UNSIGNED NOT NULL COMMENT '表单页面V'
) ENGINE=InnoDB DEFAULT CHARSET=utf8 COMMENT='角色表单页面';

--
-- 转存表中的数据 `j_role_form_page`
--

INSERT INTO `j_role_form_page` (`rfp_id`, `rfp_role_id`, `rfp_form_page_id`) VALUES
(1, 1, 1),
(3, 8, 1),
(4, 1, 2),
(5, 11, 1),
(6, 12, 1),
(7, 13, 1),
(8, 14, 1),
(9, 10, 1),
(10, 9, 1),
(11, 1, 3),
(15, 1, 7),
(16, 1, 8),
(17, 1, 9),
(18, 1, 10),
(19, 1, 11),
(20, 1, 12),
(21, 1, 13);

-- --------------------------------------------------------

--
-- 表的结构 `j_role_func`
--

CREATE TABLE `j_role_func` (
  `rf_id` int(10) UNSIGNED NOT NULL COMMENT 'v',
  `rf_role_id` smallint(4) UNSIGNED NOT NULL COMMENT '角色',
  `rf_func_id` smallint(4) UNSIGNED NOT NULL COMMENT '功能',
  `rf_creator` smallint(4) UNSIGNED NOT NULL COMMENT '创建人',
  `rf_create_datetime` datetime NOT NULL COMMENT '创建日期'
) ENGINE=InnoDB DEFAULT CHARSET=utf8 COMMENT='角色功能';

--
-- 转存表中的数据 `j_role_func`
--

INSERT INTO `j_role_func` (`rf_id`, `rf_role_id`, `rf_func_id`, `rf_creator`, `rf_create_datetime`) VALUES
(1, 1, 1, 1, '2018-02-14 00:37:34'),
(2, 1, 2, 1, '2018-02-14 00:39:05'),
(6, 2, 1, 1, '2018-02-14 04:54:12'),
(8, 1, 4, 1, '2018-02-19 23:54:40'),
(9, 1, 5, 1, '2018-04-03 23:52:53'),
(10, 1, 6, 1, '2018-04-03 23:54:36'),
(11, 1, 7, 1, '2018-04-04 00:14:50'),
(12, 1, 8, 1, '2018-04-04 00:16:54'),
(13, 1, 9, 1, '2018-04-04 02:01:40'),
(14, 1, 10, 1, '2018-04-04 02:03:30'),
(15, 1, 11, 1, '2018-04-04 02:04:27'),
(17, 1, 13, 1, '2018-04-04 02:06:43'),
(18, 1, 14, 1, '2018-04-04 02:07:55'),
(19, 1, 15, 1, '2018-04-04 02:09:20'),
(20, 1, 16, 1, '2018-04-04 03:19:06'),
(21, 1, 17, 1, '2018-04-04 03:20:40'),
(22, 1, 18, 1, '2018-04-04 03:21:49'),
(23, 1, 19, 1, '2018-04-04 03:23:19'),
(24, 1, 20, 1, '2018-04-04 04:38:32'),
(25, 1, 21, 1, '2018-04-04 04:46:04'),
(26, 1, 22, 1, '2018-04-04 04:46:57'),
(27, 1, 23, 1, '2018-04-04 04:47:48'),
(28, 1, 24, 1, '2018-04-04 23:12:03'),
(29, 1, 25, 1, '2018-04-04 23:13:30'),
(30, 1, 26, 1, '2018-04-04 23:14:29'),
(31, 1, 27, 1, '2018-04-05 00:00:49'),
(32, 1, 28, 1, '2018-04-05 00:01:44'),
(33, 1, 29, 1, '2018-04-05 00:02:30'),
(34, 1, 30, 1, '2018-06-02 10:20:46'),
(38, 1, 34, 1, '2018-06-02 10:59:29'),
(39, 1, 35, 1, '2018-06-02 11:02:19'),
(41, 1, 37, 1, '2018-06-02 11:29:48'),
(43, 1, 39, 1, '2018-06-02 11:37:19'),
(45, 1, 41, 1, '2018-06-02 14:19:54'),
(47, 1, 43, 1, '2018-06-02 15:18:46'),
(48, 1, 44, 1, '2018-06-02 15:44:25'),
(49, 1, 45, 1, '2018-06-02 15:48:02'),
(50, 1, 46, 1, '2018-06-02 16:09:24'),
(68, 1, 47, 1, '2018-06-03 20:07:16'),
(69, 1, 48, 1, '2018-06-03 20:07:55'),
(70, 1, 49, 1, '2018-06-03 20:08:46'),
(71, 3, 30, 1, '2018-06-04 08:30:58'),
(72, 3, 37, 1, '2018-06-04 08:30:58'),
(73, 3, 39, 1, '2018-06-04 08:30:58'),
(76, 3, 41, 1, '2018-06-04 08:30:58'),
(78, 3, 43, 1, '2018-06-04 08:30:58'),
(79, 3, 44, 1, '2018-06-04 08:30:58'),
(80, 3, 45, 1, '2018-06-04 08:30:58'),
(81, 3, 46, 1, '2018-06-04 08:30:58'),
(85, 3, 34, 1, '2018-06-04 08:30:58'),
(86, 3, 35, 1, '2018-06-04 08:30:58'),
(88, 3, 47, 1, '2018-06-04 08:30:58'),
(89, 3, 48, 1, '2018-06-04 08:30:58'),
(90, 3, 49, 1, '2018-06-04 08:30:58'),
(91, 4, 30, 1, '2018-06-04 08:43:12'),
(92, 4, 37, 1, '2018-06-04 08:43:12'),
(93, 4, 39, 1, '2018-06-04 08:43:12'),
(96, 4, 41, 1, '2018-06-04 08:43:12'),
(98, 4, 43, 1, '2018-06-04 08:43:12'),
(99, 4, 44, 1, '2018-06-04 08:43:12'),
(100, 4, 45, 1, '2018-06-04 08:43:12'),
(101, 4, 46, 1, '2018-06-04 08:43:12'),
(105, 4, 34, 1, '2018-06-04 08:43:12'),
(106, 4, 35, 1, '2018-06-04 08:43:12'),
(108, 1, 50, 1, '2018-06-04 14:48:49'),
(109, 1, 51, 1, '2018-06-04 15:30:08'),
(110, 1, 52, 1, '2018-06-04 15:31:26'),
(111, 1, 53, 1, '2018-06-04 15:32:24'),
(112, 1, 54, 1, '2018-06-04 15:33:08'),
(113, 1, 55, 1, '2018-06-04 15:33:57'),
(114, 1, 56, 1, '2018-06-04 15:34:40'),
(115, 1, 57, 1, '2018-06-04 15:35:26'),
(116, 1, 58, 1, '2018-06-04 15:36:25'),
(117, 1, 59, 1, '2018-06-04 15:37:07'),
(118, 1, 60, 1, '2018-06-04 15:37:57'),
(119, 1, 61, 1, '2018-06-04 16:27:15'),
(120, 1, 62, 1, '2018-06-04 17:08:32'),
(121, 1, 63, 1, '2018-06-04 17:31:05'),
(122, 1, 64, 1, '2018-06-04 17:47:34'),
(123, 1, 65, 1, '2018-06-04 17:53:50'),
(124, 1, 66, 1, '2018-06-04 19:15:37'),
(125, 1, 67, 1, '2018-06-04 19:26:33'),
(126, 1, 68, 1, '2018-06-04 19:40:31'),
(127, 1, 69, 1, '2018-06-04 19:43:13'),
(129, 1, 71, 1, '2018-06-06 08:11:17'),
(130, 1, 72, 1, '2018-06-06 08:12:20'),
(131, 1, 73, 1, '2018-06-06 08:13:09'),
(132, 1, 74, 1, '2018-06-06 08:22:50'),
(133, 1, 75, 1, '2018-06-06 08:29:44'),
(134, 1, 76, 1, '2018-06-06 14:47:40'),
(135, 1, 77, 1, '2018-06-06 14:48:28'),
(136, 1, 78, 1, '2018-06-06 14:51:14'),
(137, 1, 80, 1, '2018-06-06 17:01:03'),
(138, 1, 81, 1, '2018-06-06 17:01:56'),
(139, 1, 82, 1, '2018-06-06 17:02:53'),
(140, 1, 83, 1, '2018-06-06 05:33:51'),
(141, 1, 84, 1, '2018-06-06 08:24:24'),
(143, 1, 85, 1, '2018-06-06 09:31:21'),
(144, 1, 86, 1, '2018-06-06 09:32:02'),
(145, 1, 87, 1, '2018-06-06 09:32:58'),
(148, 1, 90, 1, '2018-06-08 03:57:18'),
(150, 1, 92, 1, '2018-06-08 04:17:02'),
(151, 1, 93, 1, '2018-06-08 06:05:35'),
(152, 1, 94, 1, '2018-06-08 06:07:22'),
(153, 1, 95, 1, '2018-06-08 06:09:09'),
(154, 1, 96, 1, '2018-06-12 05:25:02'),
(156, 1, 98, 1, '2018-06-19 20:55:51'),
(157, 1, 99, 1, '2018-06-19 21:09:26'),
(158, 1, 100, 1, '2018-06-19 21:10:48'),
(159, 1, 101, 1, '2018-06-19 21:11:42'),
(160, 1, 102, 1, '2018-06-19 22:38:11'),
(161, 1, 103, 1, '2018-06-19 23:09:38'),
(162, 1, 104, 1, '2018-06-20 04:59:15'),
(163, 1, 105, 1, '2018-06-20 08:00:46'),
(164, 1, 106, 1, '2018-06-20 08:48:28'),
(167, 1, 109, 1, '2018-06-22 19:37:37'),
(168, 1, 110, 1, '2018-06-22 19:38:20'),
(169, 1, 111, 1, '2018-06-22 19:39:59'),
(170, 1, 112, 1, '2018-06-22 20:43:13'),
(171, 1, 113, 1, '2018-06-22 21:00:26'),
(186, 1, 116, 1, '2018-06-26 17:30:39'),
(187, 1, 117, 1, '2018-06-26 20:22:21'),
(188, 1, 118, 1, '2018-06-26 20:32:48'),
(189, 1, 119, 1, '2018-06-26 20:36:33'),
(190, 1, 120, 1, '2018-06-26 20:38:28'),
(191, 1, 121, 1, '2018-06-27 10:37:57'),
(192, 1, 122, 1, '2018-06-27 10:38:36'),
(193, 1, 123, 1, '2018-06-27 10:49:22'),
(194, 1, 124, 1, '2018-06-27 10:49:48'),
(195, 1, 125, 1, '2018-06-27 20:08:07'),
(196, 1, 126, 1, '2018-06-27 20:08:52'),
(197, 1, 127, 1, '2018-06-27 20:09:39'),
(198, 1, 128, 1, '2018-06-27 21:03:49'),
(202, 1, 129, 1, '2018-07-03 09:50:32'),
(203, 1, 130, 1, '2018-07-03 10:57:19'),
(204, 1, 131, 1, '2018-07-03 11:30:58'),
(205, 1, 132, 1, '2018-07-03 15:26:43'),
(206, 1, 133, 1, '2018-07-13 19:32:42'),
(207, 1, 134, 1, '2018-07-13 19:33:12'),
(208, 1, 135, 1, '2018-07-13 19:33:54'),
(209, 1, 136, 1, '2018-07-13 19:52:59'),
(210, 1, 137, 1, '2018-07-13 19:54:10'),
(211, 1, 138, 1, '2018-07-13 19:56:24'),
(212, 1, 139, 1, '2018-07-14 09:26:41'),
(213, 1, 140, 1, '2018-07-14 09:27:16'),
(214, 10, 104, 1, '2018-07-14 09:38:57'),
(215, 10, 116, 1, '2018-07-14 09:38:57'),
(216, 10, 140, 1, '2018-07-14 09:38:57'),
(217, 10, 139, 1, '2018-07-14 09:38:57'),
(218, 11, 112, 1, '2018-07-14 09:39:16'),
(219, 11, 140, 1, '2018-07-14 09:39:16'),
(220, 11, 139, 1, '2018-07-14 09:39:16'),
(221, 12, 113, 1, '2018-07-14 09:39:29'),
(222, 12, 140, 1, '2018-07-14 09:39:29'),
(223, 12, 139, 1, '2018-07-14 09:39:29'),
(225, 13, 139, 1, '2018-07-14 09:39:41'),
(226, 13, 140, 1, '2018-07-14 09:39:41'),
(228, 14, 139, 1, '2018-07-14 09:39:57'),
(229, 14, 140, 1, '2018-07-14 09:39:57'),
(274, 1, 141, 1, '2018-07-17 19:22:02'),
(275, 1, 142, 1, '2018-07-17 19:24:19'),
(276, 1, 143, 1, '2018-07-17 19:25:45'),
(277, 1, 144, 1, '2018-07-17 19:26:39'),
(278, 1, 145, 1, '2018-07-17 19:30:02'),
(279, 1, 146, 1, '2018-07-17 19:32:14'),
(280, 1, 147, 1, '2018-07-17 19:33:27'),
(281, 1, 148, 1, '2018-07-17 19:36:32'),
(282, 1, 149, 1, '2018-07-17 19:37:38'),
(283, 1, 150, 1, '2018-07-17 20:17:42'),
(284, 1, 151, 1, '2018-07-17 20:18:15'),
(285, 1, 152, 1, '2018-07-18 11:02:54'),
(286, 1, 153, 1, '2018-07-18 12:01:04'),
(287, 1, 154, 1, '2018-07-18 14:11:36'),
(288, 1, 155, 1, '2018-07-18 14:14:31'),
(289, 1, 156, 1, '2018-07-18 14:15:10'),
(290, 1, 157, 1, '2018-07-18 14:27:28'),
(291, 1, 158, 1, '2018-07-18 14:28:07'),
(292, 1, 159, 1, '2018-07-18 14:47:12'),
(293, 1, 160, 1, '2018-07-18 16:56:01'),
(294, 1, 161, 1, '2018-07-18 16:56:31'),
(295, 1, 162, 1, '2018-07-18 16:57:05'),
(296, 1, 163, 1, '2018-07-18 18:30:45'),
(297, 1, 164, 1, '2018-07-18 18:32:07'),
(298, 1, 165, 1, '2018-07-18 18:32:52'),
(299, 1, 166, 1, '2018-07-18 20:11:42'),
(300, 1, 167, 1, '2018-07-18 20:12:20'),
(301, 1, 168, 1, '2018-07-18 20:12:56'),
(302, 1, 169, 1, '2018-07-18 20:58:04'),
(303, 1, 170, 1, '2018-07-19 14:39:11'),
(304, 1, 171, 1, '2018-07-19 14:40:26'),
(305, 1, 172, 1, '2018-07-19 15:10:10'),
(306, 1, 173, 1, '2018-07-19 15:53:38'),
(307, 1, 174, 1, '2018-07-19 16:13:00'),
(308, 1, 175, 1, '2018-07-19 16:13:55'),
(309, 1, 176, 1, '2018-07-19 16:14:45'),
(310, 1, 177, 1, '2018-07-19 16:15:42'),
(311, 1, 178, 1, '2018-07-19 17:31:40'),
(312, 1, 179, 1, '2018-07-19 17:32:36'),
(313, 1, 180, 1, '2018-07-19 17:33:16'),
(314, 1, 181, 1, '2018-07-19 17:33:55'),
(315, 1, 182, 1, '2018-07-19 17:34:58'),
(316, 1, 183, 1, '2018-07-19 17:35:37'),
(317, 1, 184, 1, '2018-07-19 17:36:28'),
(318, 1, 185, 1, '2018-07-19 17:37:24'),
(319, 1, 186, 1, '2018-07-19 17:37:49'),
(320, 1, 187, 1, '2018-07-19 17:39:52'),
(321, 1, 188, 1, '2018-07-19 17:41:16'),
(322, 1, 189, 1, '2018-07-28 09:42:41'),
(323, 1, 190, 1, '2018-07-28 09:43:09'),
(324, 1, 191, 1, '2018-07-28 09:43:56'),
(325, 1, 192, 1, '2018-07-28 09:52:01'),
(326, 1, 193, 1, '2018-07-28 09:52:48'),
(327, 1, 194, 1, '2018-07-28 09:53:28'),
(328, 1, 195, 1, '2018-07-29 10:44:39'),
(329, 1, 196, 1, '2018-07-29 10:45:07'),
(330, 1, 197, 1, '2018-07-29 10:45:38'),
(331, 1, 198, 1, '2018-07-29 16:56:10'),
(332, 1, 199, 1, '2018-07-29 16:56:37'),
(333, 1, 200, 1, '2018-07-29 16:57:16'),
(334, 1, 201, 1, '2018-07-29 17:25:56'),
(335, 1, 202, 1, '2018-07-29 17:26:35'),
(336, 1, 203, 1, '2018-07-29 17:27:22'),
(338, 1, 205, 1, '2018-07-29 18:13:53'),
(339, 1, 206, 1, '2018-07-29 18:14:29'),
(340, 1, 207, 1, '2018-07-29 18:15:05'),
(341, 1, 208, 1, '2018-07-30 08:56:04'),
(342, 1, 209, 1, '2018-07-30 08:56:39'),
(343, 1, 210, 1, '2018-07-30 08:57:24'),
(344, 1, 211, 1, '2018-07-30 09:09:08'),
(345, 1, 212, 1, '2018-07-30 09:09:45'),
(346, 1, 213, 1, '2018-07-30 09:10:14'),
(347, 1, 214, 1, '2018-07-30 09:22:08'),
(348, 1, 215, 1, '2018-07-30 09:22:47'),
(349, 1, 216, 1, '2018-07-30 09:23:20'),
(350, 1, 217, 1, '2018-07-30 09:32:28'),
(351, 1, 218, 1, '2018-07-30 09:33:21'),
(352, 1, 219, 1, '2018-07-30 09:33:47'),
(353, 1, 220, 1, '2018-07-30 09:40:35'),
(354, 1, 221, 1, '2018-07-30 09:41:06'),
(355, 1, 222, 1, '2018-07-30 09:41:38'),
(356, 1, 223, 1, '2018-07-30 10:00:09'),
(357, 1, 224, 1, '2018-07-30 10:01:47'),
(358, 1, 225, 1, '2018-07-30 10:02:26'),
(359, 1, 226, 1, '2018-07-30 10:03:00'),
(360, 1, 227, 1, '2018-07-30 14:17:04'),
(361, 1, 228, 1, '2018-07-30 14:19:23'),
(362, 1, 229, 1, '2018-07-30 14:38:00'),
(363, 1, 230, 1, '2018-07-30 14:38:31'),
(364, 1, 231, 1, '2018-07-30 14:39:16'),
(365, 1, 232, 1, '2018-07-30 19:37:45'),
(366, 1, 233, 1, '2018-07-30 19:38:11'),
(367, 1, 234, 1, '2018-07-30 19:38:42'),
(368, 1, 235, 1, '2018-07-30 19:58:27'),
(369, 1, 236, 1, '2018-07-30 19:58:51'),
(370, 1, 237, 1, '2018-07-30 19:59:19'),
(371, 1, 238, 1, '2018-07-30 20:51:10'),
(372, 1, 239, 1, '2018-07-30 20:51:34'),
(373, 1, 240, 1, '2018-07-30 20:52:14'),
(374, 1, 241, 1, '2018-07-30 20:56:28'),
(375, 1, 242, 1, '2018-07-31 10:36:35'),
(377, 1, 244, 1, '2018-07-31 11:03:06'),
(378, 1, 245, 1, '2018-07-31 11:03:47'),
(379, 1, 246, 1, '2018-07-31 17:17:40'),
(380, 1, 247, 1, '2018-08-01 14:23:24'),
(382, 1, 249, 1, '2018-08-01 14:24:32'),
(383, 1, 250, 1, '2018-08-01 14:27:16'),
(384, 1, 251, 1, '2018-08-01 14:28:45'),
(385, 1, 252, 1, '2018-08-01 14:35:49'),
(386, 1, 253, 1, '2018-08-01 14:36:39'),
(387, 1, 254, 1, '2018-08-01 14:54:17'),
(388, 1, 255, 1, '2018-08-01 14:54:50'),
(389, 1, 256, 1, '2018-08-02 20:30:05'),
(390, 1, 257, 1, '2018-08-02 20:30:37'),
(391, 1, 258, 1, '2018-08-02 20:31:10'),
(392, 1, 259, 1, '2018-08-03 14:15:46'),
(393, 1, 260, 1, '2018-08-03 14:16:15'),
(394, 1, 261, 1, '2018-08-03 14:17:57'),
(395, 1, 262, 1, '2018-08-03 16:11:02'),
(396, 1, 263, 1, '2018-08-03 16:11:32'),
(397, 1, 264, 1, '2018-08-03 16:12:04'),
(398, 1, 265, 1, '2018-08-03 20:01:21'),
(399, 1, 266, 1, '2018-08-03 20:01:55'),
(400, 1, 267, 1, '2018-08-03 20:33:58'),
(401, 1, 268, 1, '2018-08-03 20:56:30'),
(402, 1, 269, 1, '2018-08-03 20:57:03'),
(403, 1, 270, 1, '2018-08-03 20:57:44'),
(404, 1, 271, 1, '2018-08-03 21:12:14'),
(405, 1, 272, 1, '2018-08-03 21:17:17'),
(406, 1, 273, 1, '2018-08-03 21:18:19'),
(407, 1, 274, 1, '2018-08-04 09:37:08'),
(408, 1, 275, 1, '2018-08-04 09:37:32'),
(409, 1, 276, 1, '2018-08-04 09:38:02'),
(410, 1, 277, 1, '2018-08-04 17:00:27'),
(411, 1, 278, 1, '2018-08-04 17:01:01'),
(412, 1, 279, 1, '2018-08-04 17:02:03'),
(413, 1, 280, 1, '2018-08-07 08:12:39'),
(414, 1, 281, 1, '2018-08-07 15:15:49'),
(415, 1, 282, 1, '2018-08-07 15:19:31'),
(416, 1, 283, 1, '2018-08-07 15:20:10'),
(417, 1, 284, 1, '2018-08-07 20:21:04'),
(418, 1, 285, 1, '2018-08-07 20:22:14'),
(420, 1, 287, 1, '2018-08-07 20:26:00'),
(421, 1, 288, 1, '2018-08-13 17:35:36'),
(422, 1, 289, 1, '2018-08-13 17:37:06'),
(423, 1, 290, 1, '2018-08-13 17:38:19'),
(424, 1, 291, 1, '2018-08-14 17:28:43'),
(425, 1, 292, 1, '2018-08-14 17:29:37'),
(426, 1, 293, 1, '2018-08-14 17:31:47'),
(427, 1, 294, 1, '2018-08-14 17:34:18'),
(428, 1, 295, 1, '2018-08-14 20:36:57'),
(429, 1, 296, 1, '2018-08-15 09:13:28'),
(430, 1, 297, 1, '2018-08-15 09:13:59'),
(431, 1, 298, 1, '2018-08-15 09:20:16'),
(432, 1, 299, 1, '2018-08-15 09:21:24'),
(433, 1, 300, 1, '2018-08-15 09:22:30'),
(434, 1, 301, 1, '2018-08-15 18:25:39'),
(435, 1, 302, 1, '2018-08-16 08:46:42'),
(436, 1, 303, 1, '2018-08-16 08:47:46'),
(437, 1, 304, 1, '2018-08-16 08:48:42'),
(438, 1, 305, 1, '2018-08-16 08:49:21'),
(439, 1, 306, 1, '2018-08-16 08:50:45'),
(440, 1, 307, 1, '2018-08-16 17:36:43'),
(441, 1, 308, 1, '2018-08-16 17:37:04'),
(442, 1, 309, 1, '2018-08-16 17:37:38'),
(443, 1, 310, 1, '2018-08-18 09:09:56'),
(444, 1, 311, 1, '2018-08-18 09:14:00'),
(445, 1, 312, 1, '2018-08-18 09:14:43'),
(446, 1, 313, 1, '2018-08-18 09:15:22'),
(483, 9, 102, 1, '2018-08-18 11:00:25'),
(485, 9, 98, 1, '2018-08-18 11:00:25'),
(486, 9, 103, 1, '2018-08-18 11:00:25'),
(487, 9, 105, 1, '2018-08-18 11:00:25'),
(488, 9, 116, 1, '2018-08-18 11:00:25'),
(489, 9, 104, 1, '2018-08-18 11:00:25'),
(490, 9, 308, 1, '2018-08-18 11:00:25'),
(491, 9, 307, 1, '2018-08-18 11:00:25'),
(492, 9, 309, 1, '2018-08-18 11:00:25'),
(493, 9, 112, 1, '2018-08-18 11:00:25'),
(494, 9, 117, 1, '2018-08-18 11:00:25'),
(495, 9, 118, 1, '2018-08-18 11:00:25'),
(496, 9, 113, 1, '2018-08-18 11:00:25'),
(497, 9, 119, 1, '2018-08-18 11:00:25'),
(499, 9, 129, 1, '2018-08-18 11:00:25'),
(501, 9, 130, 1, '2018-08-18 11:00:25'),
(502, 9, 120, 1, '2018-08-18 11:00:25'),
(504, 9, 106, 1, '2018-08-18 11:00:25'),
(505, 9, 139, 1, '2018-08-18 11:00:25'),
(506, 9, 140, 1, '2018-08-18 11:00:25'),
(507, 9, 138, 1, '2018-08-18 11:00:25'),
(508, 9, 47, 1, '2018-08-18 11:00:25'),
(509, 9, 49, 1, '2018-08-18 11:00:25'),
(510, 9, 137, 1, '2018-08-18 11:00:25'),
(511, 9, 48, 1, '2018-08-18 11:00:25'),
(512, 9, 136, 1, '2018-08-18 11:00:25'),
(513, 9, 6, 1, '2018-08-18 11:00:25'),
(514, 9, 8, 1, '2018-08-18 11:00:25'),
(515, 9, 5, 1, '2018-08-18 11:00:25'),
(516, 9, 7, 1, '2018-08-18 11:00:25'),
(517, 9, 50, 1, '2018-08-18 11:00:25'),
(518, 1, 314, 1, '2018-08-18 17:36:23'),
(519, 1, 315, 1, '2018-08-18 17:36:53'),
(520, 1, 316, 1, '2018-08-18 17:37:40'),
(521, 1, 317, 1, '2018-08-20 09:44:43'),
(522, 1, 318, 1, '2018-08-20 10:14:43'),
(523, 1, 319, 1, '2018-08-20 10:51:18'),
(524, 1, 320, 1, '2018-08-20 10:52:15'),
(525, 1, 321, 1, '2018-08-20 11:09:39'),
(526, 1, 322, 1, '2018-08-20 11:10:11'),
(527, 1, 323, 1, '2018-08-20 17:39:04'),
(528, 1, 324, 1, '2018-08-20 17:40:14'),
(529, 1, 325, 1, '2018-08-20 19:45:31'),
(530, 1, 326, 1, '2018-08-20 19:46:14'),
(531, 1, 327, 1, '2018-08-20 21:30:42'),
(532, 1, 328, 1, '2018-08-20 21:40:22'),
(533, 1, 329, 1, '2018-08-21 17:07:26'),
(534, 1, 330, 1, '2018-08-21 17:08:03'),
(535, 1, 331, 1, '2018-08-22 17:18:00'),
(536, 1, 332, 1, '2018-08-22 17:18:45'),
(537, 1, 333, 1, '2018-08-22 20:09:14'),
(538, 1, 334, 1, '2018-08-23 17:22:19'),
(539, 1, 335, 1, '2018-08-23 19:24:38'),
(540, 1, 336, 1, '2018-08-23 19:43:22'),
(541, 1, 337, 1, '2018-08-24 19:32:05'),
(542, 1, 338, 1, '2018-08-24 21:24:17'),
(543, 1, 339, 1, '2018-08-25 09:21:32'),
(544, 1, 340, 1, '2018-08-25 09:25:51'),
(545, 1, 341, 1, '2018-08-25 09:26:51'),
(546, 1, 342, 1, '2018-08-26 11:50:36'),
(547, 1, 343, 1, '2018-08-26 16:31:48');

-- --------------------------------------------------------

--
-- 表的结构 `j_role_menu`
--

CREATE TABLE `j_role_menu` (
  `rm_id` int(10) UNSIGNED NOT NULL COMMENT 'v',
  `rm_role_id` smallint(4) UNSIGNED NOT NULL COMMENT '角色',
  `rm_menu_id` smallint(4) UNSIGNED NOT NULL COMMENT '菜单'
) ENGINE=InnoDB DEFAULT CHARSET=utf8 COMMENT='角色菜单';

--
-- 转存表中的数据 `j_role_menu`
--

INSERT INTO `j_role_menu` (`rm_id`, `rm_role_id`, `rm_menu_id`) VALUES
(1, 1, 1),
(5, 1, 5),
(7, 1, 9),
(8, 1, 10),
(9, 1, 11),
(10, 1, 12),
(11, 1, 13),
(12, 1, 14),
(13, 1, 15),
(14, 1, 16),
(15, 1, 17),
(17, 1, 19),
(18, 1, 20),
(19, 1, 21),
(20, 1, 22),
(21, 1, 23),
(22, 1, 24),
(24, 1, 26),
(25, 1, 27),
(26, 1, 28),
(27, 1, 29),
(28, 1, 30),
(29, 1, 31),
(30, 1, 32),
(31, 1, 33),
(32, 1, 34),
(33, 1, 35),
(34, 1, 36),
(35, 1, 37),
(36, 1, 38),
(37, 1, 39),
(38, 1, 40),
(39, 1, 41),
(40, 1, 42),
(41, 1, 43),
(42, 1, 44),
(43, 1, 45),
(44, 1, 46),
(45, 1, 47),
(46, 1, 48),
(47, 1, 49),
(48, 1, 50),
(49, 1, 51),
(50, 1, 52),
(51, 1, 53),
(52, 1, 54),
(53, 1, 55),
(54, 1, 56),
(55, 1, 57),
(56, 1, 58),
(57, 1, 59),
(58, 1, 60),
(60, 1, 62),
(61, 1, 63),
(62, 1, 64),
(63, 1, 65),
(64, 1, 66),
(65, 1, 67),
(66, 1, 68),
(67, 1, 69),
(68, 1, 70),
(69, 1, 71),
(70, 1, 72),
(71, 1, 73),
(72, 1, 74),
(73, 1, 75),
(74, 1, 76),
(75, 1, 77),
(76, 1, 78),
(77, 1, 79),
(78, 1, 80),
(79, 1, 81),
(80, 1, 82),
(81, 1, 83),
(82, 1, 84),
(83, 1, 85),
(84, 1, 86),
(85, 1, 87),
(86, 1, 88),
(87, 1, 89),
(88, 1, 90),
(89, 1, 91),
(90, 1, 92),
(91, 1, 93),
(92, 1, 94),
(93, 1, 95),
(94, 1, 96),
(95, 1, 97),
(96, 1, 98),
(97, 1, 99),
(98, 1, 100),
(99, 1, 101),
(100, 1, 102),
(101, 1, 103),
(102, 1, 104),
(103, 1, 105),
(104, 2, 45),
(105, 2, 46),
(106, 2, 47),
(107, 2, 69),
(108, 2, 84),
(109, 2, 55),
(110, 2, 94),
(111, 1, 106),
(112, 1, 107),
(113, 1, 108),
(114, 1, 109),
(115, 1, 110),
(116, 1, 111),
(117, 1, 112),
(118, 1, 113),
(119, 1, 114),
(120, 1, 115),
(121, 1, 116),
(122, 1, 117),
(123, 1, 118),
(125, 1, 120),
(126, 1, 121),
(127, 1, 122),
(128, 1, 123),
(129, 1, 124),
(130, 1, 125),
(131, 1, 126),
(132, 1, 127),
(151, 1, 128),
(172, 4, 64),
(173, 4, 101),
(174, 4, 121),
(175, 4, 122),
(176, 4, 123),
(177, 4, 124),
(178, 4, 126),
(179, 4, 125),
(180, 4, 127),
(181, 4, 1),
(182, 4, 5),
(183, 4, 95),
(203, 3, 64),
(204, 3, 101),
(205, 3, 121),
(206, 3, 122),
(207, 3, 123),
(208, 3, 124),
(209, 3, 126),
(210, 3, 125),
(211, 3, 127),
(213, 3, 120),
(214, 3, 1),
(215, 3, 5),
(216, 3, 128),
(217, 3, 95),
(218, 1, 129),
(219, 1, 130),
(220, 1, 131),
(221, 1, 132),
(222, 1, 133),
(223, 1, 134),
(224, 1, 135),
(225, 1, 136),
(226, 1, 137),
(249, 1, 138),
(250, 1, 139),
(251, 1, 140),
(252, 1, 141),
(262, 8, 55),
(263, 8, 94),
(264, 8, 56),
(265, 8, 57),
(266, 8, 58),
(267, 1, 144),
(268, 1, 145),
(269, 1, 146),
(270, 1, 147),
(271, 1, 148),
(272, 1, 149),
(273, 1, 150),
(290, 1, 152),
(291, 1, 153),
(292, 1, 154),
(293, 1, 155),
(294, 11, 78),
(295, 11, 89),
(296, 11, 1),
(297, 11, 5),
(298, 11, 95),
(299, 12, 78),
(300, 12, 90),
(301, 12, 1),
(302, 12, 5),
(303, 12, 95),
(304, 13, 78),
(305, 13, 154),
(306, 13, 1),
(307, 13, 5),
(308, 13, 95),
(314, 14, 78),
(315, 14, 155),
(316, 14, 1),
(317, 14, 5),
(318, 14, 95),
(319, 1, 156),
(320, 1, 157),
(321, 1, 158),
(322, 1, 159),
(323, 1, 160),
(324, 1, 161),
(325, 1, 162),
(331, 10, 78),
(332, 10, 87),
(333, 10, 156),
(334, 10, 1),
(335, 10, 5),
(336, 10, 95),
(337, 1, 163),
(383, 1, 164),
(384, 1, 165),
(385, 1, 166),
(386, 1, 167),
(387, 1, 168),
(388, 1, 169),
(389, 1, 170),
(390, 1, 171),
(391, 1, 172),
(392, 1, 173),
(393, 1, 174),
(394, 1, 175),
(395, 1, 176),
(396, 1, 177),
(397, 1, 178),
(398, 1, 179),
(399, 1, 180),
(400, 1, 181),
(401, 1, 182),
(402, 1, 183),
(403, 1, 184),
(404, 1, 185),
(405, 1, 186),
(406, 1, 187),
(407, 1, 188),
(408, 1, 189),
(409, 1, 190),
(410, 1, 191),
(411, 1, 192),
(412, 1, 193),
(413, 1, 194),
(414, 1, 195),
(415, 1, 196),
(416, 1, 197),
(417, 9, 9),
(418, 9, 11),
(419, 9, 78),
(420, 9, 146),
(421, 9, 195),
(422, 9, 145),
(423, 9, 87),
(424, 9, 156),
(425, 9, 196),
(426, 9, 89),
(427, 9, 157),
(428, 9, 90),
(429, 9, 158),
(430, 9, 154),
(431, 9, 159),
(432, 9, 155),
(433, 9, 160),
(434, 9, 59),
(437, 9, 62),
(438, 9, 150),
(439, 9, 1),
(440, 9, 5),
(441, 9, 128),
(442, 9, 95),
(443, 9, 102),
(444, 9, 103),
(445, 9, 129),
(446, 1, 198),
(447, 1, 199),
(448, 1, 200),
(449, 1, 201),
(450, 1, 202),
(451, 1, 203),
(452, 1, 204),
(453, 1, 205),
(454, 1, 206),
(455, 1, 207),
(456, 1, 208),
(457, 1, 209),
(458, 1, 210),
(459, 1, 211),
(460, 1, 212);

-- --------------------------------------------------------

--
-- 表的结构 `j_role_page_form`
--

CREATE TABLE `j_role_page_form` (
  `rpf_id` int(10) UNSIGNED NOT NULL COMMENT 'v',
  `rpf_role_id` smallint(4) UNSIGNED NOT NULL COMMENT '角色',
  `rpf_page_form_id` smallint(4) UNSIGNED NOT NULL COMMENT '页面表单',
  `rpf_creator` smallint(4) NOT NULL COMMENT '创建人',
  `rpf_create_datetime` datetime NOT NULL COMMENT '创建日期'
) ENGINE=InnoDB DEFAULT CHARSET=utf8 COMMENT='角色页面表单';

--
-- 转存表中的数据 `j_role_page_form`
--

INSERT INTO `j_role_page_form` (`rpf_id`, `rpf_role_id`, `rpf_page_form_id`, `rpf_creator`, `rpf_create_datetime`) VALUES
(1, 1, 6, 1, '2018-06-06 07:09:59'),
(3, 1, 7, 1, '2018-06-06 21:47:57'),
(4, 1, 8, 1, '2018-06-06 21:48:39'),
(5, 1, 9, 1, '2018-06-06 21:49:04'),
(6, 1, 10, 1, '2018-06-07 01:46:00'),
(7, 8, 6, 1, '2018-06-07 05:40:50'),
(8, 8, 7, 1, '2018-06-07 05:40:50'),
(9, 8, 8, 1, '2018-06-07 05:40:50'),
(10, 8, 9, 1, '2018-06-07 05:40:50'),
(11, 8, 10, 1, '2018-06-07 05:40:50'),
(12, 1, 11, 1, '2018-06-11 03:01:35'),
(13, 1, 12, 1, '2018-06-11 03:03:30'),
(14, 1, 13, 1, '2018-06-11 03:16:01'),
(15, 11, 6, 1, '2018-06-23 14:22:43'),
(16, 11, 7, 1, '2018-06-23 14:22:43'),
(17, 11, 8, 1, '2018-06-23 14:22:43'),
(18, 11, 9, 1, '2018-06-23 14:22:43'),
(19, 11, 10, 1, '2018-06-23 14:22:43'),
(20, 12, 6, 1, '2018-06-23 18:26:00'),
(21, 12, 7, 1, '2018-06-23 18:26:00'),
(22, 12, 8, 1, '2018-06-23 18:26:00'),
(23, 12, 9, 1, '2018-06-23 18:26:00'),
(24, 12, 10, 1, '2018-06-23 18:26:00'),
(25, 13, 6, 1, '2018-06-23 18:31:14'),
(26, 13, 7, 1, '2018-06-23 18:31:14'),
(27, 13, 8, 1, '2018-06-23 18:31:14'),
(28, 13, 9, 1, '2018-06-23 18:31:14'),
(29, 13, 10, 1, '2018-06-23 18:31:14'),
(30, 14, 6, 1, '2018-06-23 19:54:17'),
(31, 14, 7, 1, '2018-06-23 19:54:17'),
(32, 14, 8, 1, '2018-06-23 19:54:17'),
(33, 14, 9, 1, '2018-06-23 19:54:17'),
(34, 14, 10, 1, '2018-06-23 19:54:17'),
(40, 1, 14, 1, '2018-07-14 10:47:10'),
(41, 10, 7, 1, '2018-07-17 15:58:23'),
(42, 10, 10, 1, '2018-07-17 15:58:23'),
(43, 10, 8, 1, '2018-07-17 15:58:23'),
(44, 10, 14, 1, '2018-07-17 15:58:23'),
(45, 10, 6, 1, '2018-07-17 15:58:23'),
(46, 10, 9, 1, '2018-07-17 15:58:23'),
(47, 9, 6, 1, '2018-07-17 16:00:53'),
(48, 9, 9, 1, '2018-07-17 16:00:53'),
(49, 9, 7, 1, '2018-07-17 16:00:53'),
(50, 9, 10, 1, '2018-07-17 16:00:53'),
(51, 9, 8, 1, '2018-07-17 16:00:53'),
(52, 9, 14, 1, '2018-07-17 16:00:53'),
(53, 1, 15, 1, '2018-07-26 09:49:17'),
(54, 1, 16, 1, '2018-07-26 09:56:07'),
(55, 1, 17, 1, '2018-07-26 09:59:02'),
(68, 1, 30, 1, '2018-07-26 11:06:49'),
(69, 1, 31, 1, '2018-07-26 11:09:29'),
(70, 1, 32, 1, '2018-07-26 11:10:42'),
(71, 1, 33, 1, '2018-07-26 11:12:09'),
(72, 1, 34, 1, '2018-07-26 11:12:42'),
(73, 1, 35, 1, '2018-08-14 10:00:23'),
(74, 1, 36, 1, '2018-08-14 10:01:07'),
(75, 1, 37, 1, '2018-08-14 10:01:40'),
(76, 1, 38, 1, '2018-08-14 10:01:59'),
(77, 1, 39, 1, '2018-08-14 10:03:00'),
(78, 1, 40, 1, '2018-08-14 10:04:30'),
(79, 1, 41, 1, '2018-08-14 10:04:48'),
(80, 1, 42, 1, '2018-08-14 10:06:51'),
(81, 1, 43, 1, '2018-08-14 10:07:17'),
(82, 1, 44, 1, '2018-08-14 10:07:28'),
(83, 1, 45, 1, '2018-08-14 10:08:43'),
(84, 1, 46, 1, '2018-08-14 10:09:13'),
(85, 1, 47, 1, '2018-08-14 10:09:43'),
(86, 1, 48, 1, '2018-08-14 10:11:13'),
(87, 1, 49, 1, '2018-08-14 10:11:35'),
(88, 1, 50, 1, '2018-08-14 10:11:52'),
(89, 1, 51, 1, '2018-08-14 10:12:42'),
(90, 1, 52, 1, '2018-08-14 10:12:51'),
(91, 1, 53, 1, '2018-08-14 10:13:05'),
(92, 1, 54, 1, '2018-08-14 10:14:03'),
(93, 1, 55, 1, '2018-08-14 10:14:19'),
(94, 1, 56, 1, '2018-08-14 10:14:33'),
(95, 1, 57, 1, '2018-08-14 10:15:01'),
(96, 1, 58, 1, '2018-08-14 10:15:18'),
(97, 1, 59, 1, '2018-08-14 10:15:37');

-- --------------------------------------------------------

--
-- 表的结构 `j_role_page_search`
--

CREATE TABLE `j_role_page_search` (
  `rps_id` int(10) UNSIGNED NOT NULL COMMENT 'v',
  `rps_role_id` smallint(4) UNSIGNED NOT NULL COMMENT '角色',
  `rps_page_search_id` smallint(4) UNSIGNED NOT NULL COMMENT '页面搜索',
  `rps_creator` smallint(4) UNSIGNED NOT NULL COMMENT '创建人',
  `rps_create_datetime` datetime NOT NULL COMMENT '创建日期'
) ENGINE=InnoDB DEFAULT CHARSET=utf8 COMMENT='角色页面搜索';

--
-- 转存表中的数据 `j_role_page_search`
--

INSERT INTO `j_role_page_search` (`rps_id`, `rps_role_id`, `rps_page_search_id`, `rps_creator`, `rps_create_datetime`) VALUES
(7, 2, 3, 1, '2018-02-18 06:24:17'),
(8, 2, 4, 1, '2018-02-18 06:24:17'),
(15, 1, 3, 1, '2018-04-07 03:19:14'),
(16, 1, 4, 1, '2018-04-07 03:19:14'),
(17, 1, 5, 1, '2018-04-07 03:19:14'),
(18, 1, 6, 1, '2018-04-07 03:19:14'),
(19, 1, 7, 1, '2018-04-07 03:19:14'),
(20, 1, 8, 1, '2018-04-07 03:19:14'),
(21, 1, 9, 1, '2018-04-07 03:19:14'),
(22, 1, 10, 1, '2018-04-07 03:19:14'),
(23, 1, 11, 1, '2018-04-07 03:19:14'),
(24, 1, 12, 1, '2018-06-02 10:35:45'),
(25, 1, 13, 1, '2018-06-02 14:53:02'),
(26, 1, 14, 1, '2018-06-02 14:54:15'),
(28, 1, 16, 1, '2018-06-02 14:55:45'),
(29, 1, 17, 1, '2018-06-02 14:56:42'),
(30, 1, 18, 1, '2018-06-02 16:12:22'),
(31, 1, 19, 1, '2018-06-02 16:13:00'),
(32, 1, 20, 1, '2018-06-02 16:13:28'),
(33, 1, 21, 1, '2018-06-02 16:31:04'),
(56, 3, 12, 1, '2018-06-06 08:45:09'),
(57, 3, 17, 1, '2018-06-06 08:45:09'),
(58, 3, 14, 1, '2018-06-06 08:45:09'),
(59, 3, 13, 1, '2018-06-06 08:45:09'),
(60, 3, 19, 1, '2018-06-06 08:45:09'),
(61, 3, 18, 1, '2018-06-06 08:45:09'),
(62, 3, 20, 1, '2018-06-06 08:45:09'),
(63, 3, 21, 1, '2018-06-06 08:45:09'),
(65, 3, 16, 1, '2018-06-06 08:45:09'),
(66, 1, 23, 1, '2018-06-06 21:11:14'),
(67, 1, 24, 1, '2018-06-08 23:00:55'),
(68, 1, 25, 1, '2018-06-09 05:51:08'),
(69, 1, 26, 1, '2018-06-10 21:44:16'),
(70, 1, 27, 1, '2018-06-10 21:45:43'),
(71, 1, 28, 1, '2018-06-15 09:03:12'),
(74, 1, 31, 1, '2018-06-19 20:56:56'),
(75, 1, 32, 1, '2018-06-19 21:00:31'),
(76, 1, 33, 1, '2018-06-19 22:50:08'),
(77, 1, 34, 1, '2018-06-19 23:03:03'),
(78, 1, 35, 1, '2018-06-20 04:13:52'),
(79, 1, 36, 1, '2018-06-20 04:15:16'),
(82, 1, 39, 1, '2018-06-20 04:21:18'),
(83, 1, 40, 1, '2018-06-20 04:21:40'),
(84, 1, 41, 1, '2018-06-20 04:26:09'),
(85, 1, 42, 1, '2018-06-20 07:39:16'),
(86, 1, 43, 1, '2018-06-20 08:08:55'),
(87, 1, 44, 1, '2018-06-20 08:43:19'),
(88, 1, 45, 1, '2018-06-20 08:44:02'),
(95, 1, 52, 1, '2018-06-21 02:45:14'),
(96, 1, 53, 1, '2018-06-22 08:19:29'),
(97, 1, 54, 1, '2018-06-22 11:36:59'),
(98, 1, 55, 1, '2018-06-22 14:03:39'),
(99, 1, 56, 1, '2018-06-22 20:44:49'),
(100, 1, 57, 1, '2018-06-22 20:47:32'),
(101, 1, 58, 1, '2018-06-22 20:48:54'),
(102, 1, 59, 1, '2018-06-22 20:49:25'),
(103, 1, 60, 1, '2018-06-22 20:54:07'),
(104, 1, 61, 1, '2018-06-22 21:01:16'),
(105, 1, 62, 1, '2018-06-22 21:02:08'),
(106, 1, 63, 1, '2018-06-22 21:02:47'),
(107, 1, 64, 1, '2018-06-22 21:03:36'),
(108, 1, 65, 1, '2018-06-22 21:05:11'),
(109, 1, 66, 1, '2018-06-22 21:11:32'),
(110, 1, 67, 1, '2018-06-22 21:12:36'),
(111, 1, 68, 1, '2018-06-22 21:13:12'),
(112, 1, 69, 1, '2018-06-22 21:13:33'),
(113, 1, 70, 1, '2018-06-22 21:15:26'),
(114, 1, 71, 1, '2018-06-22 21:23:00'),
(115, 1, 72, 1, '2018-06-22 21:23:44'),
(116, 1, 73, 1, '2018-06-22 21:25:25'),
(117, 1, 74, 1, '2018-06-22 21:27:35'),
(118, 1, 75, 1, '2018-06-22 21:28:37'),
(123, 11, 59, 1, '2018-06-23 14:22:12'),
(124, 11, 56, 1, '2018-06-23 14:22:12'),
(125, 11, 58, 1, '2018-06-23 14:22:12'),
(126, 11, 60, 1, '2018-06-23 14:22:12'),
(127, 11, 23, 1, '2018-06-23 14:22:12'),
(128, 1, 76, 1, '2018-06-23 18:20:43'),
(129, 1, 77, 1, '2018-06-23 18:20:59'),
(130, 1, 78, 1, '2018-06-23 18:21:26'),
(131, 1, 79, 1, '2018-06-23 18:21:45'),
(132, 1, 80, 1, '2018-06-23 18:22:01'),
(133, 1, 81, 1, '2018-06-23 18:22:14'),
(134, 1, 82, 1, '2018-06-23 18:22:27'),
(135, 1, 83, 1, '2018-06-23 18:22:37'),
(136, 12, 64, 1, '2018-06-23 18:25:27'),
(137, 12, 61, 1, '2018-06-23 18:25:27'),
(138, 12, 63, 1, '2018-06-23 18:25:27'),
(139, 12, 65, 1, '2018-06-23 18:25:27'),
(140, 12, 23, 1, '2018-06-23 18:25:27'),
(158, 14, 71, 1, '2018-06-26 08:32:39'),
(159, 14, 75, 1, '2018-06-26 08:32:39'),
(160, 14, 74, 1, '2018-06-26 08:32:39'),
(161, 14, 73, 1, '2018-06-26 08:32:39'),
(162, 14, 23, 1, '2018-06-26 08:32:39'),
(164, 10, 39, 1, '2018-06-28 10:18:27'),
(165, 10, 41, 1, '2018-06-28 10:18:27'),
(167, 10, 40, 1, '2018-06-28 10:18:27'),
(168, 10, 35, 1, '2018-06-28 10:18:27'),
(169, 10, 23, 1, '2018-06-28 10:18:27'),
(170, 1, 84, 1, '2018-06-29 09:57:07'),
(171, 1, 85, 1, '2018-07-03 11:19:15'),
(172, 1, 86, 1, '2018-07-03 11:20:15'),
(173, 1, 87, 1, '2018-07-03 11:20:55'),
(174, 1, 88, 1, '2018-07-03 11:23:42'),
(175, 1, 89, 1, '2018-07-03 15:22:39'),
(176, 1, 90, 1, '2018-07-03 15:23:01'),
(177, 1, 91, 1, '2018-07-03 15:23:18'),
(178, 1, 92, 1, '2018-07-03 15:24:07'),
(179, 13, 68, 1, '2018-07-14 10:39:29'),
(180, 13, 66, 1, '2018-07-14 10:39:29'),
(181, 13, 70, 1, '2018-07-14 10:39:29'),
(182, 13, 69, 1, '2018-07-14 10:39:29'),
(183, 13, 23, 1, '2018-07-14 10:39:29'),
(185, 9, 31, 1, '2018-07-17 16:00:32'),
(186, 9, 33, 1, '2018-07-17 16:00:32'),
(187, 9, 32, 1, '2018-07-17 16:00:32'),
(188, 9, 28, 1, '2018-07-17 16:00:32'),
(189, 9, 53, 1, '2018-07-17 16:00:32'),
(190, 9, 42, 1, '2018-07-17 16:00:32'),
(191, 9, 41, 1, '2018-07-17 16:00:32'),
(192, 9, 36, 1, '2018-07-17 16:00:32'),
(194, 9, 40, 1, '2018-07-17 16:00:32'),
(195, 9, 35, 1, '2018-07-17 16:00:32'),
(197, 9, 39, 1, '2018-07-17 16:00:32'),
(198, 9, 57, 1, '2018-07-17 16:00:32'),
(199, 9, 59, 1, '2018-07-17 16:00:32'),
(200, 9, 56, 1, '2018-07-17 16:00:32'),
(201, 9, 58, 1, '2018-07-17 16:00:32'),
(202, 9, 60, 1, '2018-07-17 16:00:32'),
(203, 9, 62, 1, '2018-07-17 16:00:32'),
(204, 9, 64, 1, '2018-07-17 16:00:32'),
(205, 9, 61, 1, '2018-07-17 16:00:32'),
(206, 9, 63, 1, '2018-07-17 16:00:32'),
(207, 9, 65, 1, '2018-07-17 16:00:32'),
(208, 9, 66, 1, '2018-07-17 16:00:32'),
(209, 9, 68, 1, '2018-07-17 16:00:32'),
(210, 9, 70, 1, '2018-07-17 16:00:32'),
(211, 9, 67, 1, '2018-07-17 16:00:32'),
(212, 9, 69, 1, '2018-07-17 16:00:32'),
(213, 9, 71, 1, '2018-07-17 16:00:32'),
(214, 9, 73, 1, '2018-07-17 16:00:32'),
(215, 9, 75, 1, '2018-07-17 16:00:32'),
(216, 9, 72, 1, '2018-07-17 16:00:32'),
(217, 9, 74, 1, '2018-07-17 16:00:32'),
(224, 9, 44, 1, '2018-07-17 16:00:32'),
(225, 9, 54, 1, '2018-07-17 16:00:32'),
(226, 9, 45, 1, '2018-07-17 16:00:32'),
(227, 9, 55, 1, '2018-07-17 16:00:32'),
(228, 9, 52, 1, '2018-07-17 16:00:32'),
(229, 9, 23, 1, '2018-07-17 16:00:32'),
(230, 9, 7, 1, '2018-07-17 16:00:32'),
(231, 1, 93, 1, '2018-07-17 20:19:31'),
(232, 1, 94, 1, '2018-07-17 20:23:31'),
(233, 1, 95, 1, '2018-07-17 20:24:39'),
(234, 1, 96, 1, '2018-07-18 10:29:46'),
(235, 1, 97, 1, '2018-07-18 16:45:31'),
(236, 1, 98, 1, '2018-07-18 17:10:25'),
(237, 1, 99, 1, '2018-07-18 18:29:41'),
(238, 1, 100, 1, '2018-07-18 20:21:13'),
(239, 1, 101, 1, '2018-07-18 20:56:33'),
(240, 1, 102, 1, '2018-07-19 14:47:01'),
(241, 1, 103, 1, '2018-07-19 16:02:41'),
(242, 1, 104, 1, '2018-07-19 17:28:01'),
(243, 1, 105, 1, '2018-07-19 17:29:03'),
(244, 1, 106, 1, '2018-07-19 17:29:52'),
(245, 1, 107, 1, '2018-07-29 17:12:02'),
(246, 1, 108, 1, '2018-07-29 18:01:56'),
(247, 1, 109, 1, '2018-07-30 14:43:17'),
(248, 1, 110, 1, '2018-07-30 15:15:21'),
(249, 1, 111, 1, '2018-07-30 17:42:36'),
(250, 1, 112, 1, '2018-07-30 18:27:41'),
(251, 1, 113, 1, '2018-07-30 20:31:04'),
(252, 1, 114, 1, '2018-07-31 16:15:34'),
(253, 1, 115, 1, '2018-07-31 20:27:04'),
(254, 1, 116, 1, '2018-08-01 10:11:01'),
(255, 1, 117, 1, '2018-08-01 10:11:37'),
(256, 1, 118, 1, '2018-08-01 10:12:30'),
(257, 1, 119, 1, '2018-08-01 14:37:47'),
(258, 1, 120, 1, '2018-08-01 14:38:31'),
(259, 1, 121, 1, '2018-08-01 14:38:56'),
(260, 1, 122, 1, '2018-08-01 14:39:19'),
(261, 1, 123, 1, '2018-08-01 15:48:51'),
(262, 1, 124, 1, '2018-08-01 15:49:35'),
(263, 1, 125, 1, '2018-08-01 15:50:01'),
(264, 1, 126, 1, '2018-08-01 17:44:18'),
(265, 1, 127, 1, '2018-08-01 17:44:48'),
(266, 1, 128, 1, '2018-08-02 10:57:40'),
(267, 1, 129, 1, '2018-08-02 20:35:42'),
(268, 1, 130, 1, '2018-08-03 09:39:17'),
(269, 1, 131, 1, '2018-08-03 09:40:21'),
(270, 1, 132, 1, '2018-08-03 10:10:34'),
(271, 1, 133, 1, '2018-08-03 10:51:54'),
(272, 1, 134, 1, '2018-08-03 14:27:26'),
(273, 1, 135, 1, '2018-08-03 16:18:38'),
(274, 1, 136, 1, '2018-08-03 20:36:00'),
(275, 1, 137, 1, '2018-08-03 21:02:54'),
(276, 1, 138, 1, '2018-08-03 21:32:23'),
(277, 1, 139, 1, '2018-08-03 21:39:05'),
(278, 1, 140, 1, '2018-08-04 09:43:58'),
(279, 1, 141, 1, '2018-08-04 09:45:15'),
(280, 1, 142, 1, '2018-08-04 17:40:17'),
(281, 1, 143, 1, '2018-08-07 08:21:05'),
(282, 1, 144, 1, '2018-08-07 09:20:59'),
(283, 1, 145, 1, '2018-08-07 15:05:41'),
(284, 1, 146, 1, '2018-08-07 15:06:44'),
(285, 1, 147, 1, '2018-08-07 15:08:09'),
(286, 1, 148, 1, '2018-08-07 15:10:15'),
(287, 1, 149, 1, '2018-08-07 15:11:36'),
(288, 1, 150, 1, '2018-08-13 17:31:45'),
(289, 1, 151, 1, '2018-08-13 17:32:56'),
(290, 1, 152, 1, '2018-08-14 17:26:56'),
(292, 1, 154, 1, '2018-08-15 09:08:53'),
(293, 1, 155, 1, '2018-08-15 09:12:29'),
(294, 1, 156, 1, '2018-08-16 08:44:23'),
(295, 1, 157, 1, '2018-08-18 11:26:13'),
(296, 1, 158, 1, '2018-08-18 17:34:39'),
(297, 1, 159, 1, '2018-08-18 17:41:34'),
(298, 1, 160, 1, '2018-08-20 09:42:40'),
(299, 1, 161, 1, '2018-08-20 09:50:49'),
(300, 1, 162, 1, '2018-08-20 10:48:04'),
(301, 1, 163, 1, '2018-08-20 11:07:45'),
(302, 1, 164, 1, '2018-08-20 17:37:48'),
(303, 1, 165, 1, '2018-08-20 19:44:07'),
(304, 1, 166, 1, '2018-08-20 21:29:25'),
(305, 1, 167, 1, '2018-08-20 21:40:53'),
(306, 1, 168, 1, '2018-08-21 15:30:36'),
(307, 1, 169, 1, '2018-08-21 16:50:43'),
(308, 1, 170, 1, '2018-08-21 16:52:17'),
(309, 1, 171, 1, '2018-08-21 16:53:52'),
(310, 1, 172, 1, '2018-08-22 17:14:03'),
(311, 1, 173, 1, '2018-08-22 17:14:47'),
(312, 1, 174, 1, '2018-08-22 20:07:14'),
(313, 1, 175, 1, '2018-08-22 20:08:00'),
(314, 1, 176, 1, '2018-08-23 19:23:23'),
(315, 1, 177, 1, '2018-08-25 09:16:23'),
(316, 1, 178, 1, '2018-08-25 09:18:13'),
(317, 1, 179, 1, '2018-08-26 11:49:03'),
(318, 1, 180, 1, '2018-08-26 16:52:12');

-- --------------------------------------------------------

--
-- 表的结构 `j_role_visit`
--

CREATE TABLE `j_role_visit` (
  `rv_id` int(10) UNSIGNED NOT NULL COMMENT 'v',
  `rv_role_id` smallint(4) UNSIGNED NOT NULL COMMENT '角色',
  `rv_visit_id` smallint(4) UNSIGNED NOT NULL COMMENT '访问',
  `rv_creator` smallint(4) UNSIGNED NOT NULL COMMENT '创建人',
  `rv_create_datetime` datetime NOT NULL COMMENT '创建日期'
) ENGINE=InnoDB DEFAULT CHARSET=utf8 COMMENT='角色访问';

--
-- 转存表中的数据 `j_role_visit`
--

INSERT INTO `j_role_visit` (`rv_id`, `rv_role_id`, `rv_visit_id`, `rv_creator`, `rv_create_datetime`) VALUES
(3, 1, 3, 1, '2018-02-19 04:24:17'),
(5, 2, 3, 1, '2018-02-19 22:45:35'),
(6, 1, 4, 1, '2018-02-22 04:48:42');

-- --------------------------------------------------------

--
-- 表的结构 `j_saler_board_price`
--

CREATE TABLE `j_saler_board_price` (
  `sbp_id` int(10) UNSIGNED NOT NULL COMMENT 'v',
  `sbp_board` varchar(64) NOT NULL COMMENT '板材',
  `sbp_unit_price` float(10,2) UNSIGNED NOT NULL COMMENT '定价',
  `sbp_creator` int(10) UNSIGNED NOT NULL COMMENT '创建人',
  `sbp_create_datetime` datetime NOT NULL COMMENT '创建时间'
) ENGINE=InnoDB DEFAULT CHARSET=utf8 COMMENT='销售板材定价';

--
-- 转存表中的数据 `j_saler_board_price`
--

INSERT INTO `j_saler_board_price` (`sbp_id`, `sbp_board`, `sbp_unit_price`, `sbp_creator`, `sbp_create_datetime`) VALUES
(1, '1001珠光咖啡', 140.00, 1, '2018-07-07 00:00:00'),
(7, '12中纤板素板L', 80.00, 1, '2018-07-30 18:19:00'),
(8, '18E0级生态板傲雪凌霜T', 120.00, 1, '2018-07-30 18:20:54'),
(9, '18多层板8156L', 120.00, 1, '2018-07-30 18:20:54'),
(10, '18多层板一帘幽梦R', 120.00, 1, '2018-07-30 18:20:54'),
(11, '18多层板傲雪凌霜R', 120.00, 1, '2018-07-30 18:20:54'),
(12, '18多层板傲雪凌霜T', 120.00, 1, '2018-07-30 18:20:54'),
(13, '18多层板古典红木L', 120.00, 1, '2018-07-30 18:20:54'),
(14, '18多层板古典红木R', 120.00, 1, '2018-07-30 18:20:54'),
(15, '18多层板开罗榆木T', 120.00, 1, '2018-07-30 18:20:54'),
(16, '18多层板春雨银丝R', 120.00, 1, '2018-07-30 18:20:54'),
(17, '18多层板暖白T', 120.00, 1, '2018-07-30 18:20:54'),
(18, '18多层板水洗白橡L', 120.00, 1, '2018-07-30 18:20:54'),
(19, '18多层板江南之韵T', 120.00, 1, '2018-07-30 18:20:54'),
(20, '18多层板油墨枫木T', 120.00, 1, '2018-07-30 18:20:54'),
(21, '18多层板泰柚T', 120.00, 1, '2018-07-30 18:20:54'),
(22, '18多层板浅胡桃木R', 120.00, 1, '2018-07-30 18:20:54'),
(23, '18多层板白布纹R', 120.00, 1, '2018-07-30 18:20:54'),
(24, '18多层板白松T', 120.00, 1, '2018-07-30 18:20:54'),
(25, '18多层板红胡桃T', 120.00, 1, '2018-07-30 18:20:54'),
(26, '18多层板美国红橡R', 120.00, 1, '2018-07-30 18:20:54'),
(27, '18多层板芬兰橡木R', 120.00, 1, '2018-07-30 18:20:54'),
(28, '18多层板苏香桐R', 120.00, 1, '2018-07-30 18:20:54'),
(29, '18多层板苹果木T', 120.00, 1, '2018-07-30 18:20:54'),
(30, '18多层板银丝胡桃T', 120.00, 1, '2018-07-30 18:20:54'),
(31, '18多层板青海云杉L', 120.00, 1, '2018-07-30 18:20:54'),
(32, '18多层板黄胡桃T', 120.00, 1, '2018-07-30 18:20:54'),
(33, '18欧松板暖白L', 120.00, 1, '2018-07-30 18:20:54'),
(34, '18生态板傲雪凌霜T', 120.00, 1, '2018-07-30 18:20:54'),
(35, '18生态板兔宝宝定制S', 120.00, 1, '2018-07-30 18:20:54'),
(36, '18生态板实木樱桃A', 120.00, 1, '2018-07-30 18:20:54'),
(37, '18生态板巴黎橡木T', 120.00, 1, '2018-07-30 18:20:54'),
(38, '18生态板新孔雀松R', 120.00, 1, '2018-07-30 18:20:54'),
(39, '18生态板暖白A', 120.00, 1, '2018-07-30 18:20:54'),
(40, '18生态板暖白L', 120.00, 1, '2018-07-30 18:20:54'),
(41, '18生态板暖白T', 120.00, 1, '2018-07-30 18:20:54'),
(42, '18生态板江南之韵T', 120.00, 1, '2018-07-30 18:20:54'),
(43, '18生态板油墨枫木T', 120.00, 1, '2018-07-30 18:20:54'),
(44, '18生态板白松T', 120.00, 1, '2018-07-30 18:20:54'),
(45, '18生态板米兰灰橡A', 120.00, 1, '2018-07-30 18:20:54'),
(46, '18生态板红胡桃T', 120.00, 1, '2018-07-30 18:20:54'),
(47, '18生态板苏香桐A', 120.00, 1, '2018-07-30 18:20:54'),
(48, '18生态板金橡T', 120.00, 1, '2018-07-30 18:20:54'),
(49, '18生态板雨丝银橡T', 120.00, 1, '2018-07-30 18:20:54'),
(50, '18生态板香檀木R', 120.00, 1, '2018-07-30 18:20:54'),
(51, '18颗粒板1165麻面L', 120.00, 1, '2018-07-30 18:20:54'),
(52, '18颗粒板1306雾麻L', 120.00, 1, '2018-07-30 18:20:54'),
(53, '18颗粒板1316L', 120.00, 1, '2018-07-30 18:20:54'),
(54, '18颗粒板1413L', 120.00, 1, '2018-07-30 18:20:54'),
(55, '18颗粒板211L', 120.00, 1, '2018-07-30 18:20:54'),
(56, '18颗粒板365安全柜体R', 120.00, 1, '2018-07-30 18:20:54'),
(57, '18颗粒板TB01L', 120.00, 1, '2018-07-30 18:20:54'),
(58, '18颗粒板TB03真木纹L', 120.00, 1, '2018-07-30 18:20:54'),
(59, '18颗粒板傲雪凌霜L', 120.00, 1, '2018-07-30 18:20:54'),
(60, '18颗粒板傲雪凌霜R', 120.00, 1, '2018-07-30 18:20:54'),
(61, '18颗粒板冰岛橡木R', 120.00, 1, '2018-07-30 18:20:54'),
(62, '18颗粒板南美胡桃R', 120.00, 1, '2018-07-30 18:20:54'),
(63, '18颗粒板印尼布纹白R', 120.00, 1, '2018-07-30 18:20:54'),
(64, '18颗粒板古典樱桃R', 120.00, 1, '2018-07-30 18:20:54'),
(65, '18颗粒板古典红木R', 120.00, 1, '2018-07-30 18:20:54'),
(66, '18颗粒板吉露暖白J', 120.00, 1, '2018-07-30 18:20:54'),
(67, '18颗粒板吉露麻灰J', 120.00, 1, '2018-07-30 18:20:54'),
(68, '18颗粒板咖啡影橡R', 120.00, 1, '2018-07-30 18:20:54'),
(69, '18颗粒板夏特布纹R', 120.00, 1, '2018-07-30 18:20:54'),
(70, '18颗粒板巴拉圭橡木R', 120.00, 1, '2018-07-30 18:20:54'),
(71, '18颗粒板布居一格L', 120.00, 1, '2018-07-30 18:20:54'),
(72, '18颗粒板幻彩陶胚R', 120.00, 1, '2018-07-30 18:20:54'),
(73, '18颗粒板新孔雀松R', 120.00, 1, '2018-07-30 18:20:54'),
(74, '18颗粒板暖白J', 120.00, 1, '2018-07-30 18:20:54'),
(75, '18颗粒板暖白L', 120.00, 1, '2018-07-30 18:20:54'),
(76, '18颗粒板暖白水曲柳R', 120.00, 1, '2018-07-30 18:20:54'),
(77, '18颗粒板枫木L', 120.00, 1, '2018-07-30 18:20:54'),
(78, '18颗粒板欧洲松木J', 120.00, 1, '2018-07-30 18:20:54'),
(79, '18颗粒板水洗白橡L', 120.00, 1, '2018-07-30 18:20:54'),
(80, '18颗粒板浅胡桃木R', 120.00, 1, '2018-07-30 18:20:54'),
(81, '18颗粒板田园橡木R', 120.00, 1, '2018-07-30 18:20:54'),
(82, '18颗粒板白布纹R', 120.00, 1, '2018-07-30 18:20:54'),
(83, '18颗粒板白桦木L', 120.00, 1, '2018-07-30 18:20:54'),
(84, '18颗粒板白水曲R', 120.00, 1, '2018-07-30 18:20:54'),
(85, '18颗粒板白牡丹R', 120.00, 1, '2018-07-30 18:20:54'),
(86, '18颗粒板白胡桃L', 120.00, 1, '2018-07-30 18:20:54'),
(87, '18颗粒板索菲亚红L', 120.00, 1, '2018-07-30 18:20:54'),
(88, '18颗粒板索菲樱桃R', 120.00, 1, '2018-07-30 18:20:54'),
(89, '18颗粒板红樱桃L', 120.00, 1, '2018-07-30 18:20:54'),
(90, '18颗粒板美国红橡R', 120.00, 1, '2018-07-30 18:20:54'),
(91, '18颗粒板芬兰橡木R', 120.00, 1, '2018-07-30 18:20:54'),
(92, '18颗粒板苏香桐L', 120.00, 1, '2018-07-30 18:20:54'),
(93, '18颗粒板苹果木L', 120.00, 1, '2018-07-30 18:20:54'),
(94, '18颗粒板蒙特灰橡L', 120.00, 1, '2018-07-30 18:20:54'),
(95, '18颗粒板铁木R', 120.00, 1, '2018-07-30 18:20:54'),
(96, '18颗粒板雄色百汇R', 120.00, 1, '2018-07-30 18:20:54'),
(97, '18颗粒板雪松L', 120.00, 1, '2018-07-30 18:20:54'),
(98, '18颗粒板雪橡R', 120.00, 1, '2018-07-30 18:20:54'),
(99, '18颗粒板青海云杉L', 120.00, 1, '2018-07-30 18:20:54'),
(100, '18颗粒板香檀木R', 120.00, 1, '2018-07-30 18:20:54'),
(101, '18颗粒板黄水曲柳R', 120.00, 1, '2018-07-30 18:20:54'),
(102, '18颗粒板黑色真木纹R', 120.00, 1, '2018-07-30 18:20:54'),
(103, '18马六甲板黑胡桃木肌肤板T', 120.00, 1, '2018-07-30 18:20:54'),
(104, '2118 红松', 120.00, 1, '2018-07-30 18:20:54');

-- --------------------------------------------------------

--
-- 表的结构 `j_saler_goods_price`
--

CREATE TABLE `j_saler_goods_price` (
  `sgp_id` int(10) UNSIGNED NOT NULL COMMENT 'v',
  `sgp_goods_speci_id` int(10) UNSIGNED NOT NULL COMMENT '商品规格',
  `sgp_unit_price` float(10,2) UNSIGNED NOT NULL DEFAULT '0.00' COMMENT '定价',
  `sgp_creator` int(10) UNSIGNED NOT NULL COMMENT '创建人',
  `sgp_create_datetime` datetime NOT NULL COMMENT '创建日期'
) ENGINE=InnoDB DEFAULT CHARSET=utf8 COMMENT='销售商品定价';

--
-- 转存表中的数据 `j_saler_goods_price`
--

INSERT INTO `j_saler_goods_price` (`sgp_id`, `sgp_goods_speci_id`, `sgp_unit_price`, `sgp_creator`, `sgp_create_datetime`) VALUES
(1, 1, 25.00, 1, '2018-08-01 15:20:32');

-- --------------------------------------------------------

--
-- 表的结构 `j_scan_status`
--

CREATE TABLE `j_scan_status` (
  `ss_name` tinyint(2) NOT NULL COMMENT 'v',
  `ss_label` varchar(16) NOT NULL COMMENT 'Label'
) ENGINE=InnoDB DEFAULT CHARSET=utf8 COMMENT='扫描状态';

--
-- 转存表中的数据 `j_scan_status`
--

INSERT INTO `j_scan_status` (`ss_name`, `ss_label`) VALUES
(0, '未扫描'),
(1, '正在扫'),
(2, '已扫描');

-- --------------------------------------------------------

--
-- 表的结构 `j_server`
--

CREATE TABLE `j_server` (
  `s_id` smallint(4) UNSIGNED NOT NULL COMMENT 'v',
  `s_type_id` smallint(4) UNSIGNED NOT NULL COMMENT '类型',
  `s_name` varchar(64) NOT NULL COMMENT '名称',
  `s_unit` char(8) DEFAULT NULL COMMENT '单位',
  `s_unit_price` float UNSIGNED NOT NULL DEFAULT '0' COMMENT '单价',
  `s_supplier_id` smallint(4) UNSIGNED NOT NULL COMMENT '供应商',
  `s_remark` varchar(128) DEFAULT NULL COMMENT '备注',
  `s_creator` int(10) UNSIGNED NOT NULL DEFAULT '0' COMMENT '创建人',
  `s_create_datetime` int(10) UNSIGNED DEFAULT '0' COMMENT '创建日期'
) ENGINE=InnoDB DEFAULT CHARSET=utf8 COMMENT='服务';

--
-- 转存表中的数据 `j_server`
--

INSERT INTO `j_server` (`s_id`, `s_type_id`, `s_name`, `s_unit`, `s_unit_price`, `s_supplier_id`, `s_remark`, `s_creator`, `s_create_datetime`) VALUES
(1, 13, '异形加工费', '块', 5, 0, NULL, 1, 2016),
(2, 13, '开暗扣拉手孔', '个', 5, 0, NULL, 1, 2016),
(3, 13, '开榻榻米拉手孔', '个', 10, 0, NULL, 1, 2016),
(4, 13, '吊、地柜免拉手', '米', 25, 0, NULL, 14, 2016),
(5, 13, '地柜铝合金前撑', '米', 25, 0, NULL, 14, 2016),
(6, 13, '隔板防滑铝条', '米', 7, 0, NULL, 14, 2016),
(7, 13, '铝箔', '块', 18, 0, NULL, 14, 2016),
(8, 13, '铝箔&gt;=1米', '块', 18, 0, NULL, 14, 2016),
(9, 13, '格子架', '个', 30, 0, NULL, 14, 2016),
(10, 13, '异型桌面', '个', 30, 0, NULL, 14, 2016),
(11, 13, '酒架格子&lt;20', '个', 30, 0, NULL, 14, 2016),
(12, 13, '酒架格子&gt;20', '个', 50, 0, NULL, 14, 2016),
(13, 13, '365切角', '块', 10, 0, NULL, 14, 2016),
(15, 13, '圆弧脚线', '个', 30, 0, NULL, 14, 2016),
(16, 14, 'G型拉手收费', '米', 0, 0, NULL, 3, 2016),
(17, 13, '色板打孔', '套', 0, 0, NULL, 1, 2016);

-- --------------------------------------------------------

--
-- 表的结构 `j_shop`
--

CREATE TABLE `j_shop` (
  `s_id` int(10) UNSIGNED NOT NULL COMMENT 'v',
  `s_num` smallint(4) UNSIGNED NOT NULL DEFAULT '1' COMMENT '店面编号',
  `s_name` varchar(128) NOT NULL COMMENT '店面名称',
  `s_dealer_id` int(10) UNSIGNED NOT NULL COMMENT '经销商',
  `s_area_id` int(10) NOT NULL DEFAULT '0' COMMENT '地区',
  `s_address` varchar(64) DEFAULT NULL COMMENT '地址',
  `s_produce` float(10,2) UNSIGNED NOT NULL DEFAULT '0.00' COMMENT '已经确认生产',
  `s_delivered` float(10,2) UNSIGNED NOT NULL DEFAULT '0.00' COMMENT '已发金额',
  `s_received` float(10,2) UNSIGNED NOT NULL DEFAULT '0.00' COMMENT '已收金额',
  `s_balance` float(10,2) NOT NULL DEFAULT '0.00' COMMENT '余额',
  `s_remark` varchar(128) DEFAULT NULL COMMENT '备注',
  `s_creator` int(10) UNSIGNED NOT NULL COMMENT '创建人',
  `s_create_datetime` datetime NOT NULL COMMENT '创建日期'
) ENGINE=InnoDB DEFAULT CHARSET=utf8 COMMENT='店面';

--
-- 转存表中的数据 `j_shop`
--

INSERT INTO `j_shop` (`s_id`, `s_num`, `s_name`, `s_dealer_id`, `s_area_id`, `s_address`, `s_produce`, `s_delivered`, `s_received`, `s_balance`, `s_remark`, `s_creator`, `s_create_datetime`) VALUES
(1, 1, '德润家居', 1, 2, '德润大厦2201', 0.00, 0.00, 0.00, 0.00, '', 1, '2018-07-18 09:32:18'),
(2, 1, '武汉华帝王燕', 2, 2, '', 0.00, 0.00, 0.00, 0.00, 'atea', 1, '2018-07-18 11:07:04'),
(3, 2, '汉阳店', 2, 1469, '汉阳大道', 0.00, 0.00, 0.00, 0.00, '', 1, '2018-07-18 16:36:25'),
(4, 3, '武昌店', 2, 1470, '八一路', 0.00, 0.00, 0.00, 0.00, '', 1, '2018-07-18 16:48:20'),
(5, 1, '欧宝宅配', 3, 2867, '', 0.00, 0.00, 0.00, 0.00, '', 1, '2018-07-19 21:26:09');

-- --------------------------------------------------------

--
-- 表的结构 `j_signin`
--

CREATE TABLE `j_signin` (
  `s_id` int(10) UNSIGNED NOT NULL COMMENT 'v',
  `s_user_id` int(10) UNSIGNED NOT NULL COMMENT '用户',
  `s_ip` varchar(128) NOT NULL COMMENT 'ip',
  `s_host` varchar(128) DEFAULT NULL COMMENT '主机',
  `s_create_datetime` datetime NOT NULL COMMENT '创建日期'
) ENGINE=InnoDB DEFAULT CHARSET=utf8 COMMENT='登陆';

--
-- 转存表中的数据 `j_signin`
--

INSERT INTO `j_signin` (`s_id`, `s_user_id`, `s_ip`, `s_host`, `s_create_datetime`) VALUES
(1, 1, '10.196.16.226', NULL, '2016-06-05 01:51:22'),
(2, 1, '10.196.16.226', '', '2016-06-05 01:53:58'),
(3, 1, '10.196.16.226', '', '2016-06-05 01:54:37'),
(4, 1, '10.196.16.226', '', '2016-06-05 01:57:01'),
(5, 1, '10.196.16.226', '', '2016-06-05 02:01:01'),
(6, 1, '10.196.16.226', '', '2016-06-05 02:27:12'),
(7, 1, '192.168.0.116', '', '2016-06-05 04:42:30'),
(8, 1, '192.168.0.180', '', '2016-06-05 04:42:44'),
(9, 1, '192.168.0.116', '', '2016-06-05 05:34:11'),
(10, 1, '192.168.0.180', '', '2016-06-05 09:15:37'),
(11, 1, '192.168.0.116', '', '2016-06-05 09:15:49'),
(12, 1, '192.168.0.116', '', '2016-06-05 09:32:20'),
(13, 1, '192.168.0.116', '', '2016-06-05 09:32:26'),
(14, 1, '192.168.0.116', '', '2016-06-05 09:33:21'),
(15, 1, '192.168.0.116', '', '2016-06-05 09:41:39'),
(16, 1, '192.168.0.116', '', '2016-06-05 09:41:43'),
(17, 1, '192.168.0.116', '', '2016-06-05 09:42:08'),
(18, 1, '192.168.0.116', '', '2016-06-05 09:42:56'),
(19, 1, '192.168.0.116', '', '2016-06-05 09:44:36'),
(20, 1, '192.168.0.116', '', '2016-06-05 09:45:12'),
(21, 1, '192.168.0.116', '', '2016-06-05 09:46:32'),
(22, 1, '192.168.0.116', '', '2016-06-05 09:47:43'),
(23, 1, '192.168.0.116', '', '2016-06-05 09:48:15'),
(24, 1, '192.168.0.116', '', '2016-06-05 09:48:41'),
(25, 1, '192.168.0.116', '', '2016-06-05 09:50:07'),
(26, 1, '192.168.0.180', '', '2016-06-05 09:53:40'),
(27, 1, '192.168.0.116', '', '2016-06-05 09:54:00'),
(28, 1, '192.168.0.180', '', '2016-06-05 11:14:34'),
(29, 1, '192.168.0.116', '', '2016-06-05 21:50:32'),
(30, 1, '192.168.0.180', '', '2016-06-06 21:39:09'),
(31, 1, '192.168.0.180', '', '2016-06-22 19:33:37'),
(32, 1, '192.168.0.116', '', '2016-07-02 21:15:22'),
(33, 1, '192.168.0.180', '', '2016-07-03 04:33:03'),
(34, 1, '192.168.0.116', '', '2016-07-03 04:40:35'),
(35, 1, '192.168.0.101', '', '2016-07-03 21:52:00'),
(36, 1, '192.168.0.180', '', '2016-07-08 06:09:47'),
(37, 1, '192.168.0.180', '', '2016-07-20 03:40:23'),
(38, 1, '192.168.0.180', '', '2016-07-22 21:08:28'),
(39, 1, '::1', '', '2016-08-20 21:33:55'),
(40, 1, '::1', '', '2016-08-21 03:53:18'),
(41, 1, '127.0.0.1', '', '2016-08-24 10:29:37'),
(42, 1, '::1', '', '2016-11-14 23:17:24'),
(43, 1, '10.0.0.5', '', '2016-11-15 03:56:53'),
(44, 1, '10.0.0.10', '', '2016-11-15 03:59:50'),
(45, 1, '::1', '', '2016-11-15 04:02:01'),
(46, 1, '::1', '', '2016-11-27 12:55:10'),
(47, 1, '::1', '', '2016-12-08 09:00:02'),
(48, 1, '::1', '', '2016-12-22 11:40:50'),
(49, 1, '::1', '', '2017-02-23 23:41:30'),
(50, 1, '::1', '', '2017-03-01 23:43:53'),
(51, 1, '::1', '', '2017-03-03 11:35:36'),
(52, 1, '::1', '', '2017-03-10 00:07:48'),
(53, 1, '::1', '', '2017-03-28 04:35:00'),
(54, 1, '::1', '', '2017-04-05 00:17:15'),
(55, 1, '::1', '', '2017-04-12 21:08:56'),
(56, 1, '::1', '', '2017-04-18 08:29:35'),
(57, 1, '::1', '', '2017-04-28 20:55:20'),
(58, 1, '::1', '', '2017-05-22 23:11:03'),
(59, 1, '::1', '', '2017-06-03 11:02:30'),
(60, 1, '::1', '', '2017-06-27 22:07:30'),
(61, 1, '::1', '', '2017-07-25 19:52:03'),
(62, 1, '::1', '', '2017-07-26 09:44:28'),
(63, 1, '::1', '', '2017-07-27 23:33:25'),
(64, 1, '::1', '', '2017-08-01 21:00:50'),
(65, 1, '::1', '', '2017-08-05 10:45:33'),
(66, 1, '::1', '', '2017-08-16 06:45:31'),
(67, 1, '10.0.0.5', '', '2017-08-16 07:22:25'),
(68, 1, '10.0.0.10', '', '2017-08-16 07:46:13'),
(69, 1, '10.0.0.10', '', '2017-08-16 07:53:32'),
(70, 1, '10.0.0.10', '', '2017-08-16 21:21:07'),
(71, 1, '10.0.0.5', '', '2017-08-16 21:29:50'),
(72, 1, '10.0.0.10', '', '2017-08-16 21:31:02'),
(73, 1, '10.0.0.5', '', '2017-08-21 10:16:48'),
(74, 13, '10.0.0.5', '', '2017-08-21 19:31:05'),
(75, 1, '10.0.0.5', '', '2017-08-21 19:53:52'),
(76, 1, '::1', '', '2017-08-22 21:53:49'),
(77, 1, '::1', '', '2017-09-03 10:33:34'),
(78, 1, '::1', '', '2017-09-03 10:33:40'),
(79, 1, '::1', '', '2017-10-14 20:24:18'),
(80, 1, '::1', '', '2017-10-15 21:26:09'),
(81, 1, '::1', '', '2017-11-04 10:31:10'),
(82, 1, '::1', '', '2017-11-04 10:35:03'),
(83, 1, '::1', '', '2018-01-06 20:47:22'),
(84, 1, '::1', '', '2018-01-25 08:24:41'),
(85, 1, '::1', '', '2018-02-27 02:45:42'),
(86, 1, '::1', '', '2018-03-06 00:03:19'),
(87, 1, '::1', '', '2018-03-14 12:05:16'),
(88, 1, '::1', '', '2018-03-14 12:06:55'),
(89, 1, '::1', '', '2018-03-14 12:08:00'),
(90, 1, '::1', '', '2018-03-14 12:08:11'),
(91, 1, '::1', '', '2018-05-03 22:36:33'),
(92, 1, '127.0.0.1', '', '2018-05-04 03:02:39'),
(93, 1, '::1', '', '2018-05-09 06:09:08'),
(94, 1, '::1', '', '2018-05-09 20:21:38'),
(95, 1, '::1', '', '2018-05-09 21:09:42'),
(96, 1, '::1', '', '2018-05-12 02:21:55'),
(97, 1, '::1', '', '2018-05-12 03:48:54'),
(98, 1, '::1', '', '2018-05-13 22:45:29'),
(99, 1, '::1', '', '2018-05-14 16:53:01'),
(100, 1, '::1', '', '2018-06-01 02:25:58'),
(101, 1, '::1', '', '2018-06-02 08:49:40'),
(102, 1, '::1', '', '2018-06-03 17:21:51'),
(103, 1, '::1', '', '2018-06-03 20:01:18'),
(104, 1, '::1', '', '2018-06-04 09:33:33'),
(105, 1, '::1', '', '2018-06-04 09:37:56'),
(106, 26, '::1', '', '2018-06-04 09:39:11'),
(107, 1, '::1', '', '2018-06-04 09:39:32'),
(108, 26, '::1', '', '2018-06-04 09:40:35'),
(109, 1, '::1', '', '2018-06-04 09:40:53'),
(110, 1, '::1', '', '2018-06-04 22:31:50'),
(111, 1, '::1', '', '2018-06-04 22:32:34'),
(112, 1, '::1', '', '2018-06-04 22:33:21'),
(113, 26, '::1', '', '2018-06-04 23:44:20'),
(114, 26, '::1', '', '2018-06-04 23:44:40'),
(115, 26, '::1', '', '2018-06-04 23:44:51'),
(116, 1, '::1', '', '2018-06-04 23:47:40'),
(117, 26, '::1', '', '2018-06-04 23:50:05'),
(118, 26, '::1', '', '2018-06-04 23:51:14'),
(119, 26, '::1', '', '2018-06-04 23:52:40'),
(120, 26, '::1', '', '2018-06-04 23:53:05'),
(121, 26, '::1', '', '2018-06-05 01:53:23'),
(122, 26, '::1', '', '2018-06-05 01:55:20'),
(123, 1, '::1', '', '2018-06-05 13:56:12'),
(124, 1, '::1', '', '2018-06-06 22:16:52'),
(125, 1, '::1', '', '2018-06-07 05:21:59'),
(126, 1, '::1', '', '2018-06-07 05:24:12'),
(127, 1, '::1', '', '2018-06-07 05:52:19'),
(128, 1, '::1', '', '2018-06-07 07:32:06'),
(129, 1, '::1', '', '2018-06-07 07:57:34'),
(130, 1, '::1', '', '2018-06-07 09:29:12'),
(131, 1, '::1', '', '2018-06-07 09:30:51'),
(132, 1, '::1', '', '2018-06-07 09:33:16'),
(133, 1, '::1', '', '2018-06-07 20:22:38'),
(134, 1, '::1', '', '2018-06-07 20:30:13'),
(135, 1, '::1', '', '2018-06-07 20:34:06'),
(136, 1, '::1', '', '2018-06-07 20:34:49'),
(137, 1, '::1', '', '2018-06-07 20:36:25'),
(138, 1, '::1', '', '2018-06-07 21:04:40'),
(139, 1, '::1', '', '2018-06-07 21:08:06'),
(140, 1, '::1', '', '2018-06-07 21:19:49'),
(141, 1, '::1', '', '2018-06-07 21:20:03'),
(142, 1, '::1', '', '2018-06-07 21:20:46'),
(143, 1, '::1', '', '2018-06-07 21:21:06'),
(144, 1, '::1', '', '2018-06-07 21:21:32'),
(145, 1, '::1', '', '2018-06-07 21:30:33'),
(146, 1, '::1', '', '2018-06-07 21:31:09'),
(147, 1, '::1', '', '2018-06-07 21:31:25'),
(148, 1, '::1', '', '2018-06-07 21:32:13'),
(149, 1, '::1', '', '2018-06-07 21:32:34'),
(150, 1, '::1', '', '2018-06-07 22:29:14'),
(151, 1, '::1', '', '2018-06-07 22:29:32'),
(152, 1, '::1', '', '2018-06-07 22:34:16'),
(153, 1, '::1', '', '2018-06-07 22:34:53'),
(154, 1, '::1', '', '2018-06-07 22:36:15'),
(155, 1, '::1', '', '2018-06-07 22:41:24'),
(156, 1, '::1', '', '2018-06-07 22:43:07'),
(157, 1, '::1', '', '2018-06-07 22:44:11'),
(158, 1, '::1', '', '2018-06-07 22:44:24'),
(159, 1, '::1', '', '2018-06-07 22:45:48'),
(160, 1, '::1', '', '2018-06-07 22:46:33'),
(161, 1, '::1', '', '2018-06-07 22:46:48'),
(162, 1, '::1', '', '2018-06-07 23:58:06'),
(163, 1, '::1', '', '2018-06-08 06:28:49'),
(164, 1, '::1', '', '2018-06-08 09:26:56'),
(165, 1, '::1', '', '2018-06-08 21:01:26'),
(166, 1, '::1', '', '2018-06-09 03:13:25'),
(167, 1, '::1', '', '2018-06-09 04:14:30'),
(168, 1, '::1', '', '2018-06-09 04:16:42'),
(169, 1, '::1', '', '2018-06-10 20:13:37'),
(170, 1, '::1', '', '2018-06-10 20:19:24'),
(171, 1, '::1', '', '2018-06-10 20:20:17'),
(172, 1, '::1', '', '2018-06-10 20:21:10'),
(173, 1, '::1', '', '2018-06-10 21:00:31'),
(174, 1, '::1', '', '2018-06-10 21:39:48'),
(175, 1, '::1', '', '2018-06-10 23:22:45'),
(176, 1, '::1', '', '2018-06-11 21:11:20'),
(177, 1, '127.0.0.1', '', '2018-06-11 21:20:38'),
(178, 1, '::1', '', '2018-06-11 21:34:27'),
(179, 1, '::1', '', '2018-06-11 23:37:46'),
(180, 1, '::1', '', '2018-06-11 23:41:12'),
(181, 1, '::1', '', '2018-06-12 07:38:38'),
(182, 1, '::1', '', '2018-06-19 20:42:52'),
(183, 1, '::1', '', '2018-06-19 20:53:28'),
(184, 1, '::1', '', '2018-06-20 20:44:52'),
(185, 1, '::1', '', '2018-06-20 20:50:55'),
(186, 1, '::1', '', '2018-06-20 21:04:29'),
(187, 1, '::1', '', '2018-06-20 23:22:26'),
(188, 1, '::1', '', '2018-06-21 03:03:30'),
(189, 1, '::1', '', '2018-06-21 04:22:11'),
(190, 1, '::1', '', '2018-06-21 05:49:55'),
(191, 1, '::1', '', '2018-06-21 05:51:32'),
(192, 1, '::1', '', '2018-06-21 09:03:17'),
(193, 1, '::1', '', '2018-06-21 09:28:36'),
(194, 1, '::1', '', '2018-06-21 09:50:07'),
(195, 31, '::1', '', '2018-06-22 11:20:58'),
(196, 1, '::1', '', '2018-06-22 11:21:11'),
(197, 30, '::1', '', '2018-06-22 11:22:36'),
(198, 1, '::1', '', '2018-06-22 11:22:46'),
(199, 1, '::1', '', '2018-06-22 19:17:10'),
(200, 1, '::1', '', '2018-06-23 09:57:16'),
(201, 1, '::1', '', '2018-06-23 09:58:49'),
(202, 1, '::1', '', '2018-06-23 10:58:01'),
(203, 1, '::1', '', '2018-06-23 11:10:54'),
(204, 1, '::1', '', '2018-06-23 11:25:54'),
(205, 34, '::1', '', '2018-06-23 14:23:15'),
(206, 1, '::1', '', '2018-06-23 14:59:53'),
(207, 34, '::1', '', '2018-06-23 15:47:59'),
(208, 1, '::1', '', '2018-06-23 15:50:30'),
(209, 1, '::1', '', '2018-06-23 16:10:34'),
(210, 1, '::1', '', '2018-06-23 16:37:20'),
(211, 1, '::1', '', '2018-06-24 14:40:28'),
(212, 1, '::1', '', '2018-06-25 08:53:33'),
(213, 1, '::1', '', '2018-06-25 09:07:32'),
(214, 1, '::1', '', '2018-06-25 09:09:24'),
(215, 1, '::1', '', '2018-06-25 09:24:43'),
(216, 1, '::1', '', '2018-06-25 10:20:10'),
(217, 1, '::1', '', '2018-06-25 10:21:30'),
(218, 1, '::1', '', '2018-06-25 10:23:12'),
(219, 1, '::1', '', '2018-06-25 10:24:02'),
(220, 1, '::1', '', '2018-06-25 10:29:00'),
(221, 1, '::1', '', '2018-06-25 10:31:14'),
(222, 1, '::1', '', '2018-06-25 10:31:14'),
(223, 1, '::1', '', '2018-06-25 10:32:05'),
(224, 1, '::1', '', '2018-06-25 10:34:02'),
(225, 1, '::1', '', '2018-06-25 10:41:35'),
(226, 1, '::1', '', '2018-06-25 10:42:50'),
(227, 1, '::1', '', '2018-06-25 10:47:37'),
(228, 1, '::1', '', '2018-06-25 10:51:36'),
(229, 1, '::1', '', '2018-06-25 10:56:42'),
(230, 1, '::1', '', '2018-06-25 10:59:01'),
(231, 1, '::1', '', '2018-06-25 11:04:34'),
(232, 1, '::1', '', '2018-06-25 11:06:58'),
(233, 1, '::1', '', '2018-06-25 11:19:47'),
(234, 1, '::1', '', '2018-06-25 11:30:09'),
(235, 1, '::1', '', '2018-06-25 13:58:16'),
(236, 1, '::1', '', '2018-06-25 13:59:15'),
(237, 1, '::1', '', '2018-06-25 14:10:46'),
(238, 1, '::1', '', '2018-06-25 14:14:08'),
(239, 1, '::1', '', '2018-06-25 14:27:39'),
(240, 1, '::1', '', '2018-06-25 14:31:17'),
(241, 1, '::1', '', '2018-06-25 14:33:44'),
(242, 1, '::1', '', '2018-06-25 14:53:54'),
(243, 1, '::1', '', '2018-06-25 14:56:34'),
(244, 1, '::1', '', '2018-06-25 14:58:27'),
(245, 1, '::1', '', '2018-06-25 15:03:32'),
(246, 1, '::1', '', '2018-06-25 15:05:49'),
(247, 1, '::1', '', '2018-06-25 15:07:07'),
(248, 1, '::1', '', '2018-06-25 15:08:35'),
(249, 1, '::1', '', '2018-06-25 15:12:03'),
(250, 1, '::1', '', '2018-06-25 15:14:16'),
(251, 1, '::1', '', '2018-06-25 15:22:54'),
(252, 1, '::1', '', '2018-06-25 15:24:42'),
(253, 1, '::1', '', '2018-06-25 15:27:10'),
(254, 1, '::1', '', '2018-06-25 15:27:11'),
(255, 1, '::1', '', '2018-06-25 15:51:40'),
(256, 1, '::1', '', '2018-06-25 15:53:30'),
(257, 1, '::1', '', '2018-06-25 16:02:12'),
(258, 1, '::1', '', '2018-06-25 16:04:54'),
(259, 1, '::1', '', '2018-06-25 16:06:49'),
(260, 1, '::1', '', '2018-06-25 16:39:44'),
(261, 1, '::1', '', '2018-06-25 17:14:58'),
(262, 1, '::1', '', '2018-06-25 17:39:59'),
(263, 1, '::1', '', '2018-06-25 17:54:11'),
(264, 1, '::1', '', '2018-06-25 17:56:47'),
(265, 1, '::1', '', '2018-06-25 18:11:05'),
(266, 1, '::1', '', '2018-06-25 18:18:23'),
(267, 1, '::1', '', '2018-06-25 18:19:09'),
(268, 1, '::1', '', '2018-06-25 18:23:52'),
(269, 1, '::1', '', '2018-06-25 18:26:29'),
(270, 1, '::1', '', '2018-06-25 18:31:17'),
(271, 1, '::1', '', '2018-06-25 18:33:34'),
(272, 1, '::1', '', '2018-06-25 18:51:48'),
(273, 1, '::1', '', '2018-06-25 18:53:06'),
(274, 1, '::1', '', '2018-06-25 18:53:09'),
(275, 1, '::1', '', '2018-06-25 18:53:12'),
(276, 1, '::1', '', '2018-06-25 18:55:24'),
(277, 1, '::1', '', '2018-06-25 18:55:25'),
(278, 1, '::1', '', '2018-06-25 18:56:30'),
(279, 1, '::1', '', '2018-06-25 18:57:46'),
(280, 1, '::1', '', '2018-06-25 19:03:52'),
(281, 1, '::1', '', '2018-06-25 19:04:38'),
(282, 1, '::1', '', '2018-06-25 19:16:35'),
(283, 1, '::1', '', '2018-06-25 19:20:12'),
(284, 1, '::1', '', '2018-06-25 19:28:33'),
(285, 1, '::1', '', '2018-06-25 19:31:08'),
(286, 1, '::1', '', '2018-06-25 19:47:54'),
(287, 1, '::1', '', '2018-06-25 20:24:57'),
(288, 1, '::1', '', '2018-06-25 21:15:27'),
(289, 1, '::1', '', '2018-06-25 21:16:31'),
(290, 1, '::1', '', '2018-06-25 21:36:42'),
(291, 1, '::1', '', '2018-06-25 21:50:16'),
(292, 34, '::1', '', '2018-06-26 08:14:54'),
(293, 1, '::1', '', '2018-06-26 08:16:05'),
(294, 37, '::1', '', '2018-06-26 08:18:26'),
(295, 38, '::1', '', '2018-06-26 08:25:33'),
(296, 39, '::1', '', '2018-06-26 08:29:19'),
(297, 1, '::1', '', '2018-06-26 08:29:32'),
(298, 39, '::1', '', '2018-06-26 08:31:36'),
(299, 1, '::1', '', '2018-06-26 08:32:10'),
(300, 39, '::1', '', '2018-06-26 08:32:47'),
(301, 1, '::1', '', '2018-06-26 08:33:22'),
(302, 1, '::1', '', '2018-06-26 11:32:06'),
(303, 1, '::1', '', '2018-06-26 11:52:27'),
(304, 1, '::1', '', '2018-06-26 11:58:25'),
(305, 1, '::1', '', '2018-06-26 11:59:00'),
(306, 1, '::1', '', '2018-06-26 12:00:07'),
(307, 1, '::1', '', '2018-06-26 12:00:49'),
(308, 1, '::1', '', '2018-06-26 12:03:38'),
(309, 1, '::1', '', '2018-06-26 12:04:31'),
(310, 1, '::1', '', '2018-06-26 12:04:57'),
(311, 1, '::1', '', '2018-06-26 12:05:18'),
(312, 1, '::1', '', '2018-06-26 12:05:42'),
(313, 1, '::1', '', '2018-06-26 12:06:18'),
(314, 1, '::1', '', '2018-06-26 13:48:44'),
(315, 1, '::1', '', '2018-06-26 13:51:51'),
(316, 1, '::1', '', '2018-06-26 13:53:12'),
(317, 1, '::1', '', '2018-06-26 13:56:03'),
(318, 1, '::1', '', '2018-06-26 14:44:46'),
(319, 1, '::1', '', '2018-06-26 14:47:37'),
(320, 1, '::1', '', '2018-06-26 14:50:11'),
(321, 1, '::1', '', '2018-06-26 15:17:24'),
(322, 1, '::1', '', '2018-06-27 09:26:15'),
(323, 1, '::1', '', '2018-06-27 11:24:12'),
(324, 1, '::1', '', '2018-06-27 11:29:20'),
(325, 1, '::1', '', '2018-06-27 11:30:06'),
(326, 1, '::1', '', '2018-06-27 11:30:58'),
(327, 1, '::1', '', '2018-06-27 11:34:57'),
(328, 1, '::1', '', '2018-06-27 11:47:28'),
(329, 1, '::1', '', '2018-06-27 14:25:38'),
(330, 1, '::1', '', '2018-06-27 14:27:00'),
(331, 1, '::1', '', '2018-06-27 14:29:07'),
(332, 1, '::1', '', '2018-06-27 14:32:05'),
(333, 1, '::1', '', '2018-06-27 15:26:27'),
(334, 1, '::1', '', '2018-06-27 15:30:38'),
(335, 1, '::1', '', '2018-06-27 17:33:56'),
(336, 1, '::1', '', '2018-06-27 17:41:28'),
(337, 1, '::1', '', '2018-06-27 17:47:35'),
(338, 1, '::1', '', '2018-06-27 19:00:59'),
(339, 1, '::1', '', '2018-06-27 19:59:27'),
(340, 1, '::1', '', '2018-06-27 20:50:49'),
(341, 1, '::1', '', '2018-06-27 20:52:55'),
(342, 1, '::1', '', '2018-06-27 21:58:02'),
(343, 34, '::1', '', '2018-06-28 09:59:01'),
(344, 37, '::1', '', '2018-06-28 09:59:10'),
(345, 1, '::1', '', '2018-06-28 09:59:51'),
(346, 33, '::1', '', '2018-06-28 10:14:34'),
(347, 1, '::1', '', '2018-06-28 10:14:50'),
(348, 33, '::1', '', '2018-06-28 10:15:20'),
(349, 1, '::1', '', '2018-06-28 10:15:39'),
(350, 33, '::1', '', '2018-06-28 10:19:10'),
(351, 1, '::1', '', '2018-06-28 10:20:26'),
(352, 33, '::1', '', '2018-06-28 10:22:09'),
(353, 1, '::1', '', '2018-06-28 10:23:43'),
(354, 1, '::1', '', '2018-06-28 16:56:28'),
(355, 1, '::1', '', '2018-06-28 17:10:18'),
(356, 1, '::1', '', '2018-06-28 17:22:41'),
(357, 1, '::1', '', '2018-06-28 17:36:31'),
(358, 1, '::1', '', '2018-06-28 17:41:47'),
(359, 1, '::1', '', '2018-06-28 17:44:41'),
(360, 1, '::1', '', '2018-06-28 17:46:29'),
(361, 1, '::1', '', '2018-06-28 17:51:39'),
(362, 1, '::1', '', '2018-06-28 17:53:07'),
(363, 1, '::1', '', '2018-06-28 17:54:05'),
(364, 1, '::1', '', '2018-06-28 18:01:33'),
(365, 1, '::1', '', '2018-06-28 18:03:14'),
(366, 1, '::1', '', '2018-06-28 18:07:11'),
(367, 1, '::1', '', '2018-06-28 18:10:12'),
(368, 1, '::1', '', '2018-06-28 18:11:51'),
(369, 1, '::1', '', '2018-06-28 18:14:03'),
(370, 1, '::1', '', '2018-06-28 18:17:16'),
(371, 1, '::1', '', '2018-06-28 18:20:30'),
(372, 1, '::1', '', '2018-06-28 18:21:54'),
(373, 1, '::1', '', '2018-06-28 18:24:05'),
(374, 26, '::1', '', '2018-06-28 18:29:01'),
(375, 1, '::1', '', '2018-06-28 20:44:46'),
(376, 1, '::1', '', '2018-06-28 21:19:25'),
(377, 1, '::1', '', '2018-06-29 09:56:25'),
(378, 26, '::1', '', '2018-06-29 10:06:51'),
(379, 1, '::1', '', '2018-06-30 08:14:59'),
(380, 1, '::1', '', '2018-06-30 09:50:33'),
(381, 1, '::1', '', '2018-07-02 08:34:36'),
(382, 1, '::1', '', '2018-07-02 11:00:20'),
(383, 1, '::1', '', '2018-07-02 15:13:02'),
(384, 1, '::1', '', '2018-07-02 16:55:04'),
(385, 1, '::1', '', '2018-07-02 20:18:06'),
(386, 1, '::1', '', '2018-07-02 20:41:14'),
(387, 1, '::1', '', '2018-07-02 21:13:06'),
(388, 41, '::1', '', '2018-07-03 11:06:32'),
(389, 1, '::1', '', '2018-07-03 11:06:51'),
(390, 33, '::1', '', '2018-07-03 15:09:45'),
(391, 34, '::1', '', '2018-07-03 15:09:58'),
(392, 1, '::1', '', '2018-07-03 15:16:51'),
(393, 1, '::1', '', '2018-07-03 15:37:34'),
(394, 34, '::1', '', '2018-07-03 15:55:13'),
(395, 1, '::1', '', '2018-07-03 15:56:08'),
(396, 38, '::1', '', '2018-07-03 15:58:57'),
(397, 1, '::1', '', '2018-07-03 16:47:29'),
(398, 1, '::1', '', '2018-07-03 16:51:55'),
(399, 1, '::1', '', '2018-07-03 17:14:55'),
(400, 1, '::1', '', '2018-07-03 17:31:12'),
(401, 1, '::1', '', '2018-07-03 17:31:32'),
(402, 1, '::1', '', '2018-07-03 17:31:50'),
(403, 1, '::1', '', '2018-07-03 18:10:05'),
(404, 1, '::1', '', '2018-07-03 21:23:26'),
(405, 1, '::1', '', '2018-07-13 16:37:10'),
(406, 1, '::1', '', '2018-07-13 16:38:51'),
(407, 1, '::1', '', '2018-07-13 16:42:56'),
(408, 1, '::1', '', '2018-07-13 16:45:44'),
(409, 1, '::1', '', '2018-07-13 16:47:01'),
(410, 1, '::1', '', '2018-07-13 16:49:56'),
(411, 1, '::1', '', '2018-07-13 16:51:54'),
(412, 1, '::1', '', '2018-07-13 16:54:19'),
(413, 1, '::1', '', '2018-07-13 16:55:52'),
(414, 1, '::1', '', '2018-07-13 19:03:50'),
(415, 35, '::1', '', '2018-07-14 09:38:10'),
(416, 1, '::1', '', '2018-07-14 09:38:27'),
(417, 35, '::1', '', '2018-07-14 09:40:19'),
(418, 1, '::1', '', '2018-07-14 09:47:20'),
(419, 35, '::1', '', '2018-07-14 09:52:34'),
(420, 1, '::1', '', '2018-07-14 10:04:42'),
(421, 34, '::1', '', '2018-07-14 10:07:26'),
(422, 1, '::1', '', '2018-07-14 10:12:29'),
(423, 34, '::1', '', '2018-07-14 10:15:14'),
(424, 1, '::1', '', '2018-07-14 10:38:08'),
(425, 38, '::1', '', '2018-07-14 10:38:35'),
(426, 1, '::1', '', '2018-07-14 10:39:01'),
(427, 38, '::1', '', '2018-07-14 10:39:48'),
(428, 1, '::1', '', '2018-07-14 10:41:57'),
(429, 38, '::1', '', '2018-07-14 10:43:17'),
(430, 1, '::1', '', '2018-07-14 10:45:09'),
(431, 1, '::1', '', '2018-07-14 18:22:00'),
(432, 1, '::1', '', '2018-07-14 18:26:04'),
(433, 1, '::1', '', '2018-07-14 19:24:47'),
(434, 1, '::1', '', '2018-07-14 19:37:08'),
(435, 1, '::1', '', '2018-07-14 19:44:37'),
(436, 1, '::1', '', '2018-07-14 20:40:11'),
(437, 1, '::1', '', '2018-07-14 20:45:17'),
(438, 1, '::1', '', '2018-07-14 20:52:37'),
(439, 1, '::1', '', '2018-07-14 20:53:34'),
(440, 31, '::1', '', '2018-07-14 20:54:30'),
(441, 1, '::1', '', '2018-07-14 20:54:59'),
(442, 36, '::1', '', '2018-07-14 20:55:39'),
(443, 1, '::1', '', '2018-07-14 21:00:51'),
(444, 37, '::1', '', '2018-07-14 21:01:36'),
(445, 38, '::1', '', '2018-07-14 21:01:55'),
(446, 39, '::1', '', '2018-07-14 21:02:36'),
(447, 1, '::1', '', '2018-07-15 09:20:13'),
(448, 1, '::1', '', '2018-07-15 11:28:32'),
(449, 1, '::1', '', '2018-07-16 14:13:02'),
(450, 1, '::1', '', '2018-07-17 10:29:07'),
(451, 32, '::1', '', '2018-07-17 11:11:56'),
(452, 1, '::1', '', '2018-07-17 11:12:06'),
(453, 30, '::1', '', '2018-07-17 11:12:17'),
(454, 1, '::1', '', '2018-07-17 11:12:54'),
(455, 30, '::1', '', '2018-07-17 11:16:41'),
(456, 1, '::1', '', '2018-07-17 11:29:31'),
(457, 30, '::1', '', '2018-07-17 11:38:40'),
(458, 1, '::1', '', '2018-07-17 12:01:28'),
(459, 1, '::1', '', '2018-07-18 14:24:50'),
(460, 1, '::1', '', '2018-07-18 16:20:19'),
(461, 1, '::1', '', '2018-07-19 09:08:46'),
(462, 1, '::1', '', '2018-07-19 10:52:25'),
(463, 1, '::1', '', '2018-07-24 09:23:40'),
(464, 1, '::1', '', '2018-07-26 09:02:28'),
(465, 1, '::1', '', '2018-07-26 21:04:01'),
(466, 1, '::1', '', '2018-07-27 09:47:49'),
(467, 1, '::1', '', '2018-07-27 17:36:25'),
(468, 1, '::1', '', '2018-07-30 08:54:12'),
(469, 1, '::1', '', '2018-08-01 19:00:23'),
(470, 1, '::1', '', '2018-08-01 19:02:21'),
(471, 1, '::1', '', '2018-08-01 19:06:14'),
(472, 1, '::1', '', '2018-08-01 19:08:55'),
(473, 1, '::1', '', '2018-08-01 19:09:26'),
(474, 1, '::1', '', '2018-08-02 10:11:58'),
(475, 1, '::1', '', '2018-08-03 09:14:13'),
(476, 1, '::1', '', '2018-08-04 09:34:03'),
(477, 1, '::1', '', '2018-08-06 08:17:26'),
(478, 1, '::1', '', '2018-08-11 15:51:02'),
(479, 1, '::1', '', '2018-08-13 10:13:36'),
(480, 1, '::1', '', '2018-08-13 14:31:46'),
(481, 1, '::1', '', '2018-08-13 15:00:00'),
(482, 1, '::1', '', '2018-08-13 15:58:11'),
(483, 1, '::1', '', '2018-08-18 10:25:28'),
(484, 1, '::1', '', '2018-08-18 10:58:53'),
(485, 30, '::1', '', '2018-08-18 10:59:15'),
(486, 1, '::1', '', '2018-08-18 10:59:26'),
(487, 30, '::1', '', '2018-08-18 11:01:17'),
(488, 1, '::1', '', '2018-08-18 11:01:29'),
(489, 1, '::1', '', '2018-08-20 08:08:16'),
(490, 1, '::1', '', '2018-08-20 21:18:33'),
(491, 1, '::1', '', '2018-08-20 21:21:08'),
(492, 30, '::1', '', '2018-08-24 10:23:54'),
(493, 30, '::1', '', '2018-08-24 15:43:07');

-- --------------------------------------------------------

--
-- 表的结构 `j_slot`
--

CREATE TABLE `j_slot` (
  `ws_name` varchar(64) NOT NULL COMMENT '名称'
) ENGINE=InnoDB DEFAULT CHARSET=utf8 COMMENT='开槽';

--
-- 转存表中的数据 `j_slot`
--

INSERT INTO `j_slot` (`ws_name`) VALUES
('KA开槽后进19'),
('KB开槽后进19');

-- --------------------------------------------------------

--
-- 表的结构 `j_speci`
--

CREATE TABLE `j_speci` (
  `s_id` int(10) UNSIGNED NOT NULL COMMENT 'v',
  `s_product_id` int(10) UNSIGNED NOT NULL COMMENT '所属分类',
  `s_name` varchar(64) NOT NULL COMMENT '名称',
  `s_parent` int(10) UNSIGNED NOT NULL COMMENT '父类',
  `s_class` smallint(4) UNSIGNED NOT NULL COMMENT '等级',
  `s_remark` varchar(128) DEFAULT NULL COMMENT '备注',
  `s_creator` int(10) UNSIGNED NOT NULL COMMENT '创建人',
  `s_create_datetime` datetime NOT NULL COMMENT '创建日期'
) ENGINE=InnoDB DEFAULT CHARSET=utf8 COMMENT='规格';

--
-- 转存表中的数据 `j_speci`
--

INSERT INTO `j_speci` (`s_id`, `s_product_id`, `s_name`, `s_parent`, `s_class`, `s_remark`, `s_creator`, `s_create_datetime`) VALUES
(1, 8, '尺寸', 0, 0, '', 1, '2018-07-31 16:12:42'),
(2, 8, '30cm', 1, 1, '', 1, '2018-07-31 16:16:31'),
(4, 8, '颜色', 0, 0, '', 1, '2018-07-31 16:22:19'),
(5, 8, '银色', 4, 1, '', 1, '2018-07-31 16:22:32'),
(6, 8, '金属色', 4, 1, '', 1, '2018-07-31 16:22:43'),
(7, 9, '尺寸', 0, 0, '', 1, '2018-07-31 18:10:50'),
(8, 9, '颜色', 0, 0, '', 1, '2018-07-31 18:11:01'),
(9, 9, '25cm', 7, 1, '', 1, '2018-07-31 18:18:25'),
(10, 8, '45cm', 7, 1, '', 1, '2018-07-31 19:36:58');

-- --------------------------------------------------------

--
-- 表的结构 `j_stock_outted`
--

CREATE TABLE `j_stock_outted` (
  `so_id` int(10) UNSIGNED NOT NULL COMMENT 'v',
  `so_num` varchar(64) DEFAULT NULL COMMENT '提货单编号',
  `so_truck` varchar(64) DEFAULT NULL COMMENT '车',
  `so_train` varchar(64) DEFAULT NULL COMMENT '车次',
  `so_end_datetime` date NOT NULL COMMENT '出厂日期',
  `so_pack` smallint(4) UNSIGNED NOT NULL COMMENT '数量',
  `so_logistics` float UNSIGNED NOT NULL DEFAULT '0' COMMENT '物流',
  `so_deliveried_pack` smallint(4) UNSIGNED NOT NULL DEFAULT '0' COMMENT '实发件数',
  `so_collection` float(10,2) UNSIGNED NOT NULL DEFAULT '0.00' COMMENT '代收金额',
  `so_printer` int(10) UNSIGNED NOT NULL DEFAULT '0' COMMENT '打印员',
  `so_print_datetime` datetime DEFAULT NULL COMMENT '打印时间',
  `so_creator` int(10) UNSIGNED NOT NULL COMMENT '创建人',
  `so_create_datetime` datetime DEFAULT NULL COMMENT '创建时间'
) ENGINE=InnoDB DEFAULT CHARSET=utf8 COMMENT='出库';

-- --------------------------------------------------------

--
-- 表的结构 `j_stock_outted_status`
--

CREATE TABLE `j_stock_outted_status` (
  `sos_name` tinyint(2) UNSIGNED NOT NULL COMMENT 'v',
  `sos_label` varchar(32) NOT NULL COMMENT 'Label'
) ENGINE=InnoDB DEFAULT CHARSET=utf8 COMMENT='出库单状态';

--
-- 转存表中的数据 `j_stock_outted_status`
--

INSERT INTO `j_stock_outted_status` (`sos_name`, `sos_label`) VALUES
(0, '作废'),
(1, '新建'),
(2, '已发货');

-- --------------------------------------------------------

--
-- 表的结构 `j_supplier`
--

CREATE TABLE `j_supplier` (
  `s_id` smallint(4) UNSIGNED NOT NULL COMMENT 'v',
  `s_name` varchar(64) NOT NULL COMMENT '名称',
  `s_code` varchar(8) NOT NULL COMMENT '编码代号',
  `s_remark` varchar(128) DEFAULT NULL COMMENT '备注',
  `s_creator` int(10) UNSIGNED NOT NULL DEFAULT '0' COMMENT '创建',
  `s_create_datetime` datetime DEFAULT NULL COMMENT '创建日期'
) ENGINE=InnoDB DEFAULT CHARSET=utf8 COMMENT='供应商';

--
-- 转存表中的数据 `j_supplier`
--

INSERT INTO `j_supplier` (`s_id`, `s_name`, `s_code`, `s_remark`, `s_creator`, `s_create_datetime`) VALUES
(1, '瑞佳木业', 'R', '', 1, '2016-01-12 14:47:00'),
(2, '露水河', 'J', '', 1, '2016-01-12 14:47:22'),
(3, '德华兔宝宝', 'T', '', 1, '2016-01-12 14:47:38'),
(4, '全益', 'Q', '', 1, '2016-01-12 14:47:53'),
(5, '丹文迪', 'D', '', 1, '2016-01-12 14:48:06'),
(6, '3D', 'S', '', 1, '2016-01-12 14:48:20'),
(7, '绿洲', 'L', '', 6, '2016-01-23 14:16:47'),
(8, '其他', 'A', '', 1, '2016-02-17 20:58:47'),
(9, '红盛板材', 'HS', '', 2, '2016-03-23 12:34:26'),
(10, '永伟纸箱', 'YW', '', 2, '2016-03-23 12:35:18'),
(11, '格林ＵＶ板', 'GL', '', 2, '2016-03-23 12:36:53'),
(12, '铭顺兴拉篮', 'MSX', '', 2, '2016-03-23 12:37:45'),
(13, '佛山天洲铝业', 'F', '', 2, '2016-03-23 12:41:39'),
(14, '元辰诺金门板', 'Y', '', 2, '2016-03-23 12:44:25'),
(15, '烁景胶', 'SJJ', '', 2, '2016-03-23 12:46:10'),
(16, '九千定制', 'JQ', '', 1, '2018-08-12 16:12:57');

-- --------------------------------------------------------

--
-- 表的结构 `j_tag_type`
--

CREATE TABLE `j_tag_type` (
  `tt_name` varchar(16) NOT NULL COMMENT 'Tag',
  `tt_label` varchar(16) NOT NULL COMMENT 'Label'
) ENGINE=InnoDB DEFAULT CHARSET=utf8 COMMENT='Tag类型';

--
-- 转存表中的数据 `j_tag_type`
--

INSERT INTO `j_tag_type` (`tt_name`, `tt_label`) VALUES
('', '---'),
('a', 'A'),
('button', 'Button');

-- --------------------------------------------------------

--
-- 表的结构 `j_task_level`
--

CREATE TABLE `j_task_level` (
  `tl_id` tinyint(2) UNSIGNED NOT NULL COMMENT 'v',
  `tl_name` varchar(64) NOT NULL COMMENT '名称',
  `tl_icon` varchar(64) NOT NULL COMMENT 'icon'
) ENGINE=InnoDB DEFAULT CHARSET=utf8 COMMENT='任务等级';

--
-- 转存表中的数据 `j_task_level`
--

INSERT INTO `j_task_level` (`tl_id`, `tl_name`, `tl_icon`) VALUES
(1, '正常', '<i class="danger fa fa-star-o fa-lg"></i>'),
(2, '微急', '<i class="danger fa fa-star-half-o fa-lg"></i>'),
(3, 'BT急', '<i class="danger fa fa-star fa-lg"></i>');

-- --------------------------------------------------------

--
-- 表的结构 `j_test`
--

CREATE TABLE `j_test` (
  `t_id` int(10) UNSIGNED NOT NULL COMMENT 'id',
  `t_name` varchar(32) NOT NULL COMMENT '名称',
  `t_phone` varchar(32) DEFAULT NULL COMMENT '电话',
  `t_remark` blob COMMENT '备注'
) ENGINE=InnoDB DEFAULT CHARSET=utf8;

-- --------------------------------------------------------

--
-- 表的结构 `j_toggle_type`
--

CREATE TABLE `j_toggle_type` (
  `tt_name` varchar(16) NOT NULL COMMENT 'Toggle',
  `tt_label` varchar(16) NOT NULL COMMENT 'Label'
) ENGINE=InnoDB DEFAULT CHARSET=utf8 COMMENT='Toggle类型';

--
-- 转存表中的数据 `j_toggle_type`
--

INSERT INTO `j_toggle_type` (`tt_name`, `tt_label`) VALUES
('', '---'),
('backstage', '提交后台'),
('blank', '新界面'),
('child', '子页面'),
('front', '前端'),
('modal', 'Modal'),
('refresh', '刷新'),
('reply', '返回'),
('save', '保存');

-- --------------------------------------------------------

--
-- 表的结构 `j_track_title`
--

CREATE TABLE `j_track_title` (
  `tt_name` varchar(128) NOT NULL COMMENT 'v'
) ENGINE=InnoDB DEFAULT CHARSET=utf8 COMMENT='跟踪主题';

--
-- 转存表中的数据 `j_track_title`
--

INSERT INTO `j_track_title` (`tt_name`) VALUES
('基本跟踪');

-- --------------------------------------------------------

--
-- 表的结构 `j_train`
--

CREATE TABLE `j_train` (
  `t_id` smallint(4) UNSIGNED NOT NULL COMMENT 'v',
  `t_name` varchar(64) NOT NULL COMMENT '名称'
) ENGINE=InnoDB DEFAULT CHARSET=utf8 COMMENT='车次';

--
-- 转存表中的数据 `j_train`
--

INSERT INTO `j_train` (`t_id`, `t_name`) VALUES
(1, '1130'),
(2, '1730');

-- --------------------------------------------------------

--
-- 表的结构 `j_truck`
--

CREATE TABLE `j_truck` (
  `t_id` smallint(4) UNSIGNED NOT NULL COMMENT 'v',
  `t_name` varchar(64) NOT NULL COMMENT '名称'
) ENGINE=InnoDB DEFAULT CHARSET=utf8 COMMENT='货车';

--
-- 转存表中的数据 `j_truck`
--

INSERT INTO `j_truck` (`t_id`, `t_name`) VALUES
(1, '大道T07'),
(2, '厂车E91'),
(3, '外车000'),
(4, '大道二车'),
(5, '厂车二车'),
(6, '其它车辆');

-- --------------------------------------------------------

--
-- 表的结构 `j_unit`
--

CREATE TABLE `j_unit` (
  `u_name` varchar(16) NOT NULL COMMENT 'v'
) ENGINE=InnoDB DEFAULT CHARSET=utf8 COMMENT='单位';

--
-- 转存表中的数据 `j_unit`
--

INSERT INTO `j_unit` (`u_name`) VALUES
('个'),
('付'),
('件'),
('克'),
('包'),
('千克'),
('厘米'),
('套'),
('平方'),
('斤'),
('毫米'),
('米'),
('颗');

-- --------------------------------------------------------

--
-- 表的结构 `j_unqrcode`
--

CREATE TABLE `j_unqrcode` (
  `u_id` int(10) UNSIGNED NOT NULL COMMENT 'v',
  `u_num` varchar(64) NOT NULL COMMENT '编号',
  `u_order_id` int(10) UNSIGNED NOT NULL COMMENT '订单V',
  `u_product` varchar(64) NOT NULL COMMENT '产品名称',
  `u_pack` smallint(4) UNSIGNED NOT NULL COMMENT '包装件数',
  `u_pack_detail` varchar(128) NOT NULL COMMENT '包装明细',
  `u_warehouse_num` varchar(521) DEFAULT NULL COMMENT '库位',
  `u_creator` int(10) UNSIGNED NOT NULL COMMENT '创建人',
  `u_create_datetime` datetime NOT NULL COMMENT '创建日期'
) ENGINE=InnoDB DEFAULT CHARSET=utf8 COMMENT='无码入库';

-- --------------------------------------------------------

--
-- 表的结构 `j_user`
--

CREATE TABLE `j_user` (
  `u_id` int(10) UNSIGNED NOT NULL COMMENT 'v',
  `u_name` char(64) NOT NULL COMMENT '名称',
  `u_truename` char(64) NOT NULL COMMENT '名字',
  `u_password` varchar(128) NOT NULL COMMENT '密码',
  `u_salt` varchar(128) DEFAULT NULL COMMENT 'salt',
  `u_mobilephone` char(16) DEFAULT NULL COMMENT '联系电话',
  `u_uniqid` varchar(128) NOT NULL COMMENT 'Uid',
  `u_creator` int(10) UNSIGNED NOT NULL COMMENT '创建人',
  `u_create_datetime` datetime DEFAULT NULL COMMENT '创建日期',
  `u_usergroup_id` smallint(4) UNSIGNED NOT NULL COMMENT '用户组',
  `u_session` varchar(128) DEFAULT NULL COMMENT 'session',
  `u_openid` varchar(128) DEFAULT NULL COMMENT '微信OpenId',
  `u_status` tinyint(2) UNSIGNED NOT NULL DEFAULT '1' COMMENT '状态',
  `u_group_no` tinyint(2) UNSIGNED NOT NULL DEFAULT '0' COMMENT '组内编号'
) ENGINE=InnoDB DEFAULT CHARSET=utf8 COMMENT='用户';

--
-- 转存表中的数据 `j_user`
--

INSERT INTO `j_user` (`u_id`, `u_name`, `u_truename`, `u_password`, `u_salt`, `u_mobilephone`, `u_uniqid`, `u_creator`, `u_create_datetime`, `u_usergroup_id`, `u_session`, `u_openid`, `u_status`, `u_group_no`) VALUES
(1, 'zhangcc', '张闯创', '$2y$11$70999f4256c1d8e36ead6eMlDThwMhWY5DEWOKnr73L.n/KJvR8Ju', '$2y$11$70999f4256c1d8e36ead6e', '15171454523', '595901195b7ac04457ffb6.65895432', 0, '2016-02-15 21:11:22', 1, '7e3r4f1gpqpqravmu62g81triq7hhg7h', NULL, 1, 0),
(2, '01', '向学敏', '$2y$11$e6736f98e78af1c63d3c3uMP0z90S9ppwfSQEHSiSLI7S6A.CwfOC', '$2y$11$e6736f98e78af1c63d3c39', '13995609090', '', 0, '2016-02-15 21:11:22', 1, NULL, NULL, 1, 0),
(11, '12', '向涛', '$2y$11$d1789d65f7ee30f573c4eujSOKZQn3G9BqBkKz5YVQswvzA.0I7Uq', '$2y$11$d1789d65f7ee30f573c4e2', '12', '', 1, '2016-02-15 21:11:22', 1, NULL, NULL, 1, 0),
(26, '02', '张三毛', '$2y$11$954cf5acc8db33bc879c9Ow/R6gc3yizg136Mw3A6Sew5QVEjlR/G', '$2y$11$954cf5acc8db33bc879c9a', '13112344564', '19309438565b35943b94b9c8.13276572', 1, '2016-02-15 21:11:22', 23, 'lk5h1pilctjqj8br0o1osnen79v4jjp9', NULL, 1, 0),
(27, '03', '李四', '$2y$11$b75c288d821edba82a0e5ujf4lxoNGwPNxbfWA0jsFLDVcrRxMA9m', '$2y$11$b75c288d821edba82a0e51', '13112345678', '', 1, '2016-02-15 21:11:22', 24, NULL, NULL, 1, 0),
(29, '04', '莉莉', '123123', NULL, '123123123123', '', 1, '2018-06-06 21:06:07', 21, NULL, NULL, 1, 0),
(30, '05', '溜溜', '$2y$11$bf94d8ab4436298df7292OFk2FB/va/eBrWKXiWMpdhxhzJ1dlZs2', '$2y$11$bf94d8ab4436298df7292b', '13966666666', '15820191165b7fb70b549172.03259245', 1, '2018-06-19 23:22:52', 25, 'o5vg1fqfol9sl6se9khvdohsacpj6mhm', NULL, 1, 0),
(31, '06', '琪琪', '$2y$11$8ab64d2b0d23e1354f529uoVe7a6Ut0eiGug2PW3jytzw.IwDQxu6', '$2y$11$8ab64d2b0d23e1354f5290', '13966666666', '18598882535b49f2867bbd00.22873685', 1, '2018-06-19 23:23:33', 26, 'c7obr10kb14muegvaf3pqedgnn9kfm2m', NULL, 1, 1),
(32, '07', '巴巴', '$2y$11$3b0b3e3152c0a3eedf2d5O56PyYIkl49VzHJNGTDKu5WP4NZYceF.', '$2y$11$3b0b3e3152c0a3eedf2d5d', '13966666666', '17643684085b4d5e7ccf7c98.74640492', 1, '2018-06-19 23:24:05', 26, 'm5k1hrk79sucjecs1j9fudr8npigieo7', NULL, 1, 2),
(33, '09', '久久', '$2y$11$bf97a35e197d0bf0b4118uukqXnbFCEzRt6C5tBn8J/jwOyImGg8C', '$2y$11$bf97a35e197d0bf0b41185', '13966666666', '12983755865b3b2139cdced6.98213360', 1, '2018-06-19 23:24:19', 26, '63792abhbhimusi9j2mblq0u3bdctsn3', NULL, 1, 3),
(34, '10', '一零', '$2y$11$d31ff888166c475da4628uvQvTvcIfi.PaNtUk43PpK2wpxY3m3fm', '$2y$11$d31ff888166c475da46288', '12345678901', '13063250965b495cb245c206.97065038', 1, '2018-06-23 09:19:40', 27, 'uqbrmbd3521ihrb55visgpkmrpkak8rg', NULL, 1, 1),
(35, '11', '一一', '$2y$11$81cd8865878e69ec2d976uEdxLyMvQJh82I/lC6H.8XuZ4uTh568e', '$2y$11$81cd8865878e69ec2d9764', '12345678901', '21227706835b4957625cc2f9.32248071', 1, '2018-06-23 09:19:51', 27, '7k470rgu2aeq4f6a7806md3v1pth9nni', NULL, 1, 2),
(36, '13', '一三', '$2y$11$828b067a84f7a9517cef0O3xKC6y/gHgQsPfk65UYHIs4aUk4dqU.', '$2y$11$828b067a84f7a9517cef0b', '12345678901', '15140120545b49f2cbef70b6.19663051', 1, '2018-06-23 09:20:37', 27, 'lvl5mm4g6s3tomvqpar29av5e7381mft', NULL, 1, 3),
(37, '14', '一四', '$2y$11$a7f5823872f30a29b5b37uIVjIMUzh7g0ybENpAA39ajCBb9Wm7Rq', '$2y$11$a7f5823872f30a29b5b371', '13202202002', '19067921915b49f4304b3347.61089614', 1, '2018-06-26 08:17:24', 28, 'cpi5rscqoe75i7lm8d949a5q9gtj8j78', NULL, 1, 1),
(38, '15', '一五', '$2y$11$066bee8fb1ec8a45de8b8O6Z2S6zVBSlcKhisPzkUmLTkWUEKbXES', '$2y$11$066bee8fb1ec8a45de8b8c', '13202202002', '8698227225b49f443818732.49764809', 1, '2018-06-26 08:17:42', 29, 'cnd67or3tc3a69o5po3f94djni7fdi5b', NULL, 1, 1),
(39, '16', '一六', '$2y$11$c8e4efed14221dd9e4c2fuKwj1qBYMn.zSmu7SxNIi1C3KH3xGquq', '$2y$11$c8e4efed14221dd9e4c2f6', '13202202002', '5673773305b49f46c64cf97.13095098', 1, '2018-06-26 08:17:57', 30, 'i824bhvd31g9fdn6mbtn2k6ti0kuv9jv', NULL, 1, 1),
(40, '17', '一七', '$2y$11$1a648828ff6d2b7500278uZqz2S9F6GiBPukCbpBNkZ1GBgMc.6Jy', '$2y$11$1a648828ff6d2b75002781', '12345678901', '', 1, '2018-07-03 10:27:22', 29, NULL, NULL, 1, 2),
(41, '18', '一八', '$2y$11$f59e92386bda57d5e26efOEbCapJZ4p3lfzNNWfYvewMnxMDeCD7i', '$2y$11$f59e92386bda57d5e26efd', '12345678901', '17890276605b3ae8388c2917.29984175', 1, '2018-07-03 10:59:49', 30, 'ujrabs3haauqi271dq4u06i1p4cpotvl', NULL, 1, 2);

-- --------------------------------------------------------

--
-- 表的结构 `j_usergroup`
--

CREATE TABLE `j_usergroup` (
  `u_id` smallint(4) UNSIGNED NOT NULL COMMENT 'v',
  `u_name` varchar(64) NOT NULL COMMENT '名称',
  `u_class` int(10) UNSIGNED NOT NULL COMMENT '等级',
  `u_parent` int(10) UNSIGNED NOT NULL COMMENT '父类',
  `u_creator` int(10) UNSIGNED NOT NULL COMMENT '创建人',
  `u_create_datetime` datetime NOT NULL COMMENT '创建日期',
  `u_amount` tinyint(2) UNSIGNED NOT NULL DEFAULT '0' COMMENT '用户组人员数量'
) ENGINE=InnoDB DEFAULT CHARSET=utf8 COMMENT='用户组';

--
-- 转存表中的数据 `j_usergroup`
--

INSERT INTO `j_usergroup` (`u_id`, `u_name`, `u_class`, `u_parent`, `u_creator`, `u_create_datetime`, `u_amount`) VALUES
(1, '超级管理员', 0, 0, 0, '0000-00-00 00:00:00', 0),
(21, '客服部', 1, 1, 1, '2018-02-13 04:23:13', 0),
(22, 'IT部', 1, 1, 1, '2018-02-13 05:48:46', 0),
(23, '成品库', 1, 1, 1, '2018-06-04 08:32:34', 0),
(24, '操作员', 2, 23, 1, '2018-06-04 08:48:32', 0),
(25, '生产部', 1, 1, 1, '2018-06-19 23:18:17', 0),
(26, '电子锯', 2, 25, 1, '2018-06-19 23:18:40', 0),
(27, '封边', 2, 25, 1, '2018-06-23 09:17:33', 0),
(28, '打孔', 2, 25, 1, '2018-06-23 19:57:05', 0),
(29, '扫描', 2, 25, 1, '2018-06-23 19:57:13', 0),
(30, '打包', 2, 25, 1, '2018-06-23 19:57:20', 0);

-- --------------------------------------------------------

--
-- 表的结构 `j_usergroup_priviledge`
--

CREATE TABLE `j_usergroup_priviledge` (
  `up_id` int(10) UNSIGNED NOT NULL,
  `up_usergroup_id` smallint(4) NOT NULL COMMENT '用户组',
  `up_priviledge_id` int(10) NOT NULL COMMENT '权限'
) ENGINE=InnoDB DEFAULT CHARSET=utf8 COMMENT='用户组权限';

--
-- 转存表中的数据 `j_usergroup_priviledge`
--

INSERT INTO `j_usergroup_priviledge` (`up_id`, `up_usergroup_id`, `up_priviledge_id`) VALUES
(1, 1, 1),
(2, 1, 2),
(3, 1, 3),
(4, 1, 4),
(5, 1, 5),
(6, 1, 6),
(8, 1, 8),
(9, 1, 9),
(10, 1, 10),
(11, 1, 11),
(12, 1, 12),
(13, 1, 13),
(14, 1, 14),
(15, 1, 15),
(16, 1, 16),
(17, 1, 17),
(18, 1, 18),
(19, 1, 19),
(20, 1, 20),
(21, 1, 21),
(22, 1, 22),
(23, 1, 23),
(24, 1, 24),
(25, 1, 25),
(26, 1, 26),
(27, 1, 27),
(28, 1, 28),
(29, 1, 29),
(30, 1, 30),
(31, 1, 31),
(32, 1, 32),
(33, 1, 33),
(34, 1, 34),
(35, 1, 35),
(36, 1, 36),
(37, 1, 37),
(38, 1, 38),
(39, 1, 39),
(40, 1, 40),
(41, 1, 41),
(42, 1, 42),
(43, 1, 43),
(44, 1, 44),
(45, 1, 45),
(46, 1, 46),
(47, 1, 47),
(48, 1, 48),
(49, 1, 49),
(50, 1, 50),
(51, 1, 51),
(52, 1, 52),
(53, 1, 53),
(54, 1, 54),
(55, 1, 55),
(56, 1, 56),
(57, 1, 57),
(58, 1, 58),
(59, 1, 59),
(60, 1, 60),
(61, 1, 61),
(62, 1, 62),
(63, 1, 63),
(64, 1, 64),
(65, 1, 65),
(66, 1, 66),
(67, 1, 67),
(68, 1, 68),
(69, 1, 69),
(70, 1, 70),
(71, 1, 71),
(72, 1, 72),
(73, 1, 73),
(74, 1, 74),
(75, 1, 75),
(81, 2, 53),
(82, 2, 54),
(83, 2, 55),
(84, 2, 56),
(85, 2, 57),
(86, 2, 50),
(87, 2, 51),
(88, 2, 52),
(90, 2, 69),
(91, 2, 70),
(92, 2, 71),
(93, 2, 72),
(94, 2, 73),
(95, 2, 34),
(96, 2, 35),
(98, 2, 29),
(99, 2, 58),
(101, 4, 14),
(102, 4, 15),
(103, 4, 16),
(104, 4, 49),
(105, 4, 17),
(106, 4, 59),
(107, 4, 31),
(108, 4, 27),
(109, 4, 32),
(110, 4, 33),
(111, 6, 60),
(112, 6, 61),
(113, 6, 62),
(114, 6, 63),
(115, 8, 64),
(116, 8, 65),
(117, 8, 66),
(118, 8, 67),
(119, 8, 68),
(120, 1, 76),
(121, 1, 77),
(122, 1, 78),
(123, 1, 79),
(124, 1, 80),
(125, 1, 81),
(126, 1, 82),
(127, 1, 83),
(128, 1, 84),
(129, 1, 85),
(130, 1, 86),
(131, 1, 87),
(132, 1, 88),
(133, 1, 89),
(134, 1, 90),
(135, 1, 91),
(136, 1, 92),
(137, 1, 93),
(138, 1, 94),
(139, 1, 95),
(140, 1, 96),
(141, 1, 97),
(142, 1, 98),
(143, 1, 99),
(144, 1, 100),
(145, 1, 101),
(146, 1, 102),
(147, 1, 103),
(148, 1, 104),
(149, 1, 105),
(150, 1, 106),
(151, 1, 107),
(152, 1, 108),
(153, 1, 109),
(154, 1, 110),
(155, 6, 42),
(156, 6, 43),
(159, 6, 46),
(160, 6, 47),
(165, 6, 40),
(166, 6, 41),
(167, 4, 18),
(169, 4, 20),
(170, 2, 18),
(171, 2, 19),
(172, 2, 20),
(173, 9, 14),
(174, 9, 15),
(175, 9, 16),
(176, 9, 49),
(177, 9, 17),
(178, 9, 59),
(179, 9, 31),
(180, 9, 27),
(181, 9, 32),
(182, 9, 33),
(183, 9, 50),
(184, 9, 51),
(185, 9, 52),
(186, 9, 74),
(187, 9, 60),
(188, 9, 61),
(189, 9, 62),
(190, 9, 63),
(191, 9, 64),
(192, 9, 65),
(193, 9, 66),
(194, 9, 67),
(195, 9, 68),
(196, 9, 69),
(197, 9, 70),
(198, 9, 71),
(199, 9, 72),
(200, 9, 73),
(201, 9, 34),
(202, 9, 35),
(203, 9, 30),
(204, 9, 29),
(205, 9, 53),
(206, 9, 54),
(207, 9, 55),
(208, 9, 56),
(209, 9, 57),
(210, 9, 58),
(211, 9, 75),
(212, 9, 42),
(213, 9, 43),
(214, 9, 44),
(215, 9, 45),
(216, 9, 46),
(217, 9, 47),
(218, 9, 36),
(219, 9, 37),
(220, 9, 38),
(221, 9, 39),
(222, 9, 18),
(223, 9, 19),
(224, 9, 20),
(225, 9, 21),
(226, 9, 22),
(227, 9, 23),
(228, 9, 40),
(229, 9, 41),
(230, 9, 24),
(231, 9, 25),
(232, 9, 26),
(233, 9, 48),
(234, 9, 28),
(235, 9, 1),
(236, 9, 2),
(237, 9, 3),
(238, 9, 4),
(239, 9, 8),
(240, 9, 5),
(241, 2, 1),
(242, 2, 2),
(243, 2, 3),
(244, 2, 5),
(245, 4, 1),
(246, 4, 2),
(247, 4, 3),
(248, 4, 5),
(249, 6, 1),
(250, 6, 2),
(251, 6, 3),
(252, 6, 5),
(253, 8, 1),
(254, 8, 2),
(255, 8, 3),
(256, 8, 5),
(257, 1, 111),
(258, 1, 112),
(259, 2, 14),
(260, 2, 15),
(261, 2, 16),
(262, 2, 49),
(263, 2, 17),
(283, 1, 113),
(284, 1, 114),
(285, 1, 115),
(286, 1, 116),
(287, 1, 117),
(288, 8, 69),
(289, 8, 70),
(290, 10, 64),
(291, 10, 65),
(292, 10, 66),
(293, 10, 67),
(294, 10, 68),
(297, 10, 1),
(299, 2, 74),
(306, 11, 53),
(310, 11, 57),
(311, 8, 14),
(312, 8, 59),
(313, 12, 14),
(314, 12, 59),
(347, 2, 116),
(348, 2, 111),
(349, 2, 112),
(350, 4, 50),
(351, 4, 51),
(352, 4, 52),
(353, 4, 74),
(354, 4, 53),
(355, 4, 54),
(356, 4, 55),
(357, 4, 56),
(358, 4, 69),
(359, 4, 70),
(360, 4, 71),
(361, 4, 72),
(362, 4, 73),
(363, 1, 118),
(364, 1, 119),
(365, 1, 120),
(366, 1, 121),
(367, 1, 122),
(368, 1, 123),
(369, 6, 118),
(370, 6, 119),
(371, 6, 120),
(372, 6, 121),
(375, 2, 118),
(376, 2, 123),
(377, 2, 24),
(378, 2, 28),
(379, 6, 122),
(380, 3, 14),
(381, 3, 17),
(382, 3, 69),
(383, 3, 70),
(384, 3, 71),
(385, 3, 72),
(386, 3, 73),
(387, 3, 1),
(388, 3, 5),
(389, 2, 64),
(390, 2, 68),
(391, 1, 124),
(392, 2, 124),
(393, 1, 125),
(394, 1, 126),
(395, 1, 127),
(396, 1, 128),
(397, 1, 129),
(398, 1, 130),
(399, 1, 131),
(400, 11, 116),
(401, 11, 111),
(402, 11, 112),
(403, 11, 58),
(404, 11, 75),
(405, 11, 1),
(406, 11, 5),
(407, 14, 14),
(408, 14, 15),
(409, 14, 16),
(410, 14, 49),
(411, 14, 17),
(412, 14, 59),
(413, 14, 50),
(414, 14, 51),
(415, 14, 52),
(416, 14, 74),
(417, 14, 124),
(418, 14, 53),
(419, 14, 54),
(420, 14, 55),
(421, 14, 56),
(422, 14, 18),
(423, 14, 19),
(424, 14, 20),
(425, 14, 1),
(426, 14, 5),
(427, 11, 14),
(428, 11, 15),
(429, 11, 16),
(430, 11, 49),
(431, 11, 17),
(432, 11, 59),
(433, 11, 31),
(434, 11, 126),
(435, 11, 27),
(436, 11, 32),
(437, 11, 33),
(438, 11, 50),
(439, 11, 51),
(440, 11, 52),
(441, 11, 74),
(442, 11, 124),
(443, 11, 60),
(444, 11, 61),
(445, 11, 62),
(446, 11, 63),
(447, 11, 118),
(448, 11, 119),
(449, 11, 120),
(450, 11, 121),
(451, 11, 122),
(452, 11, 123),
(453, 11, 127),
(454, 11, 128),
(455, 11, 129),
(456, 11, 130),
(457, 11, 64),
(458, 11, 65),
(459, 11, 66),
(460, 11, 67),
(461, 11, 68),
(462, 11, 69),
(463, 11, 70),
(464, 11, 71),
(465, 11, 72),
(466, 11, 73),
(467, 11, 34),
(468, 11, 35),
(469, 11, 30),
(470, 11, 29),
(471, 11, 54),
(472, 11, 55),
(473, 11, 56),
(474, 11, 42),
(475, 11, 43),
(476, 11, 44),
(477, 11, 45),
(478, 11, 46),
(479, 11, 47),
(480, 11, 36),
(481, 11, 37),
(482, 11, 38),
(483, 11, 39),
(484, 11, 18),
(485, 11, 19),
(486, 11, 20),
(487, 11, 21),
(488, 11, 22),
(489, 11, 23),
(490, 11, 40),
(491, 11, 41),
(492, 11, 113),
(493, 11, 114),
(494, 11, 115),
(495, 11, 117),
(496, 11, 125),
(497, 11, 131),
(498, 11, 24),
(499, 11, 25),
(500, 11, 26),
(501, 11, 48),
(502, 11, 28),
(503, 11, 2),
(504, 11, 3),
(505, 11, 4),
(506, 11, 8),
(507, 4, 19),
(508, 1, 132),
(509, 1, 133),
(510, 2, 66),
(511, 2, 67),
(512, 2, 132),
(513, 2, 133),
(514, 4, 132),
(515, 4, 133),
(516, 6, 126),
(517, 6, 128),
(518, 9, 124),
(519, 9, 126),
(520, 9, 118),
(521, 9, 119),
(522, 9, 120),
(523, 9, 121),
(524, 9, 122),
(525, 9, 123),
(526, 9, 127),
(527, 9, 128),
(528, 9, 129),
(529, 9, 130),
(530, 9, 132),
(531, 9, 133),
(532, 9, 116),
(533, 9, 111),
(534, 9, 112),
(535, 9, 113),
(536, 9, 114),
(537, 9, 115),
(538, 9, 117),
(539, 9, 125),
(540, 9, 131),
(541, 16, 14),
(542, 16, 15),
(543, 16, 16),
(544, 16, 49),
(545, 16, 17),
(546, 16, 59),
(547, 16, 31),
(548, 16, 27),
(549, 16, 32),
(550, 16, 33),
(551, 16, 50),
(552, 16, 51),
(553, 16, 52),
(554, 16, 74),
(555, 16, 124),
(556, 16, 69),
(557, 16, 70),
(558, 16, 71),
(559, 16, 72),
(560, 16, 73),
(561, 16, 53),
(562, 16, 54),
(563, 16, 55),
(564, 16, 56),
(565, 16, 132),
(566, 16, 133),
(567, 16, 42),
(568, 16, 43),
(569, 16, 44),
(570, 16, 36),
(571, 16, 37),
(572, 16, 38),
(573, 16, 39),
(574, 16, 18),
(575, 16, 19),
(576, 16, 20),
(577, 16, 1),
(578, 16, 2),
(579, 16, 3),
(580, 16, 5),
(581, 6, 45),
(582, 17, 14),
(583, 17, 15),
(584, 17, 16),
(585, 17, 49),
(586, 17, 17),
(587, 17, 50),
(588, 17, 51),
(589, 17, 52),
(590, 17, 74),
(591, 17, 124),
(594, 17, 69),
(595, 17, 70),
(596, 17, 71),
(597, 17, 72),
(598, 17, 73),
(599, 17, 34),
(600, 17, 35),
(601, 17, 30),
(602, 17, 29),
(603, 17, 53),
(604, 17, 54),
(605, 17, 55),
(606, 17, 56),
(607, 17, 132),
(608, 17, 133),
(609, 17, 57),
(610, 17, 116),
(613, 17, 112),
(614, 17, 58),
(615, 17, 75),
(616, 17, 18),
(617, 17, 19),
(618, 17, 20),
(619, 17, 24),
(620, 17, 28),
(621, 17, 1),
(623, 17, 3),
(625, 17, 2),
(626, 17, 5),
(627, 18, 14),
(628, 18, 15),
(629, 18, 16),
(630, 18, 49),
(631, 18, 17),
(632, 18, 50),
(633, 18, 51),
(634, 18, 52),
(635, 18, 74),
(636, 18, 124),
(637, 18, 69),
(638, 18, 70),
(639, 18, 71),
(640, 18, 72),
(641, 18, 73),
(642, 18, 34),
(643, 18, 35),
(644, 18, 30),
(645, 18, 29),
(646, 18, 18),
(647, 18, 19),
(648, 18, 20),
(649, 18, 21),
(650, 18, 22),
(651, 18, 23),
(655, 18, 24),
(656, 18, 28),
(657, 18, 1),
(658, 18, 2),
(659, 18, 3),
(660, 18, 5),
(661, 18, 118),
(662, 18, 123),
(663, 18, 53),
(664, 18, 55),
(665, 18, 56),
(666, 18, 57),
(667, 18, 112),
(668, 18, 116),
(669, 2, 59),
(670, 6, 14),
(671, 6, 17),
(672, 6, 129),
(673, 17, 42),
(674, 17, 45),
(675, 2, 65),
(676, 19, 14),
(677, 19, 17),
(678, 19, 59),
(680, 19, 118),
(681, 19, 121),
(682, 19, 122),
(683, 1, 134),
(684, 1, 135),
(685, 1, 136),
(686, 1, 137),
(687, 1, 138),
(688, 1, 139),
(689, 4, 113),
(690, 4, 139),
(691, 1, 140),
(692, 1, 141);

-- --------------------------------------------------------

--
-- 表的结构 `j_usergroup_role`
--

CREATE TABLE `j_usergroup_role` (
  `ur_id` int(10) UNSIGNED NOT NULL COMMENT 'v',
  `ur_usergroup_id` smallint(4) UNSIGNED NOT NULL COMMENT '用户组',
  `ur_role_id` smallint(4) UNSIGNED NOT NULL COMMENT '角色'
) ENGINE=InnoDB DEFAULT CHARSET=utf8 COMMENT='用户组角色';

--
-- 转存表中的数据 `j_usergroup_role`
--

INSERT INTO `j_usergroup_role` (`ur_id`, `ur_usergroup_id`, `ur_role_id`) VALUES
(1, 1, 1),
(4, 22, 1),
(5, 1, 2),
(6, 1, 3),
(8, 1, 4),
(11, 24, 4),
(13, 23, 3),
(14, 23, 4),
(15, 1, 8),
(16, 21, 8),
(17, 1, 9),
(18, 1, 10),
(21, 1, 11),
(25, 27, 11),
(26, 1, 12),
(27, 1, 13),
(28, 1, 14),
(29, 25, 9),
(30, 25, 10),
(31, 25, 11),
(32, 25, 12),
(33, 25, 13),
(34, 25, 14),
(35, 28, 12),
(36, 29, 13),
(37, 30, 14),
(38, 26, 10);

-- --------------------------------------------------------

--
-- 表的结构 `j_user_status`
--

CREATE TABLE `j_user_status` (
  `us_name` tinyint(2) UNSIGNED NOT NULL COMMENT 'v',
  `us_label` varchar(32) NOT NULL COMMENT 'Label'
) ENGINE=InnoDB DEFAULT CHARSET=utf8 COMMENT='用户状态';

--
-- 转存表中的数据 `j_user_status`
--

INSERT INTO `j_user_status` (`us_name`, `us_label`) VALUES
(0, '停用'),
(1, '正常'),
(2, '休假');

-- --------------------------------------------------------

--
-- 表的结构 `j_visit`
--

CREATE TABLE `j_visit` (
  `v_id` smallint(4) UNSIGNED NOT NULL COMMENT 'v',
  `v_directory` varchar(64) DEFAULT NULL COMMENT '路径',
  `v_controller` varchar(64) NOT NULL COMMENT '控制器',
  `v_method` varchar(64) DEFAULT NULL COMMENT '方法',
  `v_name` varchar(64) NOT NULL COMMENT '名称',
  `v_url` varchar(128) NOT NULL COMMENT 'Url'
) ENGINE=InnoDB DEFAULT CHARSET=utf8 COMMENT='访问控制';

--
-- 转存表中的数据 `j_visit`
--

INSERT INTO `j_visit` (`v_id`, `v_directory`, `v_controller`, `v_method`, `v_name`, `v_url`) VALUES
(3, 'order', 'order', 'null', '经销商获取订单', '/order/order/read_order_num'),
(4, NULL, 'order', NULL, '订单列表', '/order/order/read');

-- --------------------------------------------------------

--
-- 表的结构 `j_warehouse`
--

CREATE TABLE `j_warehouse` (
  `w_num` char(32) NOT NULL COMMENT 'v',
  `w_warehouse_shelve_num` char(4) NOT NULL COMMENT '货架编号',
  `w_width` smallint(4) UNSIGNED NOT NULL DEFAULT '0' COMMENT '列编号',
  `w_height` smallint(2) UNSIGNED NOT NULL DEFAULT '0' COMMENT '层编号',
  `w_min` float(10,2) UNSIGNED NOT NULL DEFAULT '0.00' COMMENT '最小容量',
  `w_max` float(10,2) UNSIGNED NOT NULL DEFAULT '0.00' COMMENT '最大容量',
  `w_status` tinyint(1) NOT NULL DEFAULT '1' COMMENT '状态'
) ENGINE=InnoDB DEFAULT CHARSET=utf8 COMMENT='库位';

--
-- 转存表中的数据 `j_warehouse`
--

INSERT INTO `j_warehouse` (`w_num`, `w_warehouse_shelve_num`, `w_width`, `w_height`, `w_min`, `w_max`, `w_status`) VALUES
('A-A-1-1', 'A', 1, 1, 80.00, 100.00, 1),
('A-A-1-2', 'A', 1, 2, 50.00, 80.00, 1),
('A-A-1-3', 'A', 1, 3, 0.00, 50.00, 1),
('A-A-1-4', 'A', 1, 4, 0.00, 50.00, 1),
('A-A-2-1', 'A', 2, 1, 80.00, 100.00, 1),
('A-A-2-2', 'A', 2, 2, 50.00, 80.00, 1),
('A-A-2-3', 'A', 2, 3, 0.00, 50.00, 1),
('A-A-2-4', 'A', 2, 4, 0.00, 50.00, 1),
('A-A-3-1', 'A', 3, 1, 80.00, 100.00, 1),
('A-A-3-2', 'A', 3, 2, 50.00, 80.00, 1),
('A-A-3-3', 'A', 3, 3, 0.00, 50.00, 1),
('A-A-3-4', 'A', 3, 4, 0.00, 50.00, 1),
('A-A-4-1', 'A', 4, 1, 80.00, 100.00, 1),
('A-A-4-2', 'A', 4, 2, 50.00, 80.00, 1),
('A-A-4-3', 'A', 4, 3, 0.00, 50.00, 1),
('A-A-4-4', 'A', 4, 4, 0.00, 50.00, 1);

-- --------------------------------------------------------

--
-- 表的结构 `j_warehouse_area`
--

CREATE TABLE `j_warehouse_area` (
  `wa_num` char(2) NOT NULL COMMENT 'v',
  `wa_status` tinyint(1) UNSIGNED NOT NULL DEFAULT '1' COMMENT '状态'
) ENGINE=InnoDB DEFAULT CHARSET=utf8 COMMENT='仓库';

--
-- 转存表中的数据 `j_warehouse_area`
--

INSERT INTO `j_warehouse_area` (`wa_num`, `wa_status`) VALUES
('A', 1),
('B', 1);

-- --------------------------------------------------------

--
-- 表的结构 `j_warehouse_order_product`
--

CREATE TABLE `j_warehouse_order_product` (
  `wop_id` int(10) UNSIGNED NOT NULL COMMENT 'v',
  `wop_warehouse_num` char(32) NOT NULL COMMENT '库位编号',
  `wop_order_product_id` int(10) NOT NULL COMMENT '订单产品',
  `wop_creator` int(10) NOT NULL COMMENT '入库人',
  `wop_create_datetime` datetime NOT NULL COMMENT '入库时间',
  `wop_picker` int(10) NOT NULL DEFAULT '0' COMMENT '拣货人',
  `wop_pick_datetime` datetime DEFAULT NULL COMMENT '拣货时间'
) ENGINE=InnoDB DEFAULT CHARSET=utf8 COMMENT='库位订单产品';

--
-- 转存表中的数据 `j_warehouse_order_product`
--

INSERT INTO `j_warehouse_order_product` (`wop_id`, `wop_warehouse_num`, `wop_order_product_id`, `wop_creator`, `wop_create_datetime`, `wop_picker`, `wop_pick_datetime`) VALUES
(1, 'A-A-1-1', 173, 1, '2018-06-01 00:00:00', 0, '2018-06-01 00:00:00');

-- --------------------------------------------------------

--
-- 表的结构 `j_warehouse_shelve`
--

CREATE TABLE `j_warehouse_shelve` (
  `ws_num` char(4) NOT NULL COMMENT 'v',
  `ws_width` smallint(4) NOT NULL COMMENT '货架宽度',
  `ws_height` smallint(4) NOT NULL COMMENT '货架高度',
  `ws_warehouse_area_num` char(2) NOT NULL COMMENT '所属仓库',
  `ws_remark` varchar(512) DEFAULT NULL COMMENT '备注',
  `ws_status` tinyint(1) UNSIGNED NOT NULL DEFAULT '1' COMMENT '状态'
) ENGINE=InnoDB DEFAULT CHARSET=utf8 COMMENT='货架';

--
-- 转存表中的数据 `j_warehouse_shelve`
--

INSERT INTO `j_warehouse_shelve` (`ws_num`, `ws_width`, `ws_height`, `ws_warehouse_area_num`, `ws_remark`, `ws_status`) VALUES
('A', 4, 4, 'A', '80-100\n50-80\n0-50\n0-50\ntest', 1);

-- --------------------------------------------------------

--
-- 表的结构 `j_warehouse_status`
--

CREATE TABLE `j_warehouse_status` (
  `ws_name` tinyint(2) UNSIGNED NOT NULL COMMENT 'v',
  `ws_label` varchar(32) NOT NULL COMMENT 'Label'
) ENGINE=InnoDB DEFAULT CHARSET=utf8 COMMENT='库位状态';

--
-- 转存表中的数据 `j_warehouse_status`
--

INSERT INTO `j_warehouse_status` (`ws_name`, `ws_label`) VALUES
(0, '停用'),
(1, '可用'),
(2, '占用');

-- --------------------------------------------------------

--
-- 表的结构 `j_wood_center`
--

CREATE TABLE `j_wood_center` (
  `wc_name` varchar(64) NOT NULL COMMENT 'v'
) ENGINE=InnoDB DEFAULT CHARSET=utf8 COMMENT='木框门中横';

--
-- 转存表中的数据 `j_wood_center`
--

INSERT INTO `j_wood_center` (`wc_name`) VALUES
('五五'),
('四六');

-- --------------------------------------------------------

--
-- 表的结构 `j_wood_plate`
--

CREATE TABLE `j_wood_plate` (
  `wp_name` varchar(32) NOT NULL COMMENT 'v',
  `wp_core` varchar(16) NOT NULL COMMENT '门芯'
) ENGINE=InnoDB DEFAULT CHARSET=utf8 COMMENT='木框门名称';

--
-- 转存表中的数据 `j_wood_plate`
--

INSERT INTO `j_wood_plate` (`wp_name`, `wp_core`) VALUES
('木框平板门', '平板'),
('木框玻璃门', '玻璃'),
('木框百叶门', '百叶');

-- --------------------------------------------------------

--
-- 表的结构 `j_workflow`
--

CREATE TABLE `j_workflow` (
  `w_id` smallint(4) UNSIGNED NOT NULL COMMENT 'v',
  `w_no` smallint(4) NOT NULL COMMENT '编号',
  `w_type` varchar(64) NOT NULL COMMENT '类型',
  `w_name` varchar(64) NOT NULL COMMENT '名称',
  `w_name_en` varchar(64) NOT NULL COMMENT 'EN',
  `w_file` varchar(64) NOT NULL COMMENT '执行文件'
) ENGINE=InnoDB DEFAULT CHARSET=utf8 COMMENT='工作流';

--
-- 转存表中的数据 `j_workflow`
--

INSERT INTO `j_workflow` (`w_id`, `w_no`, `w_type`, `w_name`, `w_name_en`, `w_file`) VALUES
(1, 1, 'order', '新建', 'create', 'Created_workflow'),
(2, 2, 'order', '正在拆单', 'dismantling', 'Dismantling_workflow'),
(3, 3, 'order', '全部拆单完毕', 'dismantled', 'Dismantled_workflow'),
(4, 4, 'order', '等待核价', 'check', 'Check_workflow'),
(5, 5, 'order', '正在核价', 'checking', 'Checking_workflow'),
(6, 6, 'order', '核价完毕', 'checked', 'Checked_workflow'),
(7, 1, 'order_product', '新建订单产品', 'create', 'Created_order_product_workflow'),
(8, 2, 'order_product', '正在拆订单产品', 'dismantling', 'Dismantling_order_product_workflow'),
(9, 3, 'order_product', '已拆订单产品', 'dismantled', 'Dismantled_order_product_workflow'),
(10, 7, 'order', '等待报价', 'quote', 'Quote_workflow'),
(11, 8, 'order', '已经报价', 'quoted', 'Quoted_workflow'),
(12, 9, 'order', '款到生产', 'money_produce', 'Money_produce_workflow'),
(13, 10, 'order', '等待确认', 'wait_asure', 'Wait_asure_workflow'),
(14, 11, 'order', '等待生产', 'produce', 'Produce_workflow'),
(15, 4, 'order_product', '订单产品正在生产', 'producing', 'Producing_order_product_workflow'),
(16, 12, 'order', '正在生产', 'producing', 'Producing_workflow'),
(17, 5, 'order_product', '订单产品正在包装', 'packing', 'Packing_order_product_workflow'),
(18, 6, 'order_product', '订单产品已经包装', 'packed', 'Packed_order_product_workflow'),
(19, 13, 'order', '正在入库', 'ining', 'Ining_workflow'),
(20, 14, 'order', '完全入库', 'ined', 'Ined_workflow'),
(21, 15, 'order', '款到发货', 'money_delivery', 'Money_delivery_workflow'),
(22, 16, 'order', '等待发货', 'delivery', 'Delivery_workflow'),
(23, 7, 'order_product', '订单产品已经入库', 'ined', 'Ined_order_product_workflow'),
(24, 17, 'order', '已发货', 'deliveried', 'Deliveried_workflow'),
(25, 18, 'order', '物流代收', 'money_logistics', 'Money_logistics_workflow'),
(26, 21, 'order', '已出厂', 'outted', 'Outted_workflow'),
(27, 0, 'order_product', '订单产品作废', 'remove', 'Remove'),
(28, 0, 'order', '订单作废', 'remove', 'Remove'),
(29, 1, 'order_product_classify', '计划', 'plan', 'Plan_workflow'),
(30, 2, 'order_product_classify', '电子锯', 'electric_saw', 'Electric_saw_workflow'),
(31, 3, 'order_product_classify', '推台锯', 'table_saw', 'Table_saw_workflow'),
(32, 4, 'order_product_classify', '异形', 'abnormity', 'Abnormity_workflow'),
(33, 5, 'order_product_classify', '封边', 'edge', 'Edge_workflow'),
(34, 6, 'order_product_classify', 'CNC', 'cnc', 'Cnc_workflow'),
(35, 7, 'order_product_classify', '排钻', 'punch', 'Punch_workflow'),
(36, 8, 'order_product_classify', '扫描', 'scan', 'Scan_workflow'),
(37, 19, 'order', '按月结款', 'money_month', 'Money_month_workflow'),
(38, 20, 'order', '到厂付款', 'money_factory', 'Money_factory_workflow');

-- --------------------------------------------------------

--
-- 表的结构 `j_workflow_mrp`
--

CREATE TABLE `j_workflow_mrp` (
  `wm_id` smallint(4) NOT NULL COMMENT 'v',
  `wm_name` varchar(64) NOT NULL COMMENT '名称',
  `wm_label` varchar(64) NOT NULL COMMENT 'Label',
  `wm_previous` varchar(128) DEFAULT NULL COMMENT '前置节点',
  `wm_next` varchar(128) DEFAULT NULL COMMENT '后置节点',
  `wm_file` varchar(64) NOT NULL COMMENT '执行文件',
  `wm_type` varchar(64) NOT NULL COMMENT '类型'
) ENGINE=InnoDB DEFAULT CHARSET=utf8 COMMENT='mrp工作流';

--
-- 转存表中的数据 `j_workflow_mrp`
--

INSERT INTO `j_workflow_mrp` (`wm_id`, `wm_name`, `wm_label`, `wm_previous`, `wm_next`, `wm_file`, `wm_type`) VALUES
(1, 'shear', '新建待排产', '', '', 'Shear_workflow', 'mrp'),
(2, 'sheared', '已排产', '1', '3', 'Sheared_workflow', 'mrp'),
(3, 'electronic_saw', '待下料', '2', '4', 'Electronic_saw_workflow', 'mrp'),
(4, 'electronic_sawed', '已下料', '3', '', 'Electronic_sawed_workflow', 'mrp');

-- --------------------------------------------------------

--
-- 表的结构 `j_workflow_mrp_msg`
--

CREATE TABLE `j_workflow_mrp_msg` (
  `wmm_id` int(10) UNSIGNED NOT NULL COMMENT 'v',
  `wmm_mrp_id` int(10) UNSIGNED NOT NULL COMMENT 'MRPV',
  `wmm_creator` int(10) NOT NULL COMMENT '创建人',
  `wmm_create_datetime` datetime NOT NULL COMMENT '创建时间',
  `wmm_msg` varchar(128) NOT NULL COMMENT '信息',
  `wmm_workflow_mrp_id` smallint(4) NOT NULL COMMENT '状态节点',
  `wmm_previous` smallint(4) NOT NULL DEFAULT '0' COMMENT '前置节点',
  `wmm_target` varchar(128) DEFAULT NULL COMMENT '操作对象',
  `wmm_timestamp` double(20,10) UNSIGNED NOT NULL DEFAULT '0.0000000000' COMMENT '排序',
  `wmm_status` tinyint(1) UNSIGNED NOT NULL DEFAULT '1' COMMENT '是否有效'
) ENGINE=InnoDB DEFAULT CHARSET=utf8 COMMENT='mrp工作流信息';

--
-- 转存表中的数据 `j_workflow_mrp_msg`
--

INSERT INTO `j_workflow_mrp_msg` (`wmm_id`, `wmm_mrp_id`, `wmm_creator`, `wmm_create_datetime`, `wmm_msg`, `wmm_workflow_mrp_id`, `wmm_previous`, `wmm_target`, `wmm_timestamp`, `wmm_status`) VALUES
(1, 1, 1, '2018-06-20 02:55:22', '新建待排产', 1, 0, NULL, 4.0000000000, 1),
(2, 1, 1, '2018-06-20 02:55:22', '已排产', 2, 0, NULL, 4.0000000000, 1),
(3, 1, 1, '2018-06-20 02:55:22', '等待下料', 3, 0, NULL, 4.0000000000, 1),
(4, 2, 1, '2018-06-20 03:05:29', '新建待排产', 1, 0, NULL, 4.0000000000, 1),
(5, 3, 1, '2018-06-20 03:09:12', '新建待排产', 1, 0, NULL, 4.0000000000, 1),
(6, 3, 1, '2018-06-20 03:09:12', '已排产 下料安排巴巴', 2, 0, NULL, 4.0000000000, 1),
(7, 3, 1, '2018-06-20 03:09:12', '等待下料', 3, 0, NULL, 4.0000000000, 1),
(8, 4, 1, '2018-06-20 03:19:20', '新建待排产', 1, 0, NULL, 4.0000000000, 1),
(9, 5, 1, '2018-06-20 03:19:29', '新建待排产', 1, 0, NULL, 4.0000000000, 1),
(10, 2, 1, '2018-06-20 03:21:14', '已排产 ', 2, 0, NULL, 4.0000000000, 1),
(11, 4, 1, '2018-06-20 03:21:14', '已排产 ', 2, 0, NULL, 4.0000000000, 1),
(12, 5, 1, '2018-06-20 03:21:14', '已排产 ', 2, 0, NULL, 4.0000000000, 1),
(13, 2, 1, '2018-06-20 03:21:14', '等待下料', 3, 0, NULL, 4.0000000000, 1),
(14, 4, 1, '2018-06-20 03:21:14', '等待下料', 3, 0, NULL, 4.0000000000, 1),
(15, 5, 1, '2018-06-20 03:21:14', '等待下料', 3, 0, NULL, 4.0000000000, 1),
(16, 4, 1, '2018-06-20 03:55:46', 'MRP作废', 0, 0, NULL, 4.0000000000, 1),
(17, 2, 1, '2018-06-20 05:31:46', '已下料', 4, 0, NULL, 4.0000000000, 1),
(18, 5, 1, '2018-06-20 05:31:46', '已下料', 4, 0, NULL, 4.0000000000, 1),
(19, 6, 30, '2018-08-24 10:28:40', '新建待排产201808240118多层板古典红木R', 1, 0, NULL, 1553392512.0000000000, 1),
(20, 7, 30, '2018-08-24 10:30:41', '新建待排产201808240118多层板古典红木R', 1, 0, NULL, 1571574784.0000000000, 1),
(21, 7, 1, '2018-08-24 11:58:38', '已排产 18多层板古典红木R', 2, 0, NULL, 1594339072.0000000000, 1),
(22, 7, 1, '2018-08-24 11:58:38', '等待下料18多层板古典红木R', 3, 0, NULL, 1594803712.0000000000, 1),
(23, 7, 1, '2018-08-24 14:56:51', '岗位变动或安排出错，重新安排下料工人!18多层板古典红木R', 1, 0, NULL, 1569657984.0000000000, 1),
(24, 7, 1, '2018-08-24 14:57:02', '已排产 18多层板古典红木R', 2, 0, NULL, 1634914560.0000000000, 1),
(25, 7, 1, '2018-08-24 14:57:03', '等待下料18多层板古典红木R', 3, 0, NULL, 1535321856.0000000000, 1),
(26, 7, 1, '2018-08-24 15:06:45', '已下料', 4, 0, NULL, 1553651712.0000000000, 1),
(27, 7, 1, '2018-08-24 15:17:09', '已下料', 4, 0, NULL, 1622692608.0000000000, 1),
(28, 7, 1, '2018-08-24 15:18:13', '已下料', 4, 0, NULL, 1599041536.0000000000, 1),
(29, 7, 1, '2018-08-24 15:19:04', '已下料', 4, 0, NULL, 1588597248.0000000000, 1),
(30, 7, 1, '2018-08-24 15:20:04', '已下料', 4, 0, NULL, 1540662656.0000000000, 1),
(31, 7, 1, '2018-08-24 15:21:23', '已下料', 4, 0, NULL, 1622857472.0000000000, 1),
(32, 7, 1, '2018-08-24 15:25:13', '已下料', 4, 0, NULL, 1590971136.0000000000, 1),
(33, 8, 30, '2018-08-24 15:43:22', '已经上传SAW文件, 等待排产201808240218多层板古典红木R', 1, 0, NULL, 1544374144.0000000000, 1),
(34, 9, 30, '2018-08-24 15:43:22', '已经上传SAW文件, 等待排产20180824025多层板古典红木R', 1, 0, NULL, 1545143552.0000000000, 1),
(35, 8, 1, '2018-08-24 15:45:58', '已排产 18多层板古典红木R5多层板古典红木R', 2, 0, NULL, 1632675072.0000000000, 1),
(36, 9, 1, '2018-08-24 15:45:58', '已排产 18多层板古典红木R5多层板古典红木R', 2, 0, NULL, 1632676608.0000000000, 1),
(37, 8, 1, '2018-08-24 15:45:59', '等待下料18多层板古典红木R5多层板古典红木R', 3, 0, NULL, 1536884992.0000000000, 1),
(38, 9, 1, '2018-08-24 15:45:59', '等待下料18多层板古典红木R5多层板古典红木R', 3, 0, NULL, 1536886272.0000000000, 1),
(39, 8, 1, '2018-08-24 15:46:19', '已下料', 4, 0, NULL, 1622755200.0000000000, 1),
(40, 9, 1, '2018-08-24 15:46:19', '已下料', 4, 0, NULL, 1622756608.0000000000, 1),
(41, 7, 1, '2018-08-24 15:54:19', '已下料', 4, 0, NULL, 1621291520.0000000000, 1),
(42, 8, 1, '2018-08-24 15:55:03', '已下料', 4, 0, NULL, 1630600704.0000000000, 1),
(43, 9, 1, '2018-08-24 15:55:03', '已下料', 4, 0, NULL, 1630602112.0000000000, 1),
(44, 8, 1, '2018-08-24 15:56:20', '已下料', 4, 0, NULL, 1573060224.0000000000, 1),
(45, 9, 1, '2018-08-24 15:56:20', '已下料', 4, 0, NULL, 1573061632.0000000000, 1),
(46, 10, 30, '2018-08-24 16:10:26', '已经上传SAW文件, 等待排产201808240318多层板古典红木R', 1, 0, NULL, 1556122880.0000000000, 1),
(47, 11, 30, '2018-08-24 16:10:26', '已经上传SAW文件, 等待排产20180824035多层板古典红木R', 1, 0, NULL, 1556571392.0000000000, 1),
(48, 10, 1, '2018-08-24 16:27:49', '已排产 18多层板古典红木R5多层板古典红木R', 2, 0, NULL, 1627164544.0000000000, 1),
(49, 11, 1, '2018-08-24 16:27:49', '已排产 18多层板古典红木R5多层板古典红木R', 2, 0, NULL, 1627166080.0000000000, 1),
(50, 10, 1, '2018-08-24 16:27:49', '等待下料18多层板古典红木R5多层板古典红木R', 3, 0, NULL, 1632577920.0000000000, 1),
(51, 11, 1, '2018-08-24 16:27:49', '等待下料18多层板古典红木R5多层板古典红木R', 3, 0, NULL, 1632579840.0000000000, 1),
(52, 10, 1, '2018-08-24 16:28:59', '已下料', 4, 0, NULL, 1542918400.0000000000, 1),
(53, 11, 1, '2018-08-24 16:28:59', '已下料', 4, 0, NULL, 1542920832.0000000000, 1);

-- --------------------------------------------------------

--
-- 表的结构 `j_workflow_msg`
--

CREATE TABLE `j_workflow_msg` (
  `wm_id` int(10) UNSIGNED NOT NULL COMMENT 'v',
  `wm_model` varchar(64) NOT NULL COMMENT 'Model',
  `wm_source_id` int(10) UNSIGNED NOT NULL COMMENT '原Id',
  `wm_creator` int(10) UNSIGNED NOT NULL COMMENT '创建人',
  `wm_create_datetime` datetime NOT NULL COMMENT '创建日期',
  `wm_msg` varchar(1024) DEFAULT NULL COMMENT '信息',
  `wm_status` smallint(4) UNSIGNED NOT NULL COMMENT '状态'
) ENGINE=InnoDB DEFAULT CHARSET=utf8 COMMENT='工作流信息';

-- --------------------------------------------------------

--
-- 表的结构 `j_workflow_order`
--

CREATE TABLE `j_workflow_order` (
  `wo_id` smallint(4) NOT NULL COMMENT 'v',
  `wo_name` varchar(64) NOT NULL COMMENT '名称',
  `wo_label` varchar(64) NOT NULL COMMENT 'Label',
  `wo_previous` varchar(128) DEFAULT NULL COMMENT '前置节点',
  `wo_next` varchar(128) DEFAULT NULL COMMENT '后置节点',
  `wo_file` varchar(64) NOT NULL COMMENT '执行文件'
) ENGINE=InnoDB DEFAULT CHARSET=utf8 COMMENT='订单工作流';

--
-- 转存表中的数据 `j_workflow_order`
--

INSERT INTO `j_workflow_order` (`wo_id`, `wo_name`, `wo_label`, `wo_previous`, `wo_next`, `wo_file`) VALUES
(0, 'remove', '订单作废', '', '', 'Remove'),
(1, 'create', '新建订单', '', '', 'Create_workflow'),
(2, 'dismantling', '正在拆单', '', '', 'Dismantling_workflow'),
(3, 'dismantled', '全部拆单', '', '', 'Dismantled_workflow'),
(4, 'valuate', '等待计价', '', '', 'Valuate_workflow'),
(5, 'valuating', '正在计价', '', '', 'Valuating_workflow'),
(6, 'valuated', '完成计价', '', '', 'Valuated_workflow'),
(7, 'check', '等待财务审核', '', '', 'Check_workflow'),
(8, 'checked', '财务确认', '', '', 'Checked_workflow'),
(9, 'wait_sure', '等待确认生产', '', '', 'Wait_sure_workflow'),
(10, 'produce', '等待生产', '', '', 'Produce_workflow'),
(11, 'pre_produce', '生产准备', '', '', 'Pre_produce_workflow'),
(12, 'producing', '正在生产', '', '', 'Producing_workflow'),
(13, 'inning', '正在入库', '', '', 'Inning_workflow'),
(14, 'inned', '完全入库', '', '', 'Inned_workflow'),
(15, 'wait_delivery', '等待安排发货', '', '', 'Wait_delivery_workflow'),
(16, 'delivering', '部分发货', '', '', 'Delivering_workflow'),
(17, 'delivered', '已发货', '', '', 'Delivered_workflow'),
(18, 'blank_note', '发货白条', '', '', 'Blank_note_workflow'),
(19, 'money_logistics', '物流代收', '', '', 'Money_logistics_workflow'),
(20, 'outed', '已出厂', '', '', 'Outed_workflow');

-- --------------------------------------------------------

--
-- 表的结构 `j_workflow_order_msg`
--

CREATE TABLE `j_workflow_order_msg` (
  `wom_id` int(10) UNSIGNED NOT NULL COMMENT 'v',
  `wom_order_id` int(10) UNSIGNED NOT NULL COMMENT '订单V',
  `wom_workflow_order_id` smallint(4) NOT NULL COMMENT '工作流v',
  `wom_msg` varchar(128) NOT NULL COMMENT 'Msg',
  `wom_previous` smallint(4) NOT NULL DEFAULT '0' COMMENT '前置节点',
  `wom_creator` int(10) NOT NULL COMMENT '创建人',
  `wom_create_datetime` datetime NOT NULL COMMENT '创建日期',
  `wom_target` varchar(128) DEFAULT NULL COMMENT '操作对象',
  `wom_timestamp` double(20,10) UNSIGNED NOT NULL DEFAULT '0.0000000000' COMMENT '排序',
  `wom_status` tinyint(1) UNSIGNED NOT NULL DEFAULT '1' COMMENT '是否有效'
) ENGINE=InnoDB DEFAULT CHARSET=utf8 COMMENT='订单工作流信息';

--
-- 转存表中的数据 `j_workflow_order_msg`
--

INSERT INTO `j_workflow_order_msg` (`wom_id`, `wom_order_id`, `wom_workflow_order_id`, `wom_msg`, `wom_previous`, `wom_creator`, `wom_create_datetime`, `wom_target`, `wom_timestamp`, `wom_status`) VALUES
(1, 5, 1, '新建订单', 0, 1, '2018-08-06 18:10:03', NULL, 1.0000000000, 1),
(2, 6, 1, '新建订单', 0, 1, '2018-08-06 19:30:54', NULL, 1.0000000000, 1),
(3, 7, 1, '新建订单', 0, 1, '2018-08-06 19:32:04', NULL, 1.0000000000, 1),
(4, 8, 1, '新建订单', 0, 1, '2018-08-06 19:33:25', NULL, 1.0000000000, 1),
(5, 9, 1, '新建订单', 0, 1, '2018-08-06 19:34:05', NULL, 1.0000000000, 1),
(6, 10, 1, '新建订单', 0, 1, '2018-08-06 19:34:23', NULL, 1.0000000000, 1),
(7, 11, 1, '新建订单', 0, 1, '2018-08-06 19:36:42', NULL, 1.0000000000, 1),
(8, 12, 1, '新建订单', 0, 1, '2018-08-06 19:37:11', NULL, 1.0000000000, 1),
(9, 13, 1, '新建订单', 0, 1, '2018-08-06 19:39:02', NULL, 1.0000000000, 1),
(10, 14, 1, '新建订单', 0, 1, '2018-08-06 19:39:46', NULL, 1.0000000000, 1),
(11, 15, 1, '新建订单', 0, 1, '2018-08-06 19:41:00', NULL, 1.0000000000, 1),
(12, 16, 1, '新建订单', 0, 1, '2018-08-06 19:47:23', NULL, 1.0000000000, 1),
(13, 17, 1, '新建订单', 0, 1, '2018-08-06 19:48:51', NULL, 1.0000000000, 1),
(14, 18, 1, '新建订单', 0, 1, '2018-08-06 19:52:00', NULL, 1.0000000000, 1),
(15, 19, 1, '新建订单', 0, 1, '2018-08-06 19:52:30', NULL, 1.0000000000, 1),
(16, 20, 1, '新建订单', 0, 1, '2018-08-06 19:53:37', NULL, 1.0000000000, 1),
(17, 21, 1, '新建订单', 0, 1, '2018-08-06 20:32:20', NULL, 1.0000000000, 1),
(18, 22, 1, '新建订单', 0, 1, '2018-08-06 20:38:41', NULL, 1.0000000000, 1),
(19, 24, 1, '新建订单', 0, 1, '2018-08-06 21:25:20', NULL, 1.0000000000, 1),
(20, 25, 1, '新建订单', 0, 1, '2018-08-06 21:35:59', NULL, 1.0000000000, 1),
(21, 5, -2, '修改了订单基本信息', 0, 1, '2018-08-07 09:12:44', NULL, 1.0000000000, 1),
(22, 5, -2, '修改了订单基本信息', 0, 1, '2018-08-07 11:57:33', NULL, 1.0000000000, 1),
(23, 5, 2, '正在订单', 0, 1, '2018-08-10 09:40:35', NULL, 1.0000000000, 1),
(24, 5, 2, '正在订单', 0, 1, '2018-08-10 09:44:55', NULL, 1.0000000000, 1),
(25, 5, 2, '正在订单', 0, 1, '2018-08-10 09:48:32', NULL, 1.0000000000, 1),
(26, 5, 2, '正在订单', 0, 1, '2018-08-10 11:08:59', NULL, 1.0000000000, 1),
(27, 5, 2, '正在订单', 0, 1, '2018-08-10 11:11:15', NULL, 1.0000000000, 1),
(28, 5, 2, '正在订单', 0, 1, '2018-08-10 11:11:50', NULL, 1.0000000000, 1),
(29, 5, 2, '正在订单', 0, 1, '2018-08-10 19:55:31', NULL, 1.0000000000, 1),
(30, 5, 2, '正在订单', 0, 1, '2018-08-10 20:06:29', NULL, 1.0000000000, 1),
(31, 5, 2, '正在订单', 0, 1, '2018-08-10 20:08:08', NULL, 1.0000000000, 1),
(32, 5, 2, '正在订单', 0, 1, '2018-08-10 20:09:05', NULL, 1.0000000000, 1),
(33, 5, 2, '正在订单', 0, 1, '2018-08-10 20:11:54', NULL, 1.0000000000, 1),
(34, 5, 2, '正在订单', 0, 1, '2018-08-11 08:49:42', NULL, 1.0000000000, 1),
(35, 5, 2, '正在订单', 0, 1, '2018-08-11 08:52:31', NULL, 1.0000000000, 1),
(36, 5, 2, '正在订单', 0, 1, '2018-08-11 08:54:43', NULL, 1.0000000000, 1),
(37, 5, 2, '正在订单', 0, 1, '2018-08-11 08:56:30', NULL, 1.0000000000, 1),
(38, 5, 2, '正在订单', 0, 1, '2018-08-11 09:00:52', NULL, 1.0000000000, 1),
(39, 5, 2, '正在订单', 0, 1, '2018-08-11 09:01:33', NULL, 1.0000000000, 1),
(40, 5, 2, '正在订单', 0, 1, '2018-08-11 09:08:04', NULL, 1.0000000000, 1),
(41, 5, 2, '正在订单', 0, 1, '2018-08-11 09:08:24', NULL, 1.0000000000, 1),
(42, 5, 2, '正在订单', 0, 1, '2018-08-11 09:09:04', NULL, 1.0000000000, 1),
(43, 5, 2, '正在订单', 0, 1, '2018-08-11 09:15:37', NULL, 1.0000000000, 1),
(44, 5, 2, '正在订单', 0, 1, '2018-08-11 09:22:01', NULL, 1.0000000000, 1),
(45, 5, 3, '完成拆单', 0, 1, '2018-08-11 09:32:16', NULL, 1.0000000000, 1),
(46, 5, 4, '等待计价', 0, 1, '2018-08-11 09:32:16', NULL, 1.0000000000, 1),
(47, 5, 2, '正在订单', 0, 1, '2018-08-11 11:26:42', NULL, 1.0000000000, 1),
(48, 5, 3, '完成拆单', 0, 1, '2018-08-11 11:43:44', NULL, 1.0000000000, 1),
(49, 5, 4, '等待计价', 0, 1, '2018-08-11 11:43:44', NULL, 1.0000000000, 1),
(50, 5, 2, '正在订单', 0, 1, '2018-08-11 11:50:41', NULL, 1.0000000000, 1),
(51, 5, 2, '正在订单', 0, 1, '2018-08-11 11:50:50', NULL, 1.0000000000, 1),
(52, 5, 2, '正在订单', 0, 1, '2018-08-11 14:34:40', NULL, 1.0000000000, 1),
(53, 5, 2, '正在订单', 0, 1, '2018-08-11 14:35:18', NULL, 1.0000000000, 1),
(54, 5, 2, '正在订单', 0, 1, '2018-08-11 14:35:53', NULL, 1.0000000000, 1),
(55, 5, 2, '正在订单', 0, 1, '2018-08-11 14:36:16', NULL, 1.0000000000, 1),
(56, 5, 2, '正在订单', 0, 1, '2018-08-11 14:39:36', NULL, 1.0000000000, 1),
(57, 5, 2, '正在订单', 0, 1, '2018-08-11 17:27:31', NULL, 1.0000000000, 1),
(58, 5, 2, '正在订单', 0, 1, '2018-08-11 17:29:20', NULL, 1.0000000000, 1),
(59, 5, 2, '正在订单', 0, 1, '2018-08-11 17:29:48', NULL, 1.0000000000, 1),
(60, 5, 2, '正在订单', 0, 1, '2018-08-11 17:35:23', NULL, 1.0000000000, 1),
(61, 5, 2, '正在订单', 0, 1, '2018-08-11 17:35:41', NULL, 1.0000000000, 1),
(62, 5, 2, '正在订单', 0, 1, '2018-08-11 17:36:09', NULL, 1.0000000000, 1),
(63, 5, 2, '正在订单', 0, 1, '2018-08-11 17:36:22', NULL, 1.0000000000, 1),
(64, 5, 2, '正在订单', 0, 1, '2018-08-11 17:50:33', NULL, 1.0000000000, 1),
(65, 5, 2, '正在订单', 0, 1, '2018-08-11 19:30:14', NULL, 1.0000000000, 1),
(66, 5, 2, '正在订单', 0, 1, '2018-08-11 19:32:20', NULL, 1.0000000000, 1),
(67, 5, 2, '正在订单', 0, 1, '2018-08-11 19:40:41', NULL, 1.0000000000, 1),
(68, 5, 2, '正在订单', 0, 1, '2018-08-11 19:40:52', NULL, 1.0000000000, 1),
(69, 5, 2, '正在订单', 0, 1, '2018-08-11 19:42:12', NULL, 1.0000000000, 1),
(70, 5, 2, '正在订单', 0, 1, '2018-08-11 19:44:33', NULL, 1.0000000000, 1),
(71, 5, 2, '正在订单', 0, 1, '2018-08-11 19:44:50', NULL, 1.0000000000, 1),
(72, 5, 2, '正在订单', 0, 1, '2018-08-12 10:47:46', NULL, 1.0000000000, 1),
(73, 5, 2, '正在订单', 0, 1, '2018-08-12 10:53:58', NULL, 1.0000000000, 1),
(74, 5, 2, '正在订单', 0, 1, '2018-08-12 10:59:03', NULL, 1.0000000000, 1),
(75, 5, 2, '正在订单', 0, 1, '2018-08-12 11:10:55', NULL, 1.0000000000, 1),
(76, 5, 2, '正在订单', 0, 1, '2018-08-12 11:34:50', NULL, 1.0000000000, 1),
(77, 5, 2, '正在订单', 0, 1, '2018-08-12 11:38:53', NULL, 1.0000000000, 1),
(78, 5, 2, '正在订单', 0, 1, '2018-08-12 11:40:01', NULL, 1.0000000000, 1),
(79, 5, 2, '正在订单', 0, 1, '2018-08-12 15:03:44', NULL, 1.0000000000, 1),
(80, 5, 2, '正在订单', 0, 1, '2018-08-12 15:19:33', NULL, 1.0000000000, 1),
(81, 5, 2, '正在订单', 0, 1, '2018-08-12 15:19:46', NULL, 1.0000000000, 1),
(82, 5, 2, '正在订单', 0, 1, '2018-08-12 15:21:15', NULL, 1.0000000000, 1),
(83, 5, 2, '正在订单', 0, 1, '2018-08-12 15:26:07', NULL, 1.0000000000, 1),
(84, 5, 2, '正在订单', 0, 1, '2018-08-12 15:26:27', NULL, 1.0000000000, 1),
(85, 5, 2, '正在订单', 0, 1, '2018-08-12 15:30:54', NULL, 1.0000000000, 1),
(86, 5, 2, '正在订单', 0, 1, '2018-08-12 15:31:01', NULL, 1.0000000000, 1),
(87, 5, 2, '正在订单', 0, 1, '2018-08-12 15:37:27', NULL, 1.0000000000, 1),
(88, 5, 2, '正在订单', 0, 1, '2018-08-12 15:43:33', NULL, 1.0000000000, 1),
(89, 5, 2, '正在订单', 0, 1, '2018-08-12 15:45:15', NULL, 1.0000000000, 1),
(90, 5, 2, '正在订单', 0, 1, '2018-08-12 15:45:21', NULL, 1.0000000000, 1),
(91, 5, 2, '正在订单', 0, 1, '2018-08-12 16:22:41', NULL, 1.0000000000, 1),
(92, 5, 2, '正在订单', 0, 1, '2018-08-12 16:23:21', NULL, 1.0000000000, 1),
(93, 5, 2, '正在订单', 0, 1, '2018-08-12 16:23:54', NULL, 1.0000000000, 1),
(94, 5, 2, '正在订单', 0, 1, '2018-08-12 16:25:27', NULL, 1.0000000000, 1),
(95, 5, 2, '正在订单', 0, 1, '2018-08-12 16:25:44', NULL, 1.0000000000, 1),
(96, 5, 2, '正在订单', 0, 1, '2018-08-12 16:26:22', NULL, 1.0000000000, 1),
(97, 5, 2, '正在订单', 0, 1, '2018-08-12 16:27:41', NULL, 1.0000000000, 1),
(98, 5, 2, '正在订单', 0, 1, '2018-08-12 16:28:02', NULL, 1.0000000000, 1),
(99, 5, 2, '正在订单', 0, 1, '2018-08-12 16:28:20', NULL, 1.0000000000, 1),
(100, 26, 1, '新建订单', 0, 1, '2018-08-12 18:10:42', NULL, 1.0000000000, 1),
(101, 26, 2, '正在订单', 0, 1, '2018-08-12 18:13:03', NULL, 1.0000000000, 1),
(102, 26, 3, '完成拆单', 0, 1, '2018-08-12 18:13:09', NULL, 1.0000000000, 1),
(103, 26, 4, '等待计价', 0, 1, '2018-08-12 18:13:09', NULL, 1.0000000000, 1),
(104, 26, -2, '修改了订单基本信息', 0, 1, '2018-08-12 19:40:13', NULL, 1.0000000000, 1),
(105, 26, -2, '修改了订单基本信息', 0, 1, '2018-08-12 20:04:01', NULL, 1.0000000000, 1),
(106, 24, 2, '正在订单', 0, 1, '2018-08-13 16:04:06', NULL, 1.0000000000, 1),
(107, 24, 2, '正在订单', 0, 1, '2018-08-13 16:11:33', NULL, 1.0000000000, 1),
(108, 24, 2, '正在订单', 0, 1, '2018-08-13 16:16:20', NULL, 1.0000000000, 1),
(109, 24, 2, '正在订单', 0, 1, '2018-08-13 16:17:49', NULL, 1.0000000000, 1),
(110, 24, 2, '正在订单', 0, 1, '2018-08-13 16:22:56', NULL, 1.0000000000, 1),
(111, 5, 2, '正在订单', 0, 1, '2018-08-13 16:59:18', NULL, 1.0000000000, 1),
(112, 27, 1, '新建订单', 0, 1, '2018-08-13 20:54:08', NULL, 1.0000000000, 1),
(113, 27, 2, '重新订单', 0, 1, '2018-08-13 21:00:12', NULL, 1.0000000000, 1),
(114, 27, 3, '完成拆单', 0, 1, '2018-08-13 21:02:05', NULL, 1.0000000000, 1),
(115, 27, 4, '等待计价', 0, 1, '2018-08-13 21:02:05', NULL, 1.0000000000, 1),
(116, 27, 2, '重新订单', 0, 1, '2018-08-13 21:03:12', NULL, 1.0000000000, 1),
(117, 27, 3, '完成拆单', 0, 1, '2018-08-13 21:05:18', NULL, 1.0000000000, 1),
(118, 27, 4, '等待计价', 0, 1, '2018-08-13 21:05:18', NULL, 1.0000000000, 1),
(119, 27, 2, '重新订单', 0, 1, '2018-08-13 21:05:31', NULL, 1.0000000000, 1),
(120, 27, 3, '完成拆单', 0, 1, '2018-08-13 21:05:37', NULL, 1.0000000000, 1),
(121, 27, 4, '等待计价', 0, 1, '2018-08-13 21:05:37', NULL, 1.0000000000, 1),
(122, 28, 1, '新建订单', 0, 1, '2018-08-14 10:58:04', NULL, 1.0000000000, 1),
(123, 28, 2, '正在订单', 0, 1, '2018-08-14 10:58:28', NULL, 1.0000000000, 1),
(124, 28, 2, '正在订单', 0, 1, '2018-08-14 10:58:51', NULL, 1.0000000000, 1),
(125, 28, 2, '正在订单', 0, 1, '2018-08-14 11:01:09', NULL, 1.0000000000, 1),
(126, 28, 2, '正在订单', 0, 1, '2018-08-14 11:01:56', NULL, 1.0000000000, 1),
(127, 28, 2, '正在订单', 0, 1, '2018-08-14 11:03:18', NULL, 1.0000000000, 1),
(128, 28, 2, '正在订单', 0, 1, '2018-08-14 11:03:46', NULL, 1.0000000000, 1),
(129, 28, 3, '完成拆单', 0, 1, '2018-08-14 11:08:07', NULL, 1.0000000000, 1),
(130, 28, 4, '等待计价', 0, 1, '2018-08-14 11:08:07', NULL, 1.0000000000, 1),
(131, 28, 2, '重新订单', 0, 1, '2018-08-14 11:39:28', NULL, 1.0000000000, 1),
(132, 28, 3, '完成拆单', 0, 1, '2018-08-14 11:39:45', NULL, 1.0000000000, 1),
(133, 28, 4, '等待计价', 0, 1, '2018-08-14 11:39:45', NULL, 1.0000000000, 1),
(134, 27, 5, '正在计价', 0, 1, '2018-08-14 16:21:14', NULL, 1.0000000000, 1),
(135, 27, 5, '正在计价', 0, 1, '2018-08-14 16:28:16', NULL, 1.0000000000, 1),
(136, 27, 6, '已经完成计价', 0, 1, '2018-08-14 19:09:30', NULL, 1.0000000000, 1),
(137, 27, 7, '等待财务核价', 0, 1, '2018-08-14 19:09:30', NULL, 1.0000000000, 1),
(138, 27, 5, '重新核价', 0, 1, '2018-08-14 20:15:02', NULL, 1.0000000000, 1),
(139, 27, 6, '已经完成计价', 0, 1, '2018-08-14 20:15:20', NULL, 1.0000000000, 1),
(140, 27, 7, '等待财务核价', 0, 1, '2018-08-14 20:15:20', NULL, 1.0000000000, 1),
(141, 29, 1, '新建订单', 0, 1, '2018-08-14 20:21:59', NULL, 1.0000000000, 1),
(142, 29, 2, '正在订单', 0, 1, '2018-08-14 20:28:56', NULL, 1.0000000000, 1),
(143, 29, 2, '正在订单', 0, 1, '2018-08-14 20:43:42', NULL, 1.0000000000, 1),
(144, 29, 2, '正在订单', 0, 1, '2018-08-14 20:45:52', NULL, 1.0000000000, 1),
(145, 29, 2, '正在订单', 0, 1, '2018-08-14 20:46:32', NULL, 1.0000000000, 1),
(146, 29, 2, '正在订单', 0, 1, '2018-08-14 20:53:42', NULL, 1.0000000000, 1),
(147, 29, 2, '正在订单', 0, 1, '2018-08-14 21:00:33', NULL, 1.0000000000, 1),
(148, 28, 5, '正在计价', 0, 1, '2018-08-14 21:13:00', NULL, 1.0000000000, 1),
(149, 28, 5, '正在计价', 0, 1, '2018-08-14 21:17:09', NULL, 1.0000000000, 1),
(150, 27, 8, '财务完成核价', 0, 1, '2018-08-15 08:34:16', NULL, 1.0000000000, 1),
(151, 27, 9, '等待确认生产', 0, 1, '2018-08-15 08:34:16', NULL, 1.0000000000, 1),
(153, 27, 10, '等待优化，打印和安排生产...', 0, 1, '2018-08-18 17:20:28', NULL, 1.0000000000, 1),
(154, 27, 10, '等待优化，打印和安排生产...', 0, 1, '2018-08-20 10:17:46', NULL, 1.0000000000, 1),
(155, 27, 9, '重新安排确认订单', 0, 1, '2018-08-20 10:18:32', NULL, 1.0000000000, 1),
(156, 27, 10, '等待优化，打印和安排生产...', 0, 1, '2018-08-20 10:19:39', NULL, 1.0000000000, 1),
(157, 30, 1, '新建订单', 0, 1, '2018-08-20 19:47:59', NULL, 1.0000000000, 1),
(158, 31, 1, '新建订单', 0, 1, '2018-08-20 19:49:47', NULL, 1.0000000000, 1),
(159, 31, 2, '正在订单', 0, 1, '2018-08-20 19:51:38', NULL, 1.0000000000, 1),
(160, 27, -2, '修改了订单基本信息', 0, 1, '2018-08-21 21:17:15', NULL, 1.0000000000, 1),
(161, 27, 11, '正在做生产准备工作: 优化或者打印清单', 0, 1, '2018-08-22 11:23:52', NULL, 1.0000000000, 1),
(162, 33, 1, '新建订单', 0, 1, '2018-08-22 14:41:04', NULL, 1552175616.0000000000, 1),
(163, 34, 1, '新建订单', 0, 1, '2018-08-24 15:31:42', NULL, 1611412992.0000000000, 1),
(164, 34, 3, '完成拆单', 0, 1, '2018-08-24 15:33:16', NULL, 1634264064.0000000000, 1),
(165, 34, 4, '等待计价', 0, 1, '2018-08-24 15:33:16', NULL, 1634774400.0000000000, 1),
(166, 34, 6, '已经完成计价', 0, 1, '2018-08-24 15:33:48', NULL, 1535553920.0000000000, 1),
(167, 34, 6, '未达到核价最低金额, 直接通过财务审核', 0, 1, '2018-08-24 15:33:48', NULL, 1535910784.0000000000, 1),
(168, 34, 8, '财务完成核价', 0, 1, '2018-08-24 15:33:48', NULL, 1536646400.0000000000, 1),
(169, 34, 9, '等待确认生产', 0, 1, '2018-08-24 15:33:48', NULL, 1537221888.0000000000, 1),
(170, 34, 9, '订单申请宽松支付', 0, 1, '2018-08-24 15:34:28', NULL, 1580375040.0000000000, 1),
(171, 34, 10, '等待优化，打印和安排生产...', 0, 1, '2018-08-24 15:34:39', NULL, 1563455232.0000000000, 1),
(172, 34, 11, '正在做生产准备工作: 优化或者打印清单', 0, 1, '2018-08-24 15:35:04', NULL, 1633608448.0000000000, 1),
(173, 34, 12, '订单正在生产...', 0, 1, '2018-08-24 15:56:20', NULL, 1578712320.0000000000, 1),
(174, 35, 1, '新建订单', 0, 1, '2018-08-24 16:07:25', NULL, 1562340608.0000000000, 1),
(175, 35, 3, '完成拆单', 0, 1, '2018-08-24 16:08:25', NULL, 1560739584.0000000000, 1),
(176, 35, 4, '等待计价', 0, 1, '2018-08-24 16:08:25', NULL, 1561171072.0000000000, 1),
(177, 35, 6, '已经完成计价', 0, 1, '2018-08-24 16:08:40', NULL, 1541880448.0000000000, 1),
(178, 35, 6, '未达到核价最低金额, 直接通过财务审核', 0, 1, '2018-08-24 16:08:40', NULL, 1542246656.0000000000, 1),
(179, 35, 8, '财务完成核价', 0, 1, '2018-08-24 16:08:40', NULL, 1542912768.0000000000, 1),
(180, 35, 9, '等待确认生产', 0, 1, '2018-08-24 16:08:40', NULL, 1543347072.0000000000, 1),
(181, 35, 9, '订单申请宽松支付', 0, 1, '2018-08-24 16:08:54', NULL, 1634650112.0000000000, 1),
(182, 35, 10, '等待优化，打印和安排生产...', 0, 1, '2018-08-24 16:09:02', NULL, 1542346624.0000000000, 1),
(183, 35, 11, '正在做生产准备工作: 优化或者打印清单', 0, 1, '2018-08-24 16:09:19', NULL, 1590562944.0000000000, 1),
(184, 35, 12, '订单正在生产...', 0, 1, '2018-08-24 16:28:59', NULL, 1547716992.0000000000, 1),
(185, 35, 14, '订单产品已经全部入库!打包薄板, 入库1件, 总件数4件', 0, 1, '2018-08-28 14:08:36', NULL, 1535436516.9767300000, 1),
(186, 35, 14, '订单产品已经全部入库!打包薄板, 入库1件, 总件数4件', 0, 1, '2018-08-28 14:11:13', NULL, 1535436673.2940200000, 1),
(187, 35, 14, '订单产品已经全部入库!打包薄板, 入库1件, 总件数4件', 0, 1, '2018-08-28 14:12:54', NULL, 1535436774.7573950000, 1),
(188, 35, 15, '订单等待发货!打包薄板, 入库1件, 总件数4件', 0, 1, '2018-08-28 14:12:54', NULL, 1535436774.7636490000, 1);

-- --------------------------------------------------------

--
-- 表的结构 `j_workflow_order_product`
--

CREATE TABLE `j_workflow_order_product` (
  `wop_id` smallint(4) NOT NULL COMMENT 'v',
  `wop_name` varchar(64) NOT NULL COMMENT '名称',
  `wop_label` varchar(64) NOT NULL COMMENT 'Label',
  `wop_previous` varchar(128) DEFAULT NULL COMMENT '前置节点',
  `wop_next` varchar(128) DEFAULT NULL COMMENT '后置节点',
  `wop_file` varchar(64) NOT NULL COMMENT '执行文件'
) ENGINE=InnoDB DEFAULT CHARSET=utf8 COMMENT='订单产品工作流';

--
-- 转存表中的数据 `j_workflow_order_product`
--

INSERT INTO `j_workflow_order_product` (`wop_id`, `wop_name`, `wop_label`, `wop_previous`, `wop_next`, `wop_file`) VALUES
(0, 'remove', '作废', '', '', 'Remove'),
(1, 'create', '新建订单产品', '', '', 'Create_workflow'),
(2, 'dismantling', '正在拆订单产品', '', '', 'Dismantling_workflow'),
(3, 'dismantled', '已拆订单产品', '', '', 'Dismantled_workflow'),
(4, 'pre_produce', '生产准备', '', '', 'Pre_produce_workflow'),
(5, 'producing', '正在生产', '', '', 'Producing_workflow'),
(6, 'packing', '正在打包', '', '', 'Packing_workflow'),
(7, 'packed', '全部打包', '', '', 'Packed_workflow'),
(8, 'inned', '已经入库', '', '', 'Inned_workflow');

-- --------------------------------------------------------

--
-- 表的结构 `j_workflow_order_product_board`
--

CREATE TABLE `j_workflow_order_product_board` (
  `wopb_id` smallint(4) NOT NULL COMMENT 'v',
  `wopb_name` varchar(64) NOT NULL COMMENT '名称',
  `wopb_label` varchar(64) NOT NULL COMMENT 'Label',
  `wopb_previous` varchar(128) DEFAULT NULL COMMENT '前置节点',
  `wopb_next` varchar(128) DEFAULT NULL COMMENT '后置节点',
  `wopb_file` varchar(64) NOT NULL COMMENT '执行文件'
) ENGINE=InnoDB DEFAULT CHARSET=utf8 COMMENT='订单产品板块工作流';

--
-- 转存表中的数据 `j_workflow_order_product_board`
--

INSERT INTO `j_workflow_order_product_board` (`wopb_id`, `wopb_name`, `wopb_label`, `wopb_previous`, `wopb_next`, `wopb_file`) VALUES
(1, 'produce', '等待生产', '', '2', 'Produce_workflow'),
(2, 'edge', '等待封边', '1', '3,4', 'Edge_workflow'),
(3, 'edging', '正在封边', '2', '4', 'Edging_workflow'),
(4, 'edged', '已封边', '3', '5', 'Edged_workflow'),
(5, 'punch', '等待打孔', '4', '6', 'Punch_workflow'),
(6, 'punched', '已打孔', '5', '7', 'Punched_workflow'),
(7, 'scan', '等待扫描', '6', '8', 'Scan_workflow'),
(8, 'scanned', '已扫描', '7', '9', 'Scanned_workflow'),
(9, 'pack', '等待包装', '8', '10', 'Pack_workflow'),
(10, 'packed', '已包装', '9', '11', 'Packed_workflow');

-- --------------------------------------------------------

--
-- 表的结构 `j_workflow_order_product_board_msg`
--

CREATE TABLE `j_workflow_order_product_board_msg` (
  `wopbm_id` int(10) UNSIGNED NOT NULL COMMENT 'v',
  `wopbm_order_product_board_id` int(10) NOT NULL COMMENT '订单产品板块V',
  `wopbm_creator` int(10) NOT NULL COMMENT '创建人',
  `wopbm_create_datetime` datetime NOT NULL COMMENT '创建时间',
  `wopbm_msg` varchar(128) NOT NULL COMMENT 'Message',
  `wopbm_workflow_order_product_board_id` smallint(4) NOT NULL COMMENT '工作流',
  `wopbm_previous` smallint(4) NOT NULL DEFAULT '0' COMMENT '前置节点',
  `wopbm_target` varchar(128) DEFAULT NULL COMMENT '操作对象',
  `wopbm_timestamp` double(20,10) UNSIGNED NOT NULL DEFAULT '0.0000000000' COMMENT '排序',
  `wopbm_status` tinyint(1) UNSIGNED NOT NULL DEFAULT '1' COMMENT '是否有效'
) ENGINE=InnoDB DEFAULT CHARSET=utf8 COMMENT='订单产品板块工作流信息';

--
-- 转存表中的数据 `j_workflow_order_product_board_msg`
--

INSERT INTO `j_workflow_order_product_board_msg` (`wopbm_id`, `wopbm_order_product_board_id`, `wopbm_creator`, `wopbm_create_datetime`, `wopbm_msg`, `wopbm_workflow_order_product_board_id`, `wopbm_previous`, `wopbm_target`, `wopbm_timestamp`, `wopbm_status`) VALUES
(1, 215, 1, '2018-06-23 11:08:53', '已下料或...等待封边', 2, 0, NULL, 3.0000000000, 1),
(2, 216, 1, '2018-06-23 11:08:53', '已下料或...等待封边', 2, 0, NULL, 3.0000000000, 1),
(3, 212, 1, '2018-06-23 11:08:53', '已下料或...等待封边', 2, 0, NULL, 3.0000000000, 1),
(4, 213, 1, '2018-06-23 11:08:53', '已下料或...等待封边', 2, 0, NULL, 3.0000000000, 1),
(5, 215, 1, '2018-06-23 11:11:08', '已下料或...等待封边', 2, 0, NULL, 3.0000000000, 1),
(6, 216, 1, '2018-06-23 11:11:08', '已下料或...等待封边', 2, 0, NULL, 3.0000000000, 1),
(7, 212, 1, '2018-06-23 11:11:08', '已下料或...等待封边', 2, 0, NULL, 3.0000000000, 1),
(8, 213, 1, '2018-06-23 11:11:08', '已下料或...等待封边', 2, 0, NULL, 3.0000000000, 1);

-- --------------------------------------------------------

--
-- 表的结构 `j_workflow_order_product_classify`
--

CREATE TABLE `j_workflow_order_product_classify` (
  `wopc_id` smallint(4) NOT NULL COMMENT 'v',
  `wopc_name` varchar(64) NOT NULL COMMENT '名称',
  `wopc_label` varchar(64) NOT NULL COMMENT 'Label',
  `wopc_previous` varchar(128) DEFAULT NULL COMMENT '前置节点',
  `wopc_next` varchar(128) DEFAULT NULL COMMENT '后置节点',
  `wopc_file` varchar(128) NOT NULL COMMENT '执行文件'
) ENGINE=InnoDB DEFAULT CHARSET=utf8 COMMENT='订单产品板块分类工作流';

--
-- 转存表中的数据 `j_workflow_order_product_classify`
--

INSERT INTO `j_workflow_order_product_classify` (`wopc_id`, `wopc_name`, `wopc_label`, `wopc_previous`, `wopc_next`, `wopc_file`) VALUES
(1, 'create', '新建板块分类', '', '2,3', 'Create_workflow'),
(2, 'optimize', '优化', '1,3', '2,3,4', 'Optimize_workflow'),
(3, 'print_list', '打印清单', '1,2', '2,3,4', 'Print_list_workflow'),
(4, 'shear', '等待排产', '2,3', '5', 'Shear_workflow'),
(5, 'sheared', '已排产', '4', '6', 'Sheared_workflow'),
(6, 'electronic_saw', '等待电子锯下料', '5', '4,7', 'Electronic_saw_workflow'),
(8, 'electronic_sawed', '电子锯已下料', '6', '13,18', 'Electronic_sawed_workflow'),
(9, 'table_saw', '等待推台锯下料', '3', '10', 'Table_saw_workflow'),
(10, 'table_sawed', '推台锯已下料', '9', '13,18', 'Table_sawed_workflow'),
(11, 'engrave', '等待雕刻机下料', '3', '12', 'Engrave_workflow'),
(12, 'engraved', '雕刻机已下料', '11', '13,18', 'Engraved_workflow'),
(13, 'edge', '等待封边', '8,10,12', '14', 'Edge_workflow'),
(14, 'edging', '正在封边', '13', '13,15', 'Edging_workflow'),
(15, 'edged', '已封边', '14', '16', 'Edged_workflow'),
(16, 'punch', '等待打孔', '15', '17', 'Punch_workflow'),
(17, 'punched', '已打孔', '16', '18', 'Punched_workflow'),
(18, 'one_punch', '160打孔', '15', '19', 'One_punch_workflow'),
(19, 'one_punched', '160已打孔', '16', '24', 'One_punched_workflow'),
(20, 'two_punch', '220打孔', '15', '21', 'Two_punch_workflow'),
(21, 'two_punched', '220已打孔', '20', '24', 'Two_punched_workflow'),
(22, 'three_punch', '230打孔', '15', '23', 'Three_punch_workflow'),
(23, 'three_punched', '230已打孔', '22', '24', 'Three_punched_workflow'),
(24, 'scan', '等待扫描', '23', '25', 'Scan_workflow'),
(25, 'scanning', '正在扫描', '24', '26', 'Scanning_workflow'),
(26, 'scanned', '已经扫描', '25', '27', 'Scanned_workflow'),
(27, 'pack', '等待打包', '26', '28', 'Pack_workflow'),
(28, 'packed', '已经打包', '27', '29', 'Packed_workflow'),
(29, 'inned', '全部入库', '28', '', 'Inned_workflow');

-- --------------------------------------------------------

--
-- 表的结构 `j_workflow_order_product_classify_msg`
--

CREATE TABLE `j_workflow_order_product_classify_msg` (
  `wopcm_id` int(10) UNSIGNED NOT NULL COMMENT 'v',
  `wopcm_order_product_classify_id` int(10) UNSIGNED NOT NULL COMMENT '订单产品板块分类V',
  `wopcm_creator` int(10) UNSIGNED NOT NULL COMMENT '创建人',
  `wopcm_create_datetime` datetime NOT NULL COMMENT '创建时间',
  `wopcm_msg` varchar(128) NOT NULL COMMENT 'Message',
  `wopcm_workflow_order_product_classify_id` smallint(4) NOT NULL COMMENT '当前工作流',
  `wopcm_previous` smallint(4) NOT NULL DEFAULT '0' COMMENT '前一工作流',
  `wopcm_target` int(128) DEFAULT NULL COMMENT '操作对象',
  `wopcm_timestamp` double(20,10) UNSIGNED NOT NULL DEFAULT '0.0000000000' COMMENT '排序',
  `wopcm_status` tinyint(1) UNSIGNED NOT NULL DEFAULT '1' COMMENT '是否有效'
) ENGINE=InnoDB DEFAULT CHARSET=utf8 COMMENT='订单产品板块分类工作流信息';

--
-- 转存表中的数据 `j_workflow_order_product_classify_msg`
--

INSERT INTO `j_workflow_order_product_classify_msg` (`wopcm_id`, `wopcm_order_product_classify_id`, `wopcm_creator`, `wopcm_create_datetime`, `wopcm_msg`, `wopcm_workflow_order_product_classify_id`, `wopcm_previous`, `wopcm_target`, `wopcm_timestamp`, `wopcm_status`) VALUES
(84843, 5, 1, '2018-08-22 11:52:29', '订单产品分类已经优化', 0, 0, NULL, 3.0000000000, 1),
(84844, 5, 1, '2018-08-22 11:52:29', '等待排产', 0, 0, NULL, 3.0000000000, 1),
(84845, 11, 1, '2018-08-23 21:36:55', '订单产品分类已经优化', 0, 0, NULL, 1537252615.0000000000, 1),
(84846, 11, 1, '2018-08-23 21:39:03', '订单产品分类已经优化', 0, 0, NULL, 1544159443.0000000000, 1),
(84847, 11, 1, '2018-08-23 21:40:49', '订单产品分类已经优化', 0, 0, NULL, 1564370149.0000000000, 1),
(84848, 11, 1, '2018-08-23 21:41:36', '订单产品分类已经优化', 0, 0, NULL, 1626971396.0000000000, 1),
(84849, 11, 1, '2018-08-23 21:42:42', '订单产品分类已经优化', 0, 0, NULL, 1632708662.0000000000, 1),
(84850, 11, 1, '2018-08-23 21:42:52', '订单产品分类已经优化', 0, 0, NULL, 1566644472.0000000000, 1),
(84851, 11, 1, '2018-08-23 21:43:10', '订单产品分类已经优化', 0, 0, NULL, 1570761690.0000000000, 1),
(84852, 11, 1, '2018-08-23 21:43:28', '订单产品分类已经优化', 0, 0, NULL, 1597598308.0000000000, 1),
(84853, 11, 1, '2018-08-23 21:44:32', '订单产品分类已经优化', 0, 0, NULL, 1539922672.0000000000, 1),
(84854, 11, 1, '2018-08-23 21:44:32', '订单产品分类等待打印清单', 0, 0, NULL, 1541896372.0000000000, 1),
(84855, 12, 1, '2018-08-24 15:35:04', '订单产品分类已经优化', 0, 0, NULL, 1630537904.0000000000, 1),
(84856, 12, 1, '2018-08-24 15:35:04', '订单产品分类等待打印清单', 0, 0, NULL, 1634252904.0000000000, 1),
(84857, 14, 1, '2018-08-24 15:39:01', '订单产品分类已经优化', 0, 0, NULL, 1617981141.0000000000, 1),
(84858, 15, 1, '2018-08-24 15:39:01', '订单产品分类已经优化', 0, 0, NULL, 1617982441.0000000000, 1),
(84859, 14, 1, '2018-08-24 15:39:01', '订单产品分类等待打印清单', 0, 0, NULL, 1619971741.0000000000, 1),
(84860, 15, 1, '2018-08-24 15:39:01', '等待排产', 0, 0, NULL, 1620547041.0000000000, 1),
(84861, 15, 1, '2018-08-24 15:45:58', '已安排生产下料18多层板古典红木R5多层板古典红木R', 0, 0, NULL, 1634507958.0000000000, 1),
(84862, 15, 1, '2018-08-24 15:45:59', '等待下料18多层板古典红木R5多层板古典红木R', 0, 0, NULL, 1536309659.0000000000, 1),
(84863, 15, 1, '2018-08-24 15:46:19', '已经完成下料', 0, 0, NULL, 1624598179.0000000000, 1),
(84864, 14, 1, '2018-08-24 15:56:20', '已经完成下料', 0, 0, NULL, 1574924680.0000000000, 1),
(84865, 14, 1, '2018-08-24 15:56:20', '等待排产', 0, 0, NULL, 1579510780.0000000000, 1),
(84866, 15, 1, '2018-08-24 15:56:20', '已经完成下料', 0, 0, NULL, 1580088780.0000000000, 1),
(84867, 16, 1, '2018-08-24 16:09:19', '订单产品分类已经优化', 0, 0, NULL, 1587291359.0000000000, 1),
(84868, 17, 1, '2018-08-24 16:09:19', '订单产品分类已经优化', 0, 0, NULL, 1587292759.0000000000, 1),
(84869, 16, 1, '2018-08-24 16:09:19', '订单产品分类等待打印清单', 0, 0, NULL, 1591345659.0000000000, 1),
(84870, 17, 1, '2018-08-24 16:09:19', '等待排产', 0, 0, NULL, 1591892259.0000000000, 1),
(84871, 16, 1, '2018-08-24 16:24:56', '订单产品分类已经打印清单', 0, 0, NULL, 1630821396.0000000000, 1),
(84872, 16, 1, '2018-08-24 16:24:56', '等待排产', 0, 0, NULL, 1632730496.0000000000, 1),
(84873, 16, 1, '2018-08-24 16:27:49', '已安排生产下料18多层板古典红木R5多层板古典红木R', 0, 0, NULL, 1628723269.0000000000, 1),
(84874, 16, 1, '2018-08-24 16:27:49', '等待下料18多层板古典红木R5多层板古典红木R', 0, 0, NULL, 1630487069.0000000000, 1),
(84875, 17, 1, '2018-08-24 16:27:49', '已安排生产下料18多层板古典红木R5多层板古典红木R', 0, 0, NULL, 1631116069.0000000000, 1),
(84876, 17, 1, '2018-08-24 16:27:49', '等待下料18多层板古典红木R5多层板古典红木R', 0, 0, NULL, 1631974669.0000000000, 1),
(84877, 16, 1, '2018-08-24 16:28:59', '已经完成下料', 0, 0, NULL, 1544574939.0000000000, 1),
(84878, 16, 1, '2018-08-24 16:28:59', '等待封边', 0, 0, NULL, 1548573239.0000000000, 1),
(84879, 17, 1, '2018-08-24 16:28:59', '已经完成下料', 0, 0, NULL, 1549054339.0000000000, 1),
(84880, 16, 1, '2018-08-24 19:27:16', '已完成封边18多层板古典红木R', 0, 0, NULL, 1632932236.0000000000, 1),
(84881, 16, 1, '2018-08-24 20:04:09', '封边矫正到一零', 0, 0, NULL, 1557851249.0000000000, 1),
(84882, 16, 1, '2018-08-26 10:41:05', '==已完成扫描', 0, 0, NULL, 1603344165.0000000000, 1),
(84883, 16, 1, '2018-08-26 11:15:24', '扫描矫正到一五', 0, 0, NULL, 1536649024.0000000000, 1),
(84884, 17, 1, '2018-08-26 11:19:08', '==已完成扫描', 0, 0, NULL, 1627767348.0000000000, 1),
(84885, 17, 1, '2018-08-28 10:39:08', '==已包装打包', 0, 0, NULL, 1633356348.0000000000, 1),
(84886, 17, 1, '2018-08-28 10:41:59', '==已包装打包', 0, 0, NULL, 1617448419.0000000000, 1),
(84887, 16, 1, '2018-08-28 10:45:38', '==已包装打包', 0, 0, NULL, 1537255838.0000000000, 1),
(84888, 16, 1, '2018-08-28 10:45:54', '==已包装打包', 0, 0, NULL, 1560701354.0000000000, 1),
(84889, 16, 1, '2018-08-28 10:49:32', '==已包装打包', 0, 0, NULL, 1635178972.0000000000, 1),
(84890, 16, 1, '2018-08-28 10:52:03', '==已包装打包', 0, 0, NULL, 1576997723.0000000000, 1),
(84891, 16, 1, '2018-08-28 10:53:57', '==已包装打包', 0, 0, NULL, 1599183737.0000000000, 1),
(84892, 16, 1, '2018-08-28 11:10:13', '==已包装打包', 0, 0, NULL, 1634165413.0000000000, 1),
(84893, 16, 1, '2018-08-28 11:12:47', '==已包装打包', 0, 0, NULL, 1539756867.0000000000, 1),
(84894, 16, 1, '2018-08-28 11:22:36', '==已包装打包', 0, 0, NULL, 1541838856.0000000000, 1),
(84895, 16, 1, '2018-08-28 11:38:47', '==已包装打包', 0, 0, NULL, 1543815627.0000000000, 1),
(84896, 16, 1, '2018-08-28 11:41:18', '==已包装打包', 0, 0, NULL, 1549635878.0000000000, 1),
(84897, 16, 1, '2018-08-28 11:42:18', '==已包装打包', 0, 0, NULL, 1612585938.0000000000, 1),
(84898, 16, 1, '2018-08-28 11:44:52', '==已包装打包', 0, 0, NULL, 1535963992.0000000000, 1),
(84899, 16, 1, '2018-08-28 11:46:17', '==已包装打包', 0, 0, NULL, 1624227777.0000000000, 1),
(84900, 16, 1, '2018-08-28 11:50:40', '==已包装打包', 0, 0, NULL, 1535428240.0000000000, 1),
(84901, 16, 1, '2018-08-28 11:55:35', '==已包装打包', 0, 0, NULL, 1.0000000000, 1),
(84902, 16, 1, '2018-08-28 11:57:01', '==已包装打包', 0, 0, NULL, 1535428621.0000000000, 1),
(84903, 16, 1, '2018-08-28 12:00:54', '==分类板块已经打包', 0, 0, NULL, 1535428854.0000000000, 1),
(84904, 16, 1, '2018-08-28 12:02:12', '==分类板块已经打包', 0, 0, NULL, 1535428932.0000000000, 1),
(84905, 16, 1, '2018-08-28 12:02:47', '==分类板块已经打包', 0, 0, NULL, 1535428967.0000000000, 1),
(84906, 16, 1, '2018-08-28 13:58:38', '==分类板块已经打包', 0, 0, NULL, 1535435918.0000000000, 1),
(84907, 16, 1, '2018-08-28 13:59:11', '==分类板块已经打包', 0, 0, NULL, 1535435951.0000000000, 1),
(84908, 16, 1, '2018-08-28 14:03:53', '==分类板块已经打包', 0, 0, NULL, 1535436233.8151390000, 1),
(84909, 16, 1, '2018-08-28 14:06:17', '==分类板块已经打包', 0, 0, NULL, 1535436377.3544420000, 1),
(84910, 17, 1, '2018-08-28 14:07:13', '==分类板块已经打包', 0, 0, NULL, 1535436433.9028970000, 1),
(84911, 17, 1, '2018-08-28 14:08:36', '==分类板块已经打包', 0, 0, NULL, 1535436516.9451040000, 1),
(84912, 17, 1, '2018-08-28 14:11:13', '==分类板块已经打包', 0, 0, NULL, 1535436673.2631980000, 1),
(84913, 17, 1, '2018-08-28 14:11:58', '==分类板块已经打包', 0, 0, NULL, 1535436718.3995100000, 1),
(84914, 17, 1, '2018-08-28 14:12:54', '==分类板块已经打包', 0, 0, NULL, 1535436774.7252980000, 1);

-- --------------------------------------------------------

--
-- 表的结构 `j_workflow_order_product_msg`
--

CREATE TABLE `j_workflow_order_product_msg` (
  `wopm_id` int(10) UNSIGNED NOT NULL COMMENT 'v',
  `wopm_order_product_id` int(10) NOT NULL COMMENT '订单产品v',
  `wopm_workflow_order_product_id` smallint(4) NOT NULL COMMENT '工作流v',
  `wopm_msg` varchar(128) NOT NULL COMMENT '信息',
  `wopm_previous` smallint(4) NOT NULL DEFAULT '0' COMMENT '前置节点',
  `wopm_creator` int(10) UNSIGNED NOT NULL COMMENT '创建人',
  `wopm_create_datetime` datetime NOT NULL COMMENT '创建日期',
  `wopm_target` varchar(128) DEFAULT NULL COMMENT '操作对象',
  `wopm_timestamp` double(20,10) UNSIGNED NOT NULL DEFAULT '0.0000000000' COMMENT '排序',
  `wopm_status` tinyint(1) UNSIGNED NOT NULL DEFAULT '1' COMMENT '是否有效'
) ENGINE=InnoDB DEFAULT CHARSET=utf8 COMMENT='订单产品工作流信息';

--
-- 转存表中的数据 `j_workflow_order_product_msg`
--

INSERT INTO `j_workflow_order_product_msg` (`wopm_id`, `wopm_order_product_id`, `wopm_workflow_order_product_id`, `wopm_msg`, `wopm_previous`, `wopm_creator`, `wopm_create_datetime`, `wopm_target`, `wopm_timestamp`, `wopm_status`) VALUES
(1, 29, 1, '新建订单产品', 0, 1, '2018-08-06 20:32:20', NULL, 2.0000000000, 1),
(2, 30, 1, '新建订单产品', 0, 1, '2018-08-06 20:32:20', NULL, 2.0000000000, 1),
(3, 31, 1, '新建订单产品', 0, 1, '2018-08-06 20:38:41', NULL, 2.0000000000, 1),
(4, 32, 1, '新建订单产品', 0, 1, '2018-08-06 20:38:41', NULL, 2.0000000000, 1),
(5, 33, 1, '新建订单产品', 0, 1, '2018-08-06 20:38:41', NULL, 2.0000000000, 1),
(6, 34, 1, '新建订单产品', 0, 1, '2018-08-06 21:25:20', NULL, 2.0000000000, 1),
(7, 35, 1, '新建订单产品', 0, 1, '2018-08-06 21:25:20', NULL, 2.0000000000, 1),
(8, 36, 1, '新建订单产品', 0, 1, '2018-08-06 21:25:20', NULL, 2.0000000000, 1),
(9, 37, 1, '新建订单产品', 0, 1, '2018-08-06 21:25:20', NULL, 2.0000000000, 1),
(10, 38, 1, '新建订单产品', 0, 1, '2018-08-06 21:35:59', NULL, 2.0000000000, 1),
(11, 39, 1, '新建订单产品', 0, 1, '2018-08-06 21:35:59', NULL, 2.0000000000, 1),
(12, 40, 1, '新建订单产品', 0, 1, '2018-08-06 21:35:59', NULL, 2.0000000000, 1),
(13, 41, 1, '新建订单产品', 0, 1, '2018-08-06 21:35:59', NULL, 2.0000000000, 1),
(14, 1, 2, '正在拆订单产品', 0, 1, '2018-08-10 09:29:17', NULL, 2.0000000000, 1),
(15, 1, 2, '正在拆订单产品', 0, 1, '2018-08-10 09:36:24', NULL, 2.0000000000, 1),
(16, 1, 2, '正在拆订单产品', 0, 1, '2018-08-10 09:38:22', NULL, 2.0000000000, 1),
(17, 1, 2, '正在拆订单产品', 0, 1, '2018-08-10 09:40:35', NULL, 2.0000000000, 1),
(18, 1, 2, '正在拆订单产品', 0, 1, '2018-08-10 09:44:55', NULL, 2.0000000000, 1),
(19, 1, 2, '正在拆订单产品', 0, 1, '2018-08-10 09:48:32', NULL, 2.0000000000, 1),
(20, 1, 2, '正在拆订单产品', 0, 1, '2018-08-10 11:08:59', NULL, 2.0000000000, 1),
(21, 1, 2, '正在拆订单产品', 0, 1, '2018-08-10 11:11:15', NULL, 2.0000000000, 1),
(22, 1, 2, '正在拆订单产品', 0, 1, '2018-08-10 11:11:50', NULL, 2.0000000000, 1),
(23, 44, 1, '新建订单产品', 0, 1, '2018-08-10 15:34:50', NULL, 2.0000000000, 1),
(24, 42, 0, '订单产品作废', 0, 1, '2018-08-10 16:10:01', NULL, 2.0000000000, 1),
(25, 1, 2, '正在拆订单产品', 0, 1, '2018-08-10 19:55:31', NULL, 2.0000000000, 1),
(26, 46, 1, '新建订单产品', 0, 1, '2018-08-10 20:05:01', NULL, 2.0000000000, 1),
(27, 47, 1, '新建订单产品', 0, 1, '2018-08-10 20:05:48', NULL, 2.0000000000, 1),
(28, 48, 1, '新建订单产品', 0, 1, '2018-08-10 20:06:29', NULL, 2.0000000000, 1),
(29, 48, 2, '正在拆订单产品', 0, 1, '2018-08-10 20:06:29', NULL, 2.0000000000, 1),
(30, 49, 1, '新建订单产品', 0, 1, '2018-08-10 20:08:08', NULL, 2.0000000000, 1),
(31, 49, 2, '正在拆订单产品', 0, 1, '2018-08-10 20:08:08', NULL, 2.0000000000, 1),
(32, 50, 1, '新建订单产品', 0, 1, '2018-08-10 20:09:05', NULL, 2.0000000000, 1),
(33, 50, 2, '正在拆订单产品', 0, 1, '2018-08-10 20:09:05', NULL, 2.0000000000, 1),
(34, 51, 1, '新建订单产品', 0, 1, '2018-08-10 20:11:54', NULL, 2.0000000000, 1),
(35, 51, 2, '正在拆订单产品', 0, 1, '2018-08-10 20:11:54', NULL, 2.0000000000, 1),
(36, 1, 2, '正在拆订单产品', 0, 1, '2018-08-11 08:49:42', NULL, 2.0000000000, 1),
(37, 1, 2, '正在拆订单产品', 0, 1, '2018-08-11 08:52:31', NULL, 2.0000000000, 1),
(38, 1, 2, '正在拆订单产品', 0, 1, '2018-08-11 08:54:43', NULL, 2.0000000000, 1),
(39, 1, 2, '正在拆订单产品', 0, 1, '2018-08-11 08:56:30', NULL, 2.0000000000, 1),
(40, 1, 2, '正在拆订单产品', 0, 1, '2018-08-11 09:00:52', NULL, 2.0000000000, 1),
(41, 1, 2, '正在拆订单产品', 0, 1, '2018-08-11 09:01:33', NULL, 2.0000000000, 1),
(42, 1, 2, '正在拆订单产品', 0, 1, '2018-08-11 09:08:04', NULL, 2.0000000000, 1),
(43, 1, 2, '正在拆订单产品', 0, 1, '2018-08-11 09:08:24', NULL, 2.0000000000, 1),
(44, 52, 1, '新建订单产品', 0, 1, '2018-08-11 09:09:04', NULL, 2.0000000000, 1),
(45, 52, 2, '正在拆订单产品', 0, 1, '2018-08-11 09:09:04', NULL, 2.0000000000, 1),
(46, 52, 2, '正在拆订单产品', 0, 1, '2018-08-11 09:15:37', NULL, 2.0000000000, 1),
(47, 1, 2, '正在拆订单产品', 0, 1, '2018-08-11 09:22:01', NULL, 2.0000000000, 1),
(48, 1, 3, '已拆订单产品', 0, 1, '2018-08-11 09:32:16', NULL, 2.0000000000, 1),
(49, 1, 2, '重新拆订单产品', 0, 1, '2018-08-11 11:26:42', NULL, 2.0000000000, 1),
(50, 1, 2, '正在拆订单产品', 0, 1, '2018-08-11 11:26:42', NULL, 2.0000000000, 1),
(51, 1, 3, '已拆订单产品', 0, 1, '2018-08-11 11:43:44', NULL, 2.0000000000, 1),
(52, 1, 2, '重新拆订单产品', 0, 1, '2018-08-11 11:50:41', NULL, 2.0000000000, 1),
(53, 1, 2, '正在拆订单产品', 0, 1, '2018-08-11 11:50:41', NULL, 2.0000000000, 1),
(54, 1, 3, '已拆订单产品', 0, 1, '2018-08-11 11:50:50', NULL, 2.0000000000, 1),
(55, 44, 0, '订单产品作废', 0, 1, '2018-08-11 11:57:39', NULL, 2.0000000000, 1),
(56, 2, 2, '正在拆订单产品', 0, 1, '2018-08-11 14:34:40', NULL, 2.0000000000, 1),
(57, 2, 2, '正在拆订单产品', 0, 1, '2018-08-11 14:35:18', NULL, 2.0000000000, 1),
(58, 53, 1, '新建订单产品', 0, 1, '2018-08-11 14:35:38', NULL, 2.0000000000, 1),
(59, 54, 1, '新建订单产品', 0, 1, '2018-08-11 14:35:53', NULL, 2.0000000000, 1),
(60, 54, 2, '正在拆订单产品', 0, 1, '2018-08-11 14:35:53', NULL, 2.0000000000, 1),
(61, 2, 3, '已拆订单产品', 0, 1, '2018-08-11 14:36:16', NULL, 2.0000000000, 1),
(62, 53, 2, '正在拆订单产品', 0, 1, '2018-08-11 14:39:36', NULL, 2.0000000000, 1),
(63, 55, 1, '新建订单产品', 0, 1, '2018-08-11 15:51:44', NULL, 2.0000000000, 1),
(64, 55, 2, '正在拆订单产品', 0, 1, '2018-08-11 17:27:31', NULL, 2.0000000000, 1),
(65, 55, 2, '正在拆订单产品', 0, 1, '2018-08-11 17:29:20', NULL, 2.0000000000, 1),
(66, 55, 2, '正在拆订单产品', 0, 1, '2018-08-11 17:29:48', NULL, 2.0000000000, 1),
(67, 55, 2, '正在拆订单产品', 0, 1, '2018-08-11 17:35:23', NULL, 2.0000000000, 1),
(68, 55, 2, '正在拆订单产品', 0, 1, '2018-08-11 17:35:41', NULL, 2.0000000000, 1),
(69, 56, 1, '新建订单产品', 0, 1, '2018-08-11 17:35:58', NULL, 2.0000000000, 1),
(70, 57, 1, '新建订单产品', 0, 1, '2018-08-11 17:36:09', NULL, 2.0000000000, 1),
(71, 57, 2, '正在拆订单产品', 0, 1, '2018-08-11 17:36:09', NULL, 2.0000000000, 1),
(72, 55, 3, '已拆订单产品', 0, 1, '2018-08-11 17:36:22', NULL, 2.0000000000, 1),
(73, 56, 2, '正在拆订单产品', 0, 1, '2018-08-11 17:50:33', NULL, 2.0000000000, 1),
(74, 58, 1, '新建订单产品', 0, 1, '2018-08-11 19:21:30', NULL, 2.0000000000, 1),
(75, 58, 2, '正在拆订单产品', 0, 1, '2018-08-11 19:30:14', NULL, 2.0000000000, 1),
(76, 58, 2, '正在拆订单产品', 0, 1, '2018-08-11 19:32:20', NULL, 2.0000000000, 1),
(77, 58, 2, '正在拆订单产品', 0, 1, '2018-08-11 19:40:41', NULL, 2.0000000000, 1),
(78, 58, 2, '正在拆订单产品', 0, 1, '2018-08-11 19:40:52', NULL, 2.0000000000, 1),
(79, 58, 2, '正在拆订单产品', 0, 1, '2018-08-11 19:42:12', NULL, 2.0000000000, 1),
(80, 59, 1, '新建订单产品', 0, 1, '2018-08-11 19:44:08', NULL, 2.0000000000, 1),
(81, 60, 1, '新建订单产品', 0, 1, '2018-08-11 19:44:33', NULL, 2.0000000000, 1),
(82, 60, 2, '正在拆订单产品', 0, 1, '2018-08-11 19:44:33', NULL, 2.0000000000, 1),
(83, 60, 3, '已拆订单产品', 0, 1, '2018-08-11 19:44:50', NULL, 2.0000000000, 1),
(84, 61, 1, '新建订单产品', 0, 1, '2018-08-12 10:22:02', NULL, 2.0000000000, 1),
(85, 62, 1, '新建订单产品', 0, 1, '2018-08-12 10:23:51', NULL, 2.0000000000, 1),
(86, 63, 1, '新建订单产品', 0, 1, '2018-08-12 10:24:13', NULL, 2.0000000000, 1),
(87, 63, 2, '正在拆订单产品', 0, 1, '2018-08-12 10:47:46', NULL, 2.0000000000, 1),
(88, 63, 2, '正在拆订单产品', 0, 1, '2018-08-12 10:53:58', NULL, 2.0000000000, 1),
(89, 63, 2, '正在拆订单产品', 0, 1, '2018-08-12 10:59:03', NULL, 2.0000000000, 1),
(90, 63, 2, '正在拆订单产品', 0, 1, '2018-08-12 11:10:55', NULL, 2.0000000000, 1),
(91, 64, 1, '新建订单产品', 0, 1, '2018-08-12 11:34:15', NULL, 2.0000000000, 1),
(92, 63, 2, '正在拆订单产品', 0, 1, '2018-08-12 11:34:50', NULL, 2.0000000000, 1),
(93, 65, 1, '新建订单产品', 0, 1, '2018-08-12 11:38:53', NULL, 2.0000000000, 1),
(94, 65, 2, '正在拆订单产品', 0, 1, '2018-08-12 11:38:53', NULL, 2.0000000000, 1),
(95, 64, 0, '订单产品作废', 0, 1, '2018-08-12 11:39:53', NULL, 2.0000000000, 1),
(96, 63, 3, '已拆订单产品', 0, 1, '2018-08-12 11:40:01', NULL, 2.0000000000, 1),
(97, 66, 1, '新建订单产品', 0, 1, '2018-08-12 14:12:41', NULL, 2.0000000000, 1),
(98, 66, 2, '正在拆订单产品', 0, 1, '2018-08-12 15:03:44', NULL, 2.0000000000, 1),
(99, 66, 2, '正在拆订单产品', 0, 1, '2018-08-12 15:19:33', NULL, 2.0000000000, 1),
(100, 67, 1, '新建订单产品', 0, 1, '2018-08-12 15:19:46', NULL, 2.0000000000, 1),
(101, 67, 2, '正在拆订单产品', 0, 1, '2018-08-12 15:19:46', NULL, 2.0000000000, 1),
(102, 68, 1, '新建订单产品', 0, 1, '2018-08-12 15:21:15', NULL, 2.0000000000, 1),
(103, 68, 2, '正在拆订单产品', 0, 1, '2018-08-12 15:21:15', NULL, 2.0000000000, 1),
(104, 66, 2, '正在拆订单产品', 0, 1, '2018-08-12 15:26:07', NULL, 2.0000000000, 1),
(105, 68, 2, '正在拆订单产品', 0, 1, '2018-08-12 15:26:27', NULL, 2.0000000000, 1),
(106, 66, 2, '正在拆订单产品', 0, 1, '2018-08-12 15:30:54', NULL, 2.0000000000, 1),
(107, 66, 3, '已拆订单产品', 0, 1, '2018-08-12 15:31:01', NULL, 2.0000000000, 1),
(108, 67, 2, '正在拆订单产品', 0, 1, '2018-08-12 15:37:27', NULL, 2.0000000000, 1),
(109, 67, 2, '正在拆订单产品', 0, 1, '2018-08-12 15:43:33', NULL, 2.0000000000, 1),
(110, 67, 2, '正在拆订单产品', 0, 1, '2018-08-12 15:45:15', NULL, 2.0000000000, 1),
(111, 69, 1, '新建订单产品', 0, 1, '2018-08-12 15:45:21', NULL, 2.0000000000, 1),
(112, 69, 2, '正在拆订单产品', 0, 1, '2018-08-12 15:45:21', NULL, 2.0000000000, 1),
(113, 61, 2, '正在拆订单产品', 0, 1, '2018-08-12 16:22:41', NULL, 2.0000000000, 1),
(114, 61, 2, '正在拆订单产品', 0, 1, '2018-08-12 16:23:21', NULL, 2.0000000000, 1),
(115, 61, 2, '正在拆订单产品', 0, 1, '2018-08-12 16:23:54', NULL, 2.0000000000, 1),
(116, 61, 2, '正在拆订单产品', 0, 1, '2018-08-12 16:25:27', NULL, 2.0000000000, 1),
(117, 70, 1, '新建订单产品', 0, 1, '2018-08-12 16:25:44', NULL, 2.0000000000, 1),
(118, 70, 2, '正在拆订单产品', 0, 1, '2018-08-12 16:25:44', NULL, 2.0000000000, 1),
(119, 70, 2, '正在拆订单产品', 0, 1, '2018-08-12 16:26:22', NULL, 2.0000000000, 1),
(120, 70, 2, '正在拆订单产品', 0, 1, '2018-08-12 16:27:41', NULL, 2.0000000000, 1),
(121, 62, 2, '正在拆订单产品', 0, 1, '2018-08-12 16:28:02', NULL, 2.0000000000, 1),
(122, 61, 3, '已拆订单产品', 0, 1, '2018-08-12 16:28:20', NULL, 2.0000000000, 1),
(123, 71, 1, '新建订单产品', 0, 1, '2018-08-12 18:10:42', NULL, 2.0000000000, 1),
(124, 71, 2, '正在拆订单产品', 0, 1, '2018-08-12 18:13:03', NULL, 2.0000000000, 1),
(125, 71, 3, '已拆订单产品', 0, 1, '2018-08-12 18:13:09', NULL, 2.0000000000, 1),
(126, 34, 2, '正在拆订单产品', 0, 1, '2018-08-13 16:04:06', NULL, 2.0000000000, 1),
(127, 34, 2, '正在拆订单产品', 0, 1, '2018-08-13 16:11:33', NULL, 2.0000000000, 1),
(128, 34, 2, '正在拆订单产品', 0, 1, '2018-08-13 16:16:20', NULL, 2.0000000000, 1),
(129, 34, 2, '正在拆订单产品', 0, 1, '2018-08-13 16:17:49', NULL, 2.0000000000, 1),
(130, 34, 2, '正在拆订单产品', 0, 1, '2018-08-13 16:22:56', NULL, 2.0000000000, 1),
(131, 69, 3, '已拆订单产品', 0, 1, '2018-08-13 16:59:18', NULL, 2.0000000000, 1),
(132, 72, 1, '新建订单产品', 0, 1, '2018-08-13 20:54:08', NULL, 2.0000000000, 1),
(133, 72, 3, '已拆订单产品', 0, 1, '2018-08-13 20:54:29', NULL, 2.0000000000, 1),
(134, 72, 2, '重新拆订单产品', 0, 1, '2018-08-13 21:02:04', NULL, 2.0000000000, 1),
(135, 72, 3, '已拆订单产品', 0, 1, '2018-08-13 21:02:05', NULL, 2.0000000000, 1),
(136, 72, 2, '重新拆订单产品', 0, 1, '2018-08-13 21:05:18', NULL, 2.0000000000, 1),
(137, 72, 3, '已拆订单产品', 0, 1, '2018-08-13 21:05:18', NULL, 2.0000000000, 1),
(138, 72, 2, '重新拆订单产品', 0, 1, '2018-08-13 21:05:37', NULL, 2.0000000000, 1),
(139, 72, 3, '已拆订单产品', 0, 1, '2018-08-13 21:05:37', NULL, 2.0000000000, 1),
(140, 73, 1, '新建订单产品', 0, 1, '2018-08-14 10:58:04', NULL, 2.0000000000, 1),
(141, 74, 1, '新建订单产品', 0, 1, '2018-08-14 10:58:04', NULL, 2.0000000000, 1),
(142, 75, 1, '新建订单产品', 0, 1, '2018-08-14 10:58:04', NULL, 2.0000000000, 1),
(143, 76, 1, '新建订单产品', 0, 1, '2018-08-14 10:58:04', NULL, 2.0000000000, 1),
(144, 77, 1, '新建订单产品', 0, 1, '2018-08-14 10:58:04', NULL, 2.0000000000, 1),
(145, 78, 1, '新建订单产品', 0, 1, '2018-08-14 10:58:04', NULL, 2.0000000000, 1),
(146, 79, 1, '新建订单产品', 0, 1, '2018-08-14 10:58:04', NULL, 2.0000000000, 1),
(147, 73, 3, '已拆订单产品', 0, 1, '2018-08-14 10:58:28', NULL, 2.0000000000, 1),
(148, 76, 3, '已拆订单产品', 0, 1, '2018-08-14 10:58:51', NULL, 2.0000000000, 1),
(149, 77, 3, '已拆订单产品', 0, 1, '2018-08-14 11:01:09', NULL, 2.0000000000, 1),
(150, 79, 3, '已拆订单产品', 0, 1, '2018-08-14 11:01:56', NULL, 2.0000000000, 1),
(151, 75, 3, '已拆订单产品', 0, 1, '2018-08-14 11:03:18', NULL, 2.0000000000, 1),
(152, 78, 3, '已拆订单产品', 0, 1, '2018-08-14 11:03:46', NULL, 2.0000000000, 1),
(153, 74, 3, '已拆订单产品', 0, 1, '2018-08-14 11:08:07', NULL, 2.0000000000, 1),
(154, 79, 2, '重新拆订单产品', 0, 1, '2018-08-14 11:39:45', NULL, 2.0000000000, 1),
(155, 79, 3, '已拆订单产品', 0, 1, '2018-08-14 11:39:45', NULL, 2.0000000000, 1),
(156, 80, 1, '新建订单产品', 0, 1, '2018-08-14 20:21:59', NULL, 2.0000000000, 1),
(157, 80, 2, '正在拆订单产品', 0, 1, '2018-08-14 20:28:56', NULL, 2.0000000000, 1),
(158, 80, 2, '正在拆订单产品', 0, 1, '2018-08-14 20:43:42', NULL, 2.0000000000, 1),
(159, 80, 2, '正在拆订单产品', 0, 1, '2018-08-14 20:45:52', NULL, 2.0000000000, 1),
(160, 80, 2, '正在拆订单产品', 0, 1, '2018-08-14 20:46:32', NULL, 2.0000000000, 1),
(161, 80, 2, '正在拆订单产品', 0, 1, '2018-08-14 20:53:42', NULL, 2.0000000000, 1),
(162, 80, 2, '正在拆订单产品', 0, 1, '2018-08-14 21:00:33', NULL, 2.0000000000, 1),
(163, 81, 1, '新建订单产品', 0, 1, '2018-08-20 19:49:47', NULL, 2.0000000000, 1),
(164, 81, 2, '正在拆订单产品', 0, 1, '2018-08-20 19:51:38', NULL, 2.0000000000, 1),
(85000, 72, 4, '执行了无效的操作', 0, 1, '2018-08-22 11:51:01', NULL, 2.0000000000, 1),
(85001, 72, 4, '执行了无效的操作', 0, 1, '2018-08-22 11:52:29', NULL, 2.0000000000, 1),
(85002, 82, 1, '新建订单产品', 0, 1, '2018-08-22 14:41:04', NULL, 1554468224.0000000000, 1),
(85003, 83, 1, '新建订单产品', 0, 1, '2018-08-22 14:41:04', NULL, 1554688768.0000000000, 1),
(85004, 72, 4, '订单转换到电子锯', 0, 1, '2018-08-23 20:07:29', NULL, 1548773248.0000000000, 1),
(85005, 72, 4, '订单转换到电子锯', 0, 1, '2018-08-23 20:30:12', NULL, 1563009664.0000000000, 1),
(85006, 72, 4, '订单转换到推台锯', 0, 1, '2018-08-23 20:32:38', NULL, 1629940992.0000000000, 1),
(85007, 72, 4, '订单转换到电子锯', 0, 1, '2018-08-23 20:38:36', NULL, 1630223488.0000000000, 1),
(85008, 72, 4, '订单转换到推台锯', 0, 1, '2018-08-23 20:39:31', NULL, 1629777024.0000000000, 1),
(85009, 72, 4, '订单转换到电子锯', 0, 1, '2018-08-23 21:00:00', NULL, 1601333632.0000000000, 1),
(85010, 72, 4, '订单转换到推台锯', 0, 1, '2018-08-23 21:00:10', NULL, 1583691648.0000000000, 1),
(85011, 72, 4, '订单转换到电子锯', 0, 1, '2018-08-23 21:29:21', NULL, 1576066944.0000000000, 1),
(85012, 72, 4, '订单转换到电子锯', 0, 1, '2018-08-23 21:34:27', NULL, 1629161216.0000000000, 1),
(85013, 72, 4, '执行了无效的操作', 0, 1, '2018-08-23 21:36:55', NULL, 1538618752.0000000000, 1),
(85014, 72, 4, '执行了无效的操作', 0, 1, '2018-08-23 21:39:03', NULL, 1546490496.0000000000, 1),
(85015, 72, 4, '执行了无效的操作', 0, 1, '2018-08-23 21:40:49', NULL, 1565573248.0000000000, 1),
(85016, 72, 4, '执行了无效的操作', 0, 1, '2018-08-23 21:41:36', NULL, 1628356864.0000000000, 1),
(85017, 72, 4, '执行了无效的操作', 0, 1, '2018-08-23 21:42:42', NULL, 1633999104.0000000000, 1),
(85018, 72, 4, '执行了无效的操作', 0, 1, '2018-08-23 21:42:52', NULL, 1567943424.0000000000, 1),
(85019, 72, 4, '执行了无效的操作', 0, 1, '2018-08-23 21:43:10', NULL, 1571978624.0000000000, 1),
(85020, 72, 4, '执行了无效的操作', 0, 1, '2018-08-23 21:43:28', NULL, 1598813952.0000000000, 1),
(85021, 72, 4, '执行了无效的操作', 0, 1, '2018-08-23 21:44:32', NULL, 1541169792.0000000000, 1),
(85022, 84, 1, '新建订单产品', 0, 1, '2018-08-24 15:31:42', NULL, 1614496384.0000000000, 1),
(85023, 84, 3, '已拆订单产品', 0, 1, '2018-08-24 15:33:16', NULL, 1632355072.0000000000, 1),
(85024, 84, 4, '订单产品正在进行生产准备', 0, 1, '2018-08-24 15:35:04', NULL, 1632042240.0000000000, 1),
(85025, 84, 4, '订单转换到电子锯', 0, 1, '2018-08-24 15:38:50', NULL, 1591731200.0000000000, 1),
(85026, 84, 4, '执行了无效的操作', 0, 1, '2018-08-24 15:39:01', NULL, 1619335808.0000000000, 1),
(85027, 84, 5, '订单产品正在进行生产', 0, 1, '2018-08-24 15:56:20', NULL, 1576741760.0000000000, 1),
(85028, 85, 1, '新建订单产品', 0, 1, '2018-08-24 16:07:25', NULL, 1564544768.0000000000, 1),
(85029, 85, 3, '已拆订单产品', 0, 1, '2018-08-24 16:08:25', NULL, 1558982272.0000000000, 1),
(85030, 85, 4, '订单产品正在进行生产准备', 0, 1, '2018-08-24 16:09:19', NULL, 1588939904.0000000000, 1),
(85031, 85, 4, '执行了无效的操作', 0, 1, '2018-08-24 16:24:56', NULL, 1632114816.0000000000, 1),
(85032, 85, 5, '订单产品正在进行生产', 0, 1, '2018-08-24 16:28:59', NULL, 1546214912.0000000000, 1),
(85033, 85, 6, '订单产品正在打包, 部分板块已经完成打包!', 0, 1, '2018-08-28 10:39:08', NULL, 1635182336.0000000000, 1),
(85034, 85, 6, '订单产品正在打包, 部分板块已经完成打包!打包厚板, 入库1件, 总件数1件', 0, 1, '2018-08-28 10:41:59', NULL, 1618354304.0000000000, 1),
(85035, 85, 6, '订单产品正在打包, 部分板块已经完成打包!', 0, 1, '2018-08-28 10:45:38', NULL, 1538424192.0000000000, 1),
(85036, 85, 6, '订单产品正在打包, 部分板块已经完成打包!打包厚板, 入库1件, 总件数1件', 0, 1, '2018-08-28 10:45:54', NULL, 1561628800.0000000000, 1),
(85037, 85, 6, '订单产品正在打包, 部分板块已经完成打包!', 0, 1, '2018-08-28 10:49:33', NULL, 1536115328.0000000000, 1),
(85038, 85, 6, '订单产品正在打包, 部分板块已经完成打包!打包厚板, 入库1件, 总件数1件', 0, 1, '2018-08-28 10:52:03', NULL, 1577913344.0000000000, 1),
(85039, 85, 6, '订单产品正在打包, 部分板块已经完成打包!打包厚板, 入库1件, 总件数1件', 0, 1, '2018-08-28 10:53:57', NULL, 1600122880.0000000000, 1),
(85040, 85, 6, '订单产品正在打包, 部分板块已经完成打包!打包厚板, 入库1件, 总件数1件', 0, 1, '2018-08-28 11:10:13', NULL, 1535473408.0000000000, 1),
(85041, 85, 6, '订单产品正在打包, 部分板块已经完成打包!打包厚板, 入库1件, 总件数1件', 0, 1, '2018-08-28 11:12:47', NULL, 1540920320.0000000000, 1),
(85042, 85, 6, '订单产品正在打包, 部分板块已经完成打包!打包厚板, 入库2件, 总件数2件', 0, 1, '2018-08-28 11:22:36', NULL, 1542965376.0000000000, 1),
(85043, 85, 6, '订单产品正在打包, 部分板块已经完成打包!打包厚板, 入库2件, 总件数2件', 0, 1, '2018-08-28 11:38:47', NULL, 1545677568.0000000000, 1),
(85044, 85, 6, '订单产品正在打包, 部分板块已经完成打包!打包厚板, 入库2件, 总件数2件', 0, 1, '2018-08-28 11:41:18', NULL, 1550751104.0000000000, 1),
(85045, 85, 6, '订单产品正在打包, 部分板块已经完成打包!打包厚板, 入库2件, 总件数2件', 0, 1, '2018-08-28 11:42:18', NULL, 1613808128.0000000000, 1),
(85046, 85, 6, '订单产品正在打包, 部分板块已经完成打包!打包厚板, 入库2件, 总件数2件', 0, 1, '2018-08-28 11:44:52', NULL, 1537056640.0000000000, 1),
(85047, 85, 6, '订单产品正在打包, 部分板块已经完成打包!打包厚板, 入库2件, 总件数2件', 0, 1, '2018-08-28 11:46:17', NULL, 1625386368.0000000000, 1),
(85048, 85, 6, '订单产品正在打包, 部分板块已经完成打包!打包厚板, 入库2件, 总件数2件', 0, 1, '2018-08-28 11:50:40', NULL, 1535428224.0000000000, 1),
(85049, 85, 6, '订单产品正在打包, 部分板块已经完成打包!打包厚板, 入库2件, 总件数2件', 0, 1, '2018-08-28 11:55:35', NULL, 1.0000000000, 1),
(85050, 85, 6, '订单产品正在打包, 部分板块已经完成打包!打包厚板, 入库2件, 总件数2件', 0, 1, '2018-08-28 11:57:01', NULL, 1535428608.0000000000, 1),
(85051, 85, 6, '订单产品正在打包, 部分板块已经完成打包!打包厚板, 入库2件, 总件数2件', 0, 1, '2018-08-28 12:00:54', NULL, 1535428864.0000000000, 1),
(85052, 85, 6, '订单产品正在打包, 部分板块已经完成打包!打包厚板, 入库2件, 总件数2件', 0, 1, '2018-08-28 12:02:12', NULL, 1535428992.0000000000, 1),
(85053, 85, 6, '订单产品正在打包, 部分板块已经完成打包!打包厚板, 入库2件, 总件数2件', 0, 1, '2018-08-28 12:02:47', NULL, 1535428992.0000000000, 1),
(85054, 85, 6, '订单产品正在打包, 部分板块已经完成打包!打包厚板, 入库2件, 总件数2件', 0, 1, '2018-08-28 13:58:38', NULL, 1535435904.0000000000, 1),
(85055, 85, 6, '订单产品正在打包, 部分板块已经完成打包!打包厚板, 入库2件, 总件数2件', 0, 1, '2018-08-28 13:59:11', NULL, 1535435951.4732700000, 1),
(85056, 85, 6, '订单产品正在打包, 部分板块已经完成打包!打包厚板, 入库2件, 总件数2件', 0, 1, '2018-08-28 14:03:53', NULL, 1535436233.8279350000, 1),
(85057, 85, 6, '订单产品正在打包, 部分板块已经完成打包!打包厚板, 入库3件, 总件数3件', 0, 1, '2018-08-28 14:06:17', NULL, 1535436377.3654200000, 1),
(85058, 85, 7, '订单产品已经全部打包!打包薄板, 入库1件, 总件数4件', 0, 1, '2018-08-28 14:07:13', NULL, 1535436433.9163870000, 1),
(85059, 85, 8, '该订单产品已全部入库打包薄板, 入库1件, 总件数4件', 0, 1, '2018-08-28 14:07:13', NULL, 1535436433.9203300000, 1),
(85060, 85, 8, '订单产品重新打包!打包薄板, 入库1件, 总件数4件', 0, 1, '2018-08-28 14:08:36', NULL, 1535436516.9536480000, 1),
(85061, 85, 7, '订单产品已经全部打包!打包薄板, 入库1件, 总件数4件', 0, 1, '2018-08-28 14:08:36', NULL, 1535436516.9578010000, 1),
(85062, 85, 8, '该订单产品已全部入库打包薄板, 入库1件, 总件数4件', 0, 1, '2018-08-28 14:08:36', NULL, 1535436516.9613370000, 1),
(85063, 85, 8, '订单产品重新打包!打包薄板, 入库1件, 总件数4件', 0, 1, '2018-08-28 14:11:13', NULL, 1535436673.2724430000, 1),
(85064, 85, 7, '订单产品已经全部打包!打包薄板, 入库1件, 总件数4件', 0, 1, '2018-08-28 14:11:13', NULL, 1535436673.2765520000, 1),
(85065, 85, 8, '该订单产品已全部入库打包薄板, 入库1件, 总件数4件', 0, 1, '2018-08-28 14:11:13', NULL, 1535436673.2800030000, 1),
(85066, 85, 8, '订单产品重新打包!打包薄板, 入库1件, 总件数4件', 0, 1, '2018-08-28 14:11:58', NULL, 1535436718.4095640000, 1),
(85067, 85, 8, '订单产品重新打包!打包薄板, 入库1件, 总件数4件', 0, 1, '2018-08-28 14:12:54', NULL, 1535436774.7349080000, 1),
(85068, 85, 7, '订单产品已经全部打包!打包薄板, 入库1件, 总件数4件', 0, 1, '2018-08-28 14:12:54', NULL, 1535436774.7388310000, 1),
(85069, 85, 8, '该订单产品已全部入库打包薄板, 入库1件, 总件数4件', 0, 1, '2018-08-28 14:12:54', NULL, 1535436774.7426330000, 1);

-- --------------------------------------------------------

--
-- 表的结构 `j_workflow_procedure`
--

CREATE TABLE `j_workflow_procedure` (
  `wp_id` smallint(4) NOT NULL COMMENT 'v',
  `wp_name` varchar(64) NOT NULL COMMENT '名称',
  `wp_label` varchar(64) NOT NULL COMMENT 'Label',
  `wp_previous` varchar(128) DEFAULT NULL COMMENT '前置节点',
  `wp_next` varchar(128) DEFAULT NULL COMMENT '后置节点',
  `wp_file` varchar(64) NOT NULL COMMENT '执行文件'
) ENGINE=InnoDB DEFAULT CHARSET=utf8 COMMENT='工序工作流';

--
-- 转存表中的数据 `j_workflow_procedure`
--

INSERT INTO `j_workflow_procedure` (`wp_id`, `wp_name`, `wp_label`, `wp_previous`, `wp_next`, `wp_file`) VALUES
(0, 'unwork', '未启用', '', '', 'Unwork_workflow'),
(1, 'create', '新建', '', '', 'Create_workflow'),
(2, 'optimize', '优化', '', '', 'Optimize_workflow'),
(3, 'print_list', '打印清单', '', '', 'Print_list_workflow'),
(4, 'shear', '等待排产', '', '', 'Shear_workflow'),
(5, 'shearing', '正在安排下料', '', '', 'Shearing_workflow'),
(6, 'sheared', '已排产', '', '', 'Sheared_workflow'),
(7, 'electronic_saw', '待下料', '', '', 'Electronic_saw_workflow'),
(8, 'electronic_sawing', '等待下料', '', '', 'Electronic_sawing_workflow'),
(9, 'electronic_sawed', '已下料', '', '', 'Electronic_sawed_workflow'),
(10, 'edge', '等待封边', '', '', 'Edge_workflow'),
(11, 'edging', '正在封边', '', '', 'Edging_workflow'),
(12, 'edged', '已封边', '', '', 'Edged_workflow'),
(13, 'punch', '等待打孔', '', '', 'Punch_workflow'),
(14, 'punching', '正在打孔', '', '', 'Punching_workflow'),
(15, 'punched', '已打孔', '', '', 'Punched_workflow'),
(16, 'scan', '等待扫描', '', '', 'Scan_workflow'),
(17, 'scanning', '正在扫描', '', '', 'Scanning_workflow'),
(18, 'scanned', '已扫描', '', '', 'Scanned_workflow'),
(19, 'pack', '等待打包', '', '', 'Pack_workflow'),
(20, 'packing', '正在打包', '', '', 'Packing_workflow'),
(21, 'packed', '已打包', '', '', 'Packed_workflow');

--
-- Indexes for dumped tables
--

--
-- Indexes for table `j_abnormity`
--
ALTER TABLE `j_abnormity`
  ADD PRIMARY KEY (`a_name`);

--
-- Indexes for table `j_application`
--
ALTER TABLE `j_application`
  ADD PRIMARY KEY (`a_id`);

--
-- Indexes for table `j_application_status`
--
ALTER TABLE `j_application_status`
  ADD PRIMARY KEY (`as_name`);

--
-- Indexes for table `j_application_type`
--
ALTER TABLE `j_application_type`
  ADD PRIMARY KEY (`at_name`);

--
-- Indexes for table `j_area`
--
ALTER TABLE `j_area`
  ADD PRIMARY KEY (`a_id`),
  ADD UNIQUE KEY `a_province` (`a_province`,`a_city`,`a_county`);

--
-- Indexes for table `j_board`
--
ALTER TABLE `j_board`
  ADD PRIMARY KEY (`b_name`),
  ADD UNIQUE KEY `b_name` (`b_name`);

--
-- Indexes for table `j_board_class`
--
ALTER TABLE `j_board_class`
  ADD PRIMARY KEY (`bc_name`),
  ADD UNIQUE KEY `bc_name` (`bc_name`);

--
-- Indexes for table `j_board_color`
--
ALTER TABLE `j_board_color`
  ADD PRIMARY KEY (`bc_name`),
  ADD UNIQUE KEY `bc_name` (`bc_name`);

--
-- Indexes for table `j_board_nature`
--
ALTER TABLE `j_board_nature`
  ADD PRIMARY KEY (`bn_name`),
  ADD UNIQUE KEY `bn_name` (`bn_name`);

--
-- Indexes for table `j_board_thick`
--
ALTER TABLE `j_board_thick`
  ADD PRIMARY KEY (`bt_name`),
  ADD UNIQUE KEY `bt_name` (`bt_name`);

--
-- Indexes for table `j_boolean_type`
--
ALTER TABLE `j_boolean_type`
  ADD PRIMARY KEY (`bt_name`),
  ADD UNIQUE KEY `bt_name` (`bt_name`);

--
-- Indexes for table `j_card`
--
ALTER TABLE `j_card`
  ADD PRIMARY KEY (`c_id`),
  ADD KEY `c_menu_id` (`c_menu_id`);

--
-- Indexes for table `j_card_setting`
--
ALTER TABLE `j_card_setting`
  ADD PRIMARY KEY (`cs_name`),
  ADD UNIQUE KEY `cs_name` (`cs_name`);

--
-- Indexes for table `j_card_type`
--
ALTER TABLE `j_card_type`
  ADD PRIMARY KEY (`ct_name`),
  ADD UNIQUE KEY `ct_name` (`ct_name`);

--
-- Indexes for table `j_classify`
--
ALTER TABLE `j_classify`
  ADD PRIMARY KEY (`c_id`);

--
-- Indexes for table `j_company_type`
--
ALTER TABLE `j_company_type`
  ADD PRIMARY KEY (`ct_name`);

--
-- Indexes for table `j_configs`
--
ALTER TABLE `j_configs`
  ADD PRIMARY KEY (`c_id`),
  ADD UNIQUE KEY `c_name` (`c_name`);

--
-- Indexes for table `j_configs_type`
--
ALTER TABLE `j_configs_type`
  ADD PRIMARY KEY (`ct_name`);

--
-- Indexes for table `j_dealer`
--
ALTER TABLE `j_dealer`
  ADD PRIMARY KEY (`d_id`),
  ADD UNIQUE KEY `d_num` (`d_num`);

--
-- Indexes for table `j_dealer_balance`
--
ALTER TABLE `j_dealer_balance`
  ADD PRIMARY KEY (`db_id`),
  ADD KEY `db_dealer_id` (`db_dealer_id`);

--
-- Indexes for table `j_dealer_delivery`
--
ALTER TABLE `j_dealer_delivery`
  ADD PRIMARY KEY (`dd_id`),
  ADD KEY `dd_dealer_id` (`dd_dealer_id`);

--
-- Indexes for table `j_dealer_delivery_shop`
--
ALTER TABLE `j_dealer_delivery_shop`
  ADD PRIMARY KEY (`dds_id`),
  ADD KEY `dds_dealer_delivery_id` (`dds_dealer_delivery_id`),
  ADD KEY `dds_shop_id` (`dds_shop_id`);

--
-- Indexes for table `j_dealer_linker`
--
ALTER TABLE `j_dealer_linker`
  ADD PRIMARY KEY (`dl_id`),
  ADD UNIQUE KEY `dl_name` (`dl_name`),
  ADD KEY `dl_dealer_id` (`dl_dealer_id`);

--
-- Indexes for table `j_dealer_linker_shop`
--
ALTER TABLE `j_dealer_linker_shop`
  ADD PRIMARY KEY (`dls_id`),
  ADD KEY `dls_dealer_linker_id` (`dls_dealer_linker_id`),
  ADD KEY `dls_shop_id` (`dls_shop_id`);

--
-- Indexes for table `j_dealer_owner`
--
ALTER TABLE `j_dealer_owner`
  ADD PRIMARY KEY (`do_id`),
  ADD UNIQUE KEY `do_dealer_id` (`do_dealer_id`,`do_owner_id`),
  ADD KEY `do_dealer_id_2` (`do_dealer_id`);

--
-- Indexes for table `j_dealer_status`
--
ALTER TABLE `j_dealer_status`
  ADD PRIMARY KEY (`ds_name`);

--
-- Indexes for table `j_dealer_track`
--
ALTER TABLE `j_dealer_track`
  ADD PRIMARY KEY (`dt_id`),
  ADD KEY `dt_shop_id` (`dt_shop_id`,`dt_dealer_id`),
  ADD KEY `dealer_track_dealer` (`dt_dealer_id`);

--
-- Indexes for table `j_door_edge`
--
ALTER TABLE `j_door_edge`
  ADD PRIMARY KEY (`de_name`);

--
-- Indexes for table `j_drawing`
--
ALTER TABLE `j_drawing`
  ADD PRIMARY KEY (`d_id`);

--
-- Indexes for table `j_edge`
--
ALTER TABLE `j_edge`
  ADD PRIMARY KEY (`e_name`,`e_thick`);

--
-- Indexes for table `j_element`
--
ALTER TABLE `j_element`
  ADD PRIMARY KEY (`e_id`),
  ADD KEY `e_card_id` (`e_card_id`);

--
-- Indexes for table `j_face`
--
ALTER TABLE `j_face`
  ADD PRIMARY KEY (`f_id`);

--
-- Indexes for table `j_facefb`
--
ALTER TABLE `j_facefb`
  ADD PRIMARY KEY (`f_name`);

--
-- Indexes for table `j_finance_account`
--
ALTER TABLE `j_finance_account`
  ADD PRIMARY KEY (`fa_id`),
  ADD UNIQUE KEY `fa_name` (`fa_name`),
  ADD UNIQUE KEY `fa_name_2` (`fa_name`);

--
-- Indexes for table `j_finance_activity_type`
--
ALTER TABLE `j_finance_activity_type`
  ADD PRIMARY KEY (`fat_name`);

--
-- Indexes for table `j_finance_income`
--
ALTER TABLE `j_finance_income`
  ADD PRIMARY KEY (`fr_id`);

--
-- Indexes for table `j_finance_income_status`
--
ALTER TABLE `j_finance_income_status`
  ADD PRIMARY KEY (`fis_name`);

--
-- Indexes for table `j_finance_pay`
--
ALTER TABLE `j_finance_pay`
  ADD PRIMARY KEY (`fp_id`);

--
-- Indexes for table `j_fitting`
--
ALTER TABLE `j_fitting`
  ADD PRIMARY KEY (`f_id`),
  ADD UNIQUE KEY `f_type_id` (`f_type_id`,`f_name`);

--
-- Indexes for table `j_form`
--
ALTER TABLE `j_form`
  ADD PRIMARY KEY (`f_id`),
  ADD KEY `f_func_id` (`f_func_id`);

--
-- Indexes for table `j_form_page`
--
ALTER TABLE `j_form_page`
  ADD PRIMARY KEY (`fp_id`),
  ADD KEY `fp_menu_id` (`fp_menu_id`);

--
-- Indexes for table `j_form_type`
--
ALTER TABLE `j_form_type`
  ADD PRIMARY KEY (`ft_name`),
  ADD UNIQUE KEY `ft_name` (`ft_name`);

--
-- Indexes for table `j_func`
--
ALTER TABLE `j_func`
  ADD PRIMARY KEY (`f_id`),
  ADD KEY `f_menu_id` (`f_menu_id`);

--
-- Indexes for table `j_goods`
--
ALTER TABLE `j_goods`
  ADD PRIMARY KEY (`g_id`);

--
-- Indexes for table `j_goods_speci`
--
ALTER TABLE `j_goods_speci`
  ADD PRIMARY KEY (`gs_id`),
  ADD UNIQUE KEY `gs_goods_id` (`gs_goods_id`,`gs_speci`);

--
-- Indexes for table `j_handle`
--
ALTER TABLE `j_handle`
  ADD PRIMARY KEY (`h_name`);

--
-- Indexes for table `j_hinge_punch`
--
ALTER TABLE `j_hinge_punch`
  ADD PRIMARY KEY (`hp_name`);

--
-- Indexes for table `j_income_pay`
--
ALTER TABLE `j_income_pay`
  ADD PRIMARY KEY (`ip_name`);

--
-- Indexes for table `j_logistics`
--
ALTER TABLE `j_logistics`
  ADD PRIMARY KEY (`l_name`);

--
-- Indexes for table `j_menu`
--
ALTER TABLE `j_menu`
  ADD PRIMARY KEY (`m_id`);

--
-- Indexes for table `j_modal_type`
--
ALTER TABLE `j_modal_type`
  ADD PRIMARY KEY (`mt_name`),
  ADD UNIQUE KEY `mt_name` (`mt_name`);

--
-- Indexes for table `j_mrp`
--
ALTER TABLE `j_mrp`
  ADD PRIMARY KEY (`m_id`);

--
-- Indexes for table `j_operation`
--
ALTER TABLE `j_operation`
  ADD PRIMARY KEY (`o_id`);

--
-- Indexes for table `j_order`
--
ALTER TABLE `j_order`
  ADD PRIMARY KEY (`o_id`),
  ADD KEY `o_num` (`o_num`),
  ADD KEY `o_status` (`o_status`),
  ADD KEY `o_dealer_id` (`o_dealer_id`);

--
-- Indexes for table `j_order_datetime`
--
ALTER TABLE `j_order_datetime`
  ADD PRIMARY KEY (`od_id`),
  ADD KEY `od_order_id` (`od_order_id`);

--
-- Indexes for table `j_order_finance_flow`
--
ALTER TABLE `j_order_finance_flow`
  ADD PRIMARY KEY (`off_id`),
  ADD KEY `off_order_id` (`off_order_id`);

--
-- Indexes for table `j_order_product`
--
ALTER TABLE `j_order_product`
  ADD PRIMARY KEY (`op_id`),
  ADD UNIQUE KEY `op_num` (`op_num`),
  ADD KEY `op_order_id` (`op_order_id`),
  ADD KEY `op_status` (`op_status`);

--
-- Indexes for table `j_order_product_board`
--
ALTER TABLE `j_order_product_board`
  ADD PRIMARY KEY (`opb_id`),
  ADD KEY `opb_order_product_id` (`opb_order_product_id`),
  ADD KEY `opb_status` (`opb_status`);

--
-- Indexes for table `j_order_product_board_door`
--
ALTER TABLE `j_order_product_board_door`
  ADD PRIMARY KEY (`opbd_id`),
  ADD KEY `opbd_order_product_board_id` (`opbd_order_product_board_id`);

--
-- Indexes for table `j_order_product_board_plate`
--
ALTER TABLE `j_order_product_board_plate`
  ADD PRIMARY KEY (`opbp_id`),
  ADD UNIQUE KEY `opbp_qrcode` (`opbp_qrcode`),
  ADD KEY `opbp_order_product_board_id` (`opbp_order_product_board_id`),
  ADD KEY `opbp_order_product_classify_id` (`opbp_order_product_classify_id`);

--
-- Indexes for table `j_order_product_board_wood`
--
ALTER TABLE `j_order_product_board_wood`
  ADD PRIMARY KEY (`opbw_id`),
  ADD KEY `opbw_order_product_board_id` (`opbw_order_product_board_id`);

--
-- Indexes for table `j_order_product_cabinet`
--
ALTER TABLE `j_order_product_cabinet`
  ADD PRIMARY KEY (`opc_id`);

--
-- Indexes for table `j_order_product_cabinet_struct`
--
ALTER TABLE `j_order_product_cabinet_struct`
  ADD PRIMARY KEY (`opcs_id`),
  ADD KEY `opcs_order_product_id` (`opcs_order_product_id`);

--
-- Indexes for table `j_order_product_classify`
--
ALTER TABLE `j_order_product_classify`
  ADD PRIMARY KEY (`opc_id`),
  ADD KEY `opc_order_product_id` (`opc_order_product_id`),
  ADD KEY `opc_classify_id` (`opc_classify_id`),
  ADD KEY `opc_status` (`opc_status`);

--
-- Indexes for table `j_order_product_door`
--
ALTER TABLE `j_order_product_door`
  ADD PRIMARY KEY (`opd_id`),
  ADD KEY `opd_order_product_id` (`opd_order_product_id`);

--
-- Indexes for table `j_order_product_fitting`
--
ALTER TABLE `j_order_product_fitting`
  ADD PRIMARY KEY (`opf_id`),
  ADD KEY `opf_order_product_id` (`opf_order_product_id`);

--
-- Indexes for table `j_order_product_other`
--
ALTER TABLE `j_order_product_other`
  ADD PRIMARY KEY (`opo_id`),
  ADD KEY `opo_order_product_id` (`opo_order_product_id`);

--
-- Indexes for table `j_order_product_remark`
--
ALTER TABLE `j_order_product_remark`
  ADD PRIMARY KEY (`opr_id`),
  ADD KEY `opr_order_product_id` (`opr_order_product_id`);

--
-- Indexes for table `j_order_product_server`
--
ALTER TABLE `j_order_product_server`
  ADD PRIMARY KEY (`ops_id`),
  ADD KEY `ops_order_product_id` (`ops_order_product_id`);

--
-- Indexes for table `j_order_product_wardrobe_struct`
--
ALTER TABLE `j_order_product_wardrobe_struct`
  ADD PRIMARY KEY (`opws_id`),
  ADD KEY `opws_order_product_id` (`opws_order_product_id`);

--
-- Indexes for table `j_order_remark`
--
ALTER TABLE `j_order_remark`
  ADD PRIMARY KEY (`or_id`),
  ADD KEY `or_order_id` (`or_order_id`);

--
-- Indexes for table `j_order_stock_outted`
--
ALTER TABLE `j_order_stock_outted`
  ADD PRIMARY KEY (`oso_id`),
  ADD KEY `order_stock_outted_order_id` (`oso_order_id`),
  ADD KEY `order_stock_outted_stock_outted_id` (`oso_stock_outted_id`);

--
-- Indexes for table `j_order_type`
--
ALTER TABLE `j_order_type`
  ADD PRIMARY KEY (`ot_name`);

--
-- Indexes for table `j_order_workflow`
--
ALTER TABLE `j_order_workflow`
  ADD PRIMARY KEY (`ow_id`),
  ADD UNIQUE KEY `ow_table` (`ow_table`,`ow_source_id`,`ow_status`);

--
-- Indexes for table `j_other`
--
ALTER TABLE `j_other`
  ADD PRIMARY KEY (`o_id`),
  ADD UNIQUE KEY `o_type_id` (`o_type_id`,`o_name`);

--
-- Indexes for table `j_out_method`
--
ALTER TABLE `j_out_method`
  ADD PRIMARY KEY (`om_name`);

--
-- Indexes for table `j_page_form`
--
ALTER TABLE `j_page_form`
  ADD PRIMARY KEY (`pf_id`),
  ADD KEY `pf_form_page_id` (`pf_form_page_id`);

--
-- Indexes for table `j_page_search`
--
ALTER TABLE `j_page_search`
  ADD PRIMARY KEY (`ps_id`),
  ADD KEY `ps_menu_id` (`ps_menu_id`);

--
-- Indexes for table `j_page_type`
--
ALTER TABLE `j_page_type`
  ADD PRIMARY KEY (`pt_name`),
  ADD UNIQUE KEY `pt_name` (`pt_name`);

--
-- Indexes for table `j_payterms`
--
ALTER TABLE `j_payterms`
  ADD PRIMARY KEY (`p_name`);

--
-- Indexes for table `j_pay_status`
--
ALTER TABLE `j_pay_status`
  ADD PRIMARY KEY (`ps_name`);

--
-- Indexes for table `j_pick_scan`
--
ALTER TABLE `j_pick_scan`
  ADD PRIMARY KEY (`ps_id`),
  ADD UNIQUE KEY `ps_qrcode` (`ps_qrcode`);

--
-- Indexes for table `j_plate`
--
ALTER TABLE `j_plate`
  ADD PRIMARY KEY (`p_name`);

--
-- Indexes for table `j_position`
--
ALTER TABLE `j_position`
  ADD PRIMARY KEY (`p_name`);

--
-- Indexes for table `j_print_task`
--
ALTER TABLE `j_print_task`
  ADD PRIMARY KEY (`pt_id`);

--
-- Indexes for table `j_priviledge`
--
ALTER TABLE `j_priviledge`
  ADD PRIMARY KEY (`p_id`);

--
-- Indexes for table `j_procedure`
--
ALTER TABLE `j_procedure`
  ADD PRIMARY KEY (`p_id`);

--
-- Indexes for table `j_procedure_workflow`
--
ALTER TABLE `j_procedure_workflow`
  ADD PRIMARY KEY (`pw_id`);

--
-- Indexes for table `j_product`
--
ALTER TABLE `j_product`
  ADD PRIMARY KEY (`p_id`),
  ADD UNIQUE KEY `p_name` (`p_name`,`p_code`);

--
-- Indexes for table `j_production_line`
--
ALTER TABLE `j_production_line`
  ADD PRIMARY KEY (`pl_id`);

--
-- Indexes for table `j_production_line_procedure`
--
ALTER TABLE `j_production_line_procedure`
  ADD PRIMARY KEY (`plp_id`),
  ADD KEY `plp_production_line_id` (`plp_production_line`),
  ADD KEY `plp_procedure` (`plp_procedure`);

--
-- Indexes for table `j_punch`
--
ALTER TABLE `j_punch`
  ADD PRIMARY KEY (`wp_name`),
  ADD UNIQUE KEY `wp_name` (`wp_name`);

--
-- Indexes for table `j_remark_list`
--
ALTER TABLE `j_remark_list`
  ADD PRIMARY KEY (`rl_id`),
  ADD UNIQUE KEY `rl_order_id` (`rl_order_id`);

--
-- Indexes for table `j_role`
--
ALTER TABLE `j_role`
  ADD PRIMARY KEY (`r_id`),
  ADD UNIQUE KEY `r_name` (`r_name`);

--
-- Indexes for table `j_role_card`
--
ALTER TABLE `j_role_card`
  ADD PRIMARY KEY (`rc_id`),
  ADD KEY `rc_role_id` (`rc_role_id`),
  ADD KEY `rc_card_id` (`rc_card_id`);

--
-- Indexes for table `j_role_element`
--
ALTER TABLE `j_role_element`
  ADD PRIMARY KEY (`re_id`),
  ADD KEY `re_role_id` (`re_role_id`),
  ADD KEY `re_element_id` (`re_element_id`);

--
-- Indexes for table `j_role_form`
--
ALTER TABLE `j_role_form`
  ADD PRIMARY KEY (`rf_id`),
  ADD KEY `rf_role_id` (`rf_role_id`),
  ADD KEY `rf_form_id` (`rf_form_id`);

--
-- Indexes for table `j_role_form_page`
--
ALTER TABLE `j_role_form_page`
  ADD PRIMARY KEY (`rfp_id`),
  ADD KEY `rfp_role_id` (`rfp_role_id`),
  ADD KEY `rfp_form_page_id` (`rfp_form_page_id`);

--
-- Indexes for table `j_role_func`
--
ALTER TABLE `j_role_func`
  ADD PRIMARY KEY (`rf_id`),
  ADD KEY `rf_role_id` (`rf_role_id`),
  ADD KEY `rf_func_id` (`rf_func_id`);

--
-- Indexes for table `j_role_menu`
--
ALTER TABLE `j_role_menu`
  ADD PRIMARY KEY (`rm_id`),
  ADD KEY `rm_role_id` (`rm_role_id`),
  ADD KEY `rm_menu_id` (`rm_menu_id`);

--
-- Indexes for table `j_role_page_form`
--
ALTER TABLE `j_role_page_form`
  ADD PRIMARY KEY (`rpf_id`),
  ADD KEY `rpf_role_id` (`rpf_role_id`),
  ADD KEY `rpf_page_form_id` (`rpf_page_form_id`);

--
-- Indexes for table `j_role_page_search`
--
ALTER TABLE `j_role_page_search`
  ADD PRIMARY KEY (`rps_id`),
  ADD KEY `rps_role_id` (`rps_role_id`),
  ADD KEY `rps_page_search_id` (`rps_page_search_id`);

--
-- Indexes for table `j_role_visit`
--
ALTER TABLE `j_role_visit`
  ADD PRIMARY KEY (`rv_id`),
  ADD KEY `rv_role_id` (`rv_role_id`),
  ADD KEY `rv_visit_id` (`rv_visit_id`);

--
-- Indexes for table `j_saler_board_price`
--
ALTER TABLE `j_saler_board_price`
  ADD PRIMARY KEY (`sbp_id`),
  ADD UNIQUE KEY `sbp_board` (`sbp_board`,`sbp_creator`),
  ADD KEY `sbp_board_2` (`sbp_board`);

--
-- Indexes for table `j_saler_goods_price`
--
ALTER TABLE `j_saler_goods_price`
  ADD PRIMARY KEY (`sgp_id`),
  ADD UNIQUE KEY `sgp_goods_speci_id` (`sgp_goods_speci_id`,`sgp_creator`);

--
-- Indexes for table `j_scan_status`
--
ALTER TABLE `j_scan_status`
  ADD PRIMARY KEY (`ss_name`);

--
-- Indexes for table `j_server`
--
ALTER TABLE `j_server`
  ADD PRIMARY KEY (`s_id`),
  ADD UNIQUE KEY `s_type_id` (`s_type_id`,`s_name`);

--
-- Indexes for table `j_shop`
--
ALTER TABLE `j_shop`
  ADD PRIMARY KEY (`s_id`),
  ADD KEY `s_dealer_id` (`s_dealer_id`);

--
-- Indexes for table `j_signin`
--
ALTER TABLE `j_signin`
  ADD PRIMARY KEY (`s_id`),
  ADD UNIQUE KEY `s_id` (`s_id`);

--
-- Indexes for table `j_slot`
--
ALTER TABLE `j_slot`
  ADD PRIMARY KEY (`ws_name`),
  ADD UNIQUE KEY `ws_name` (`ws_name`);

--
-- Indexes for table `j_speci`
--
ALTER TABLE `j_speci`
  ADD PRIMARY KEY (`s_id`);

--
-- Indexes for table `j_stock_outted`
--
ALTER TABLE `j_stock_outted`
  ADD PRIMARY KEY (`so_id`);

--
-- Indexes for table `j_stock_outted_status`
--
ALTER TABLE `j_stock_outted_status`
  ADD PRIMARY KEY (`sos_name`);

--
-- Indexes for table `j_supplier`
--
ALTER TABLE `j_supplier`
  ADD PRIMARY KEY (`s_id`),
  ADD UNIQUE KEY `s_name` (`s_name`),
  ADD UNIQUE KEY `s_code` (`s_code`);

--
-- Indexes for table `j_tag_type`
--
ALTER TABLE `j_tag_type`
  ADD PRIMARY KEY (`tt_name`),
  ADD UNIQUE KEY `tt_name` (`tt_name`);

--
-- Indexes for table `j_task_level`
--
ALTER TABLE `j_task_level`
  ADD PRIMARY KEY (`tl_id`);

--
-- Indexes for table `j_test`
--
ALTER TABLE `j_test`
  ADD PRIMARY KEY (`t_id`);

--
-- Indexes for table `j_toggle_type`
--
ALTER TABLE `j_toggle_type`
  ADD PRIMARY KEY (`tt_name`),
  ADD UNIQUE KEY `tt_name` (`tt_name`);

--
-- Indexes for table `j_track_title`
--
ALTER TABLE `j_track_title`
  ADD PRIMARY KEY (`tt_name`);

--
-- Indexes for table `j_train`
--
ALTER TABLE `j_train`
  ADD PRIMARY KEY (`t_id`);

--
-- Indexes for table `j_truck`
--
ALTER TABLE `j_truck`
  ADD PRIMARY KEY (`t_id`);

--
-- Indexes for table `j_unit`
--
ALTER TABLE `j_unit`
  ADD PRIMARY KEY (`u_name`);

--
-- Indexes for table `j_unqrcode`
--
ALTER TABLE `j_unqrcode`
  ADD PRIMARY KEY (`u_id`);

--
-- Indexes for table `j_user`
--
ALTER TABLE `j_user`
  ADD PRIMARY KEY (`u_id`),
  ADD UNIQUE KEY `u_name` (`u_name`),
  ADD KEY `u_usergroup_id` (`u_usergroup_id`);

--
-- Indexes for table `j_usergroup`
--
ALTER TABLE `j_usergroup`
  ADD PRIMARY KEY (`u_id`);

--
-- Indexes for table `j_usergroup_priviledge`
--
ALTER TABLE `j_usergroup_priviledge`
  ADD PRIMARY KEY (`up_id`);

--
-- Indexes for table `j_usergroup_role`
--
ALTER TABLE `j_usergroup_role`
  ADD PRIMARY KEY (`ur_id`),
  ADD KEY `ur_usergroup_id` (`ur_usergroup_id`),
  ADD KEY `ur_role_id` (`ur_role_id`);

--
-- Indexes for table `j_user_status`
--
ALTER TABLE `j_user_status`
  ADD PRIMARY KEY (`us_name`);

--
-- Indexes for table `j_visit`
--
ALTER TABLE `j_visit`
  ADD PRIMARY KEY (`v_id`);

--
-- Indexes for table `j_warehouse`
--
ALTER TABLE `j_warehouse`
  ADD PRIMARY KEY (`w_num`),
  ADD UNIQUE KEY `w_num` (`w_num`),
  ADD KEY `w_warehouse_shelve_num` (`w_warehouse_shelve_num`);

--
-- Indexes for table `j_warehouse_area`
--
ALTER TABLE `j_warehouse_area`
  ADD PRIMARY KEY (`wa_num`),
  ADD UNIQUE KEY `wa_num` (`wa_num`);

--
-- Indexes for table `j_warehouse_order_product`
--
ALTER TABLE `j_warehouse_order_product`
  ADD PRIMARY KEY (`wop_id`);

--
-- Indexes for table `j_warehouse_shelve`
--
ALTER TABLE `j_warehouse_shelve`
  ADD PRIMARY KEY (`ws_num`),
  ADD UNIQUE KEY `ws_num` (`ws_num`),
  ADD KEY `ws_warehouse_area_num` (`ws_warehouse_area_num`);

--
-- Indexes for table `j_warehouse_status`
--
ALTER TABLE `j_warehouse_status`
  ADD PRIMARY KEY (`ws_name`);

--
-- Indexes for table `j_wood_center`
--
ALTER TABLE `j_wood_center`
  ADD PRIMARY KEY (`wc_name`);

--
-- Indexes for table `j_wood_plate`
--
ALTER TABLE `j_wood_plate`
  ADD PRIMARY KEY (`wp_name`);

--
-- Indexes for table `j_workflow`
--
ALTER TABLE `j_workflow`
  ADD PRIMARY KEY (`w_id`);

--
-- Indexes for table `j_workflow_mrp`
--
ALTER TABLE `j_workflow_mrp`
  ADD PRIMARY KEY (`wm_id`);

--
-- Indexes for table `j_workflow_mrp_msg`
--
ALTER TABLE `j_workflow_mrp_msg`
  ADD PRIMARY KEY (`wmm_id`);

--
-- Indexes for table `j_workflow_msg`
--
ALTER TABLE `j_workflow_msg`
  ADD PRIMARY KEY (`wm_id`);

--
-- Indexes for table `j_workflow_order`
--
ALTER TABLE `j_workflow_order`
  ADD PRIMARY KEY (`wo_id`);

--
-- Indexes for table `j_workflow_order_msg`
--
ALTER TABLE `j_workflow_order_msg`
  ADD PRIMARY KEY (`wom_id`);

--
-- Indexes for table `j_workflow_order_product`
--
ALTER TABLE `j_workflow_order_product`
  ADD PRIMARY KEY (`wop_id`);

--
-- Indexes for table `j_workflow_order_product_board`
--
ALTER TABLE `j_workflow_order_product_board`
  ADD PRIMARY KEY (`wopb_id`);

--
-- Indexes for table `j_workflow_order_product_board_msg`
--
ALTER TABLE `j_workflow_order_product_board_msg`
  ADD PRIMARY KEY (`wopbm_id`);

--
-- Indexes for table `j_workflow_order_product_classify`
--
ALTER TABLE `j_workflow_order_product_classify`
  ADD PRIMARY KEY (`wopc_id`);

--
-- Indexes for table `j_workflow_order_product_classify_msg`
--
ALTER TABLE `j_workflow_order_product_classify_msg`
  ADD PRIMARY KEY (`wopcm_id`);

--
-- Indexes for table `j_workflow_order_product_msg`
--
ALTER TABLE `j_workflow_order_product_msg`
  ADD PRIMARY KEY (`wopm_id`);

--
-- Indexes for table `j_workflow_procedure`
--
ALTER TABLE `j_workflow_procedure`
  ADD PRIMARY KEY (`wp_id`);

--
-- 在导出的表使用AUTO_INCREMENT
--

--
-- 使用表AUTO_INCREMENT `j_application`
--
ALTER TABLE `j_application`
  MODIFY `a_id` int(10) UNSIGNED NOT NULL AUTO_INCREMENT COMMENT 'v', AUTO_INCREMENT=13;
--
-- 使用表AUTO_INCREMENT `j_area`
--
ALTER TABLE `j_area`
  MODIFY `a_id` int(10) UNSIGNED NOT NULL AUTO_INCREMENT COMMENT 'v', AUTO_INCREMENT=2910;
--
-- 使用表AUTO_INCREMENT `j_card`
--
ALTER TABLE `j_card`
  MODIFY `c_id` smallint(4) UNSIGNED NOT NULL AUTO_INCREMENT COMMENT 'v', AUTO_INCREMENT=162;
--
-- 使用表AUTO_INCREMENT `j_classify`
--
ALTER TABLE `j_classify`
  MODIFY `c_id` smallint(4) UNSIGNED NOT NULL AUTO_INCREMENT COMMENT 'v', AUTO_INCREMENT=79;
--
-- 使用表AUTO_INCREMENT `j_configs`
--
ALTER TABLE `j_configs`
  MODIFY `c_id` smallint(4) UNSIGNED NOT NULL AUTO_INCREMENT COMMENT 'v', AUTO_INCREMENT=10;
--
-- 使用表AUTO_INCREMENT `j_dealer`
--
ALTER TABLE `j_dealer`
  MODIFY `d_id` int(10) UNSIGNED NOT NULL AUTO_INCREMENT COMMENT 'v', AUTO_INCREMENT=4;
--
-- 使用表AUTO_INCREMENT `j_dealer_balance`
--
ALTER TABLE `j_dealer_balance`
  MODIFY `db_id` int(10) UNSIGNED NOT NULL AUTO_INCREMENT COMMENT 'v';
--
-- 使用表AUTO_INCREMENT `j_dealer_delivery`
--
ALTER TABLE `j_dealer_delivery`
  MODIFY `dd_id` int(10) UNSIGNED NOT NULL AUTO_INCREMENT COMMENT 'v', AUTO_INCREMENT=11;
--
-- 使用表AUTO_INCREMENT `j_dealer_delivery_shop`
--
ALTER TABLE `j_dealer_delivery_shop`
  MODIFY `dds_id` int(10) UNSIGNED NOT NULL AUTO_INCREMENT COMMENT 'v', AUTO_INCREMENT=10;
--
-- 使用表AUTO_INCREMENT `j_dealer_linker`
--
ALTER TABLE `j_dealer_linker`
  MODIFY `dl_id` int(10) UNSIGNED NOT NULL AUTO_INCREMENT COMMENT 'v', AUTO_INCREMENT=8;
--
-- 使用表AUTO_INCREMENT `j_dealer_linker_shop`
--
ALTER TABLE `j_dealer_linker_shop`
  MODIFY `dls_id` int(10) UNSIGNED NOT NULL AUTO_INCREMENT COMMENT 'v', AUTO_INCREMENT=9;
--
-- 使用表AUTO_INCREMENT `j_dealer_owner`
--
ALTER TABLE `j_dealer_owner`
  MODIFY `do_id` int(10) UNSIGNED NOT NULL AUTO_INCREMENT COMMENT 'v', AUTO_INCREMENT=5;
--
-- 使用表AUTO_INCREMENT `j_dealer_track`
--
ALTER TABLE `j_dealer_track`
  MODIFY `dt_id` int(10) UNSIGNED NOT NULL AUTO_INCREMENT COMMENT 'v', AUTO_INCREMENT=10;
--
-- 使用表AUTO_INCREMENT `j_drawing`
--
ALTER TABLE `j_drawing`
  MODIFY `d_id` int(10) UNSIGNED NOT NULL AUTO_INCREMENT COMMENT 'v', AUTO_INCREMENT=2;
--
-- 使用表AUTO_INCREMENT `j_element`
--
ALTER TABLE `j_element`
  MODIFY `e_id` smallint(4) UNSIGNED NOT NULL AUTO_INCREMENT COMMENT 'v', AUTO_INCREMENT=1260;
--
-- 使用表AUTO_INCREMENT `j_face`
--
ALTER TABLE `j_face`
  MODIFY `f_id` smallint(4) UNSIGNED NOT NULL AUTO_INCREMENT COMMENT 'v', AUTO_INCREMENT=4;
--
-- 使用表AUTO_INCREMENT `j_finance_account`
--
ALTER TABLE `j_finance_account`
  MODIFY `fa_id` smallint(4) UNSIGNED NOT NULL AUTO_INCREMENT COMMENT 'v', AUTO_INCREMENT=9;
--
-- 使用表AUTO_INCREMENT `j_finance_income`
--
ALTER TABLE `j_finance_income`
  MODIFY `fr_id` int(10) UNSIGNED NOT NULL AUTO_INCREMENT COMMENT 'v', AUTO_INCREMENT=3;
--
-- 使用表AUTO_INCREMENT `j_finance_pay`
--
ALTER TABLE `j_finance_pay`
  MODIFY `fp_id` int(10) UNSIGNED NOT NULL AUTO_INCREMENT COMMENT 'v';
--
-- 使用表AUTO_INCREMENT `j_fitting`
--
ALTER TABLE `j_fitting`
  MODIFY `f_id` smallint(4) UNSIGNED NOT NULL AUTO_INCREMENT COMMENT 'v', AUTO_INCREMENT=201;
--
-- 使用表AUTO_INCREMENT `j_form`
--
ALTER TABLE `j_form`
  MODIFY `f_id` smallint(4) UNSIGNED NOT NULL AUTO_INCREMENT COMMENT 'v', AUTO_INCREMENT=820;
--
-- 使用表AUTO_INCREMENT `j_form_page`
--
ALTER TABLE `j_form_page`
  MODIFY `fp_id` int(10) UNSIGNED NOT NULL AUTO_INCREMENT COMMENT 'v', AUTO_INCREMENT=14;
--
-- 使用表AUTO_INCREMENT `j_func`
--
ALTER TABLE `j_func`
  MODIFY `f_id` smallint(4) UNSIGNED NOT NULL AUTO_INCREMENT COMMENT 'v', AUTO_INCREMENT=344;
--
-- 使用表AUTO_INCREMENT `j_goods`
--
ALTER TABLE `j_goods`
  MODIFY `g_id` int(10) UNSIGNED NOT NULL AUTO_INCREMENT COMMENT 'v', AUTO_INCREMENT=8;
--
-- 使用表AUTO_INCREMENT `j_goods_speci`
--
ALTER TABLE `j_goods_speci`
  MODIFY `gs_id` int(10) UNSIGNED NOT NULL AUTO_INCREMENT COMMENT 'v', AUTO_INCREMENT=16;
--
-- 使用表AUTO_INCREMENT `j_menu`
--
ALTER TABLE `j_menu`
  MODIFY `m_id` smallint(4) UNSIGNED NOT NULL AUTO_INCREMENT COMMENT 'v', AUTO_INCREMENT=213;
--
-- 使用表AUTO_INCREMENT `j_mrp`
--
ALTER TABLE `j_mrp`
  MODIFY `m_id` int(10) NOT NULL AUTO_INCREMENT COMMENT 'v', AUTO_INCREMENT=12;
--
-- 使用表AUTO_INCREMENT `j_operation`
--
ALTER TABLE `j_operation`
  MODIFY `o_id` smallint(4) UNSIGNED NOT NULL AUTO_INCREMENT COMMENT 'v', AUTO_INCREMENT=41;
--
-- 使用表AUTO_INCREMENT `j_order`
--
ALTER TABLE `j_order`
  MODIFY `o_id` int(10) UNSIGNED NOT NULL AUTO_INCREMENT COMMENT 'v', AUTO_INCREMENT=36;
--
-- 使用表AUTO_INCREMENT `j_order_datetime`
--
ALTER TABLE `j_order_datetime`
  MODIFY `od_id` int(10) UNSIGNED NOT NULL AUTO_INCREMENT COMMENT 'v', AUTO_INCREMENT=11;
--
-- 使用表AUTO_INCREMENT `j_order_finance_flow`
--
ALTER TABLE `j_order_finance_flow`
  MODIFY `off_id` int(10) UNSIGNED NOT NULL AUTO_INCREMENT COMMENT 'v';
--
-- 使用表AUTO_INCREMENT `j_order_product`
--
ALTER TABLE `j_order_product`
  MODIFY `op_id` int(10) UNSIGNED NOT NULL AUTO_INCREMENT COMMENT 'v', AUTO_INCREMENT=86;
--
-- 使用表AUTO_INCREMENT `j_order_product_board`
--
ALTER TABLE `j_order_product_board`
  MODIFY `opb_id` int(10) UNSIGNED NOT NULL AUTO_INCREMENT COMMENT 'v', AUTO_INCREMENT=35;
--
-- 使用表AUTO_INCREMENT `j_order_product_board_door`
--
ALTER TABLE `j_order_product_board_door`
  MODIFY `opbd_id` int(10) UNSIGNED NOT NULL AUTO_INCREMENT COMMENT 'v', AUTO_INCREMENT=29;
--
-- 使用表AUTO_INCREMENT `j_order_product_board_plate`
--
ALTER TABLE `j_order_product_board_plate`
  MODIFY `opbp_id` int(10) UNSIGNED NOT NULL AUTO_INCREMENT COMMENT 'v', AUTO_INCREMENT=728;
--
-- 使用表AUTO_INCREMENT `j_order_product_board_wood`
--
ALTER TABLE `j_order_product_board_wood`
  MODIFY `opbw_id` int(10) UNSIGNED NOT NULL AUTO_INCREMENT COMMENT 'v', AUTO_INCREMENT=19;
--
-- 使用表AUTO_INCREMENT `j_order_product_cabinet`
--
ALTER TABLE `j_order_product_cabinet`
  MODIFY `opc_id` int(10) UNSIGNED NOT NULL AUTO_INCREMENT COMMENT 'v';
--
-- 使用表AUTO_INCREMENT `j_order_product_cabinet_struct`
--
ALTER TABLE `j_order_product_cabinet_struct`
  MODIFY `opcs_id` int(10) UNSIGNED NOT NULL AUTO_INCREMENT COMMENT 'v', AUTO_INCREMENT=17;
--
-- 使用表AUTO_INCREMENT `j_order_product_classify`
--
ALTER TABLE `j_order_product_classify`
  MODIFY `opc_id` int(10) UNSIGNED NOT NULL AUTO_INCREMENT COMMENT 'v', AUTO_INCREMENT=18;
--
-- 使用表AUTO_INCREMENT `j_order_product_door`
--
ALTER TABLE `j_order_product_door`
  MODIFY `opd_id` int(10) UNSIGNED NOT NULL AUTO_INCREMENT COMMENT 'v', AUTO_INCREMENT=6;
--
-- 使用表AUTO_INCREMENT `j_order_product_fitting`
--
ALTER TABLE `j_order_product_fitting`
  MODIFY `opf_id` int(10) UNSIGNED NOT NULL AUTO_INCREMENT COMMENT 'v', AUTO_INCREMENT=16;
--
-- 使用表AUTO_INCREMENT `j_order_product_other`
--
ALTER TABLE `j_order_product_other`
  MODIFY `opo_id` int(10) UNSIGNED NOT NULL AUTO_INCREMENT COMMENT 'v', AUTO_INCREMENT=27;
--
-- 使用表AUTO_INCREMENT `j_order_product_remark`
--
ALTER TABLE `j_order_product_remark`
  MODIFY `opr_id` int(10) UNSIGNED NOT NULL AUTO_INCREMENT COMMENT 'v';
--
-- 使用表AUTO_INCREMENT `j_order_product_server`
--
ALTER TABLE `j_order_product_server`
  MODIFY `ops_id` int(10) UNSIGNED NOT NULL AUTO_INCREMENT COMMENT 'v', AUTO_INCREMENT=17;
--
-- 使用表AUTO_INCREMENT `j_order_product_wardrobe_struct`
--
ALTER TABLE `j_order_product_wardrobe_struct`
  MODIFY `opws_id` int(10) UNSIGNED NOT NULL AUTO_INCREMENT COMMENT 'v', AUTO_INCREMENT=11;
--
-- 使用表AUTO_INCREMENT `j_order_remark`
--
ALTER TABLE `j_order_remark`
  MODIFY `or_id` int(10) UNSIGNED NOT NULL AUTO_INCREMENT COMMENT 'v';
--
-- 使用表AUTO_INCREMENT `j_order_workflow`
--
ALTER TABLE `j_order_workflow`
  MODIFY `ow_id` int(10) UNSIGNED NOT NULL AUTO_INCREMENT COMMENT 'v';
--
-- 使用表AUTO_INCREMENT `j_other`
--
ALTER TABLE `j_other`
  MODIFY `o_id` int(10) UNSIGNED NOT NULL AUTO_INCREMENT COMMENT 'v', AUTO_INCREMENT=9;
--
-- 使用表AUTO_INCREMENT `j_page_form`
--
ALTER TABLE `j_page_form`
  MODIFY `pf_id` smallint(4) UNSIGNED NOT NULL AUTO_INCREMENT COMMENT 'v', AUTO_INCREMENT=60;
--
-- 使用表AUTO_INCREMENT `j_page_search`
--
ALTER TABLE `j_page_search`
  MODIFY `ps_id` smallint(4) UNSIGNED NOT NULL AUTO_INCREMENT COMMENT 'v', AUTO_INCREMENT=181;
--
-- 使用表AUTO_INCREMENT `j_pick_scan`
--
ALTER TABLE `j_pick_scan`
  MODIFY `ps_id` int(10) UNSIGNED NOT NULL AUTO_INCREMENT COMMENT 'v', AUTO_INCREMENT=19;
--
-- 使用表AUTO_INCREMENT `j_print_task`
--
ALTER TABLE `j_print_task`
  MODIFY `pt_id` int(10) UNSIGNED NOT NULL AUTO_INCREMENT COMMENT 'v', AUTO_INCREMENT=6;
--
-- 使用表AUTO_INCREMENT `j_priviledge`
--
ALTER TABLE `j_priviledge`
  MODIFY `p_id` int(10) UNSIGNED NOT NULL AUTO_INCREMENT COMMENT 'v', AUTO_INCREMENT=142;
--
-- 使用表AUTO_INCREMENT `j_procedure_workflow`
--
ALTER TABLE `j_procedure_workflow`
  MODIFY `pw_id` int(10) UNSIGNED NOT NULL AUTO_INCREMENT COMMENT 'v', AUTO_INCREMENT=30;
--
-- 使用表AUTO_INCREMENT `j_product`
--
ALTER TABLE `j_product`
  MODIFY `p_id` int(10) UNSIGNED NOT NULL AUTO_INCREMENT COMMENT 'v', AUTO_INCREMENT=35;
--
-- 使用表AUTO_INCREMENT `j_production_line_procedure`
--
ALTER TABLE `j_production_line_procedure`
  MODIFY `plp_id` int(10) UNSIGNED NOT NULL AUTO_INCREMENT COMMENT 'v', AUTO_INCREMENT=215;
--
-- 使用表AUTO_INCREMENT `j_remark_list`
--
ALTER TABLE `j_remark_list`
  MODIFY `rl_id` int(10) UNSIGNED NOT NULL AUTO_INCREMENT COMMENT 'v', AUTO_INCREMENT=2;
--
-- 使用表AUTO_INCREMENT `j_role`
--
ALTER TABLE `j_role`
  MODIFY `r_id` smallint(4) UNSIGNED NOT NULL AUTO_INCREMENT COMMENT 'v', AUTO_INCREMENT=15;
--
-- 使用表AUTO_INCREMENT `j_role_card`
--
ALTER TABLE `j_role_card`
  MODIFY `rc_id` int(10) UNSIGNED NOT NULL AUTO_INCREMENT COMMENT 'v', AUTO_INCREMENT=274;
--
-- 使用表AUTO_INCREMENT `j_role_element`
--
ALTER TABLE `j_role_element`
  MODIFY `re_id` int(10) UNSIGNED NOT NULL AUTO_INCREMENT COMMENT 'v', AUTO_INCREMENT=2007;
--
-- 使用表AUTO_INCREMENT `j_role_form`
--
ALTER TABLE `j_role_form`
  MODIFY `rf_id` int(10) UNSIGNED NOT NULL AUTO_INCREMENT COMMENT 'v', AUTO_INCREMENT=1491;
--
-- 使用表AUTO_INCREMENT `j_role_form_page`
--
ALTER TABLE `j_role_form_page`
  MODIFY `rfp_id` int(10) UNSIGNED NOT NULL AUTO_INCREMENT COMMENT 'v', AUTO_INCREMENT=22;
--
-- 使用表AUTO_INCREMENT `j_role_func`
--
ALTER TABLE `j_role_func`
  MODIFY `rf_id` int(10) UNSIGNED NOT NULL AUTO_INCREMENT COMMENT 'v', AUTO_INCREMENT=548;
--
-- 使用表AUTO_INCREMENT `j_role_menu`
--
ALTER TABLE `j_role_menu`
  MODIFY `rm_id` int(10) UNSIGNED NOT NULL AUTO_INCREMENT COMMENT 'v', AUTO_INCREMENT=461;
--
-- 使用表AUTO_INCREMENT `j_role_page_form`
--
ALTER TABLE `j_role_page_form`
  MODIFY `rpf_id` int(10) UNSIGNED NOT NULL AUTO_INCREMENT COMMENT 'v', AUTO_INCREMENT=98;
--
-- 使用表AUTO_INCREMENT `j_role_page_search`
--
ALTER TABLE `j_role_page_search`
  MODIFY `rps_id` int(10) UNSIGNED NOT NULL AUTO_INCREMENT COMMENT 'v', AUTO_INCREMENT=319;
--
-- 使用表AUTO_INCREMENT `j_role_visit`
--
ALTER TABLE `j_role_visit`
  MODIFY `rv_id` int(10) UNSIGNED NOT NULL AUTO_INCREMENT COMMENT 'v', AUTO_INCREMENT=7;
--
-- 使用表AUTO_INCREMENT `j_saler_board_price`
--
ALTER TABLE `j_saler_board_price`
  MODIFY `sbp_id` int(10) UNSIGNED NOT NULL AUTO_INCREMENT COMMENT 'v', AUTO_INCREMENT=105;
--
-- 使用表AUTO_INCREMENT `j_saler_goods_price`
--
ALTER TABLE `j_saler_goods_price`
  MODIFY `sgp_id` int(10) UNSIGNED NOT NULL AUTO_INCREMENT COMMENT 'v', AUTO_INCREMENT=2;
--
-- 使用表AUTO_INCREMENT `j_server`
--
ALTER TABLE `j_server`
  MODIFY `s_id` smallint(4) UNSIGNED NOT NULL AUTO_INCREMENT COMMENT 'v', AUTO_INCREMENT=18;
--
-- 使用表AUTO_INCREMENT `j_shop`
--
ALTER TABLE `j_shop`
  MODIFY `s_id` int(10) UNSIGNED NOT NULL AUTO_INCREMENT COMMENT 'v', AUTO_INCREMENT=6;
--
-- 使用表AUTO_INCREMENT `j_signin`
--
ALTER TABLE `j_signin`
  MODIFY `s_id` int(10) UNSIGNED NOT NULL AUTO_INCREMENT COMMENT 'v', AUTO_INCREMENT=494;
--
-- 使用表AUTO_INCREMENT `j_speci`
--
ALTER TABLE `j_speci`
  MODIFY `s_id` int(10) UNSIGNED NOT NULL AUTO_INCREMENT COMMENT 'v', AUTO_INCREMENT=11;
--
-- 使用表AUTO_INCREMENT `j_stock_outted`
--
ALTER TABLE `j_stock_outted`
  MODIFY `so_id` int(10) UNSIGNED NOT NULL AUTO_INCREMENT COMMENT 'v';
--
-- 使用表AUTO_INCREMENT `j_supplier`
--
ALTER TABLE `j_supplier`
  MODIFY `s_id` smallint(4) UNSIGNED NOT NULL AUTO_INCREMENT COMMENT 'v', AUTO_INCREMENT=17;
--
-- 使用表AUTO_INCREMENT `j_task_level`
--
ALTER TABLE `j_task_level`
  MODIFY `tl_id` tinyint(2) UNSIGNED NOT NULL AUTO_INCREMENT COMMENT 'v', AUTO_INCREMENT=4;
--
-- 使用表AUTO_INCREMENT `j_test`
--
ALTER TABLE `j_test`
  MODIFY `t_id` int(10) UNSIGNED NOT NULL AUTO_INCREMENT COMMENT 'id';
--
-- 使用表AUTO_INCREMENT `j_train`
--
ALTER TABLE `j_train`
  MODIFY `t_id` smallint(4) UNSIGNED NOT NULL AUTO_INCREMENT COMMENT 'v', AUTO_INCREMENT=3;
--
-- 使用表AUTO_INCREMENT `j_truck`
--
ALTER TABLE `j_truck`
  MODIFY `t_id` smallint(4) UNSIGNED NOT NULL AUTO_INCREMENT COMMENT 'v', AUTO_INCREMENT=7;
--
-- 使用表AUTO_INCREMENT `j_unqrcode`
--
ALTER TABLE `j_unqrcode`
  MODIFY `u_id` int(10) UNSIGNED NOT NULL AUTO_INCREMENT COMMENT 'v';
--
-- 使用表AUTO_INCREMENT `j_user`
--
ALTER TABLE `j_user`
  MODIFY `u_id` int(10) UNSIGNED NOT NULL AUTO_INCREMENT COMMENT 'v', AUTO_INCREMENT=42;
--
-- 使用表AUTO_INCREMENT `j_usergroup`
--
ALTER TABLE `j_usergroup`
  MODIFY `u_id` smallint(4) UNSIGNED NOT NULL AUTO_INCREMENT COMMENT 'v', AUTO_INCREMENT=31;
--
-- 使用表AUTO_INCREMENT `j_usergroup_priviledge`
--
ALTER TABLE `j_usergroup_priviledge`
  MODIFY `up_id` int(10) UNSIGNED NOT NULL AUTO_INCREMENT, AUTO_INCREMENT=693;
--
-- 使用表AUTO_INCREMENT `j_usergroup_role`
--
ALTER TABLE `j_usergroup_role`
  MODIFY `ur_id` int(10) UNSIGNED NOT NULL AUTO_INCREMENT COMMENT 'v', AUTO_INCREMENT=39;
--
-- 使用表AUTO_INCREMENT `j_visit`
--
ALTER TABLE `j_visit`
  MODIFY `v_id` smallint(4) UNSIGNED NOT NULL AUTO_INCREMENT COMMENT 'v', AUTO_INCREMENT=5;
--
-- 使用表AUTO_INCREMENT `j_warehouse_order_product`
--
ALTER TABLE `j_warehouse_order_product`
  MODIFY `wop_id` int(10) UNSIGNED NOT NULL AUTO_INCREMENT COMMENT 'v', AUTO_INCREMENT=2;
--
-- 使用表AUTO_INCREMENT `j_workflow`
--
ALTER TABLE `j_workflow`
  MODIFY `w_id` smallint(4) UNSIGNED NOT NULL AUTO_INCREMENT COMMENT 'v', AUTO_INCREMENT=39;
--
-- 使用表AUTO_INCREMENT `j_workflow_mrp_msg`
--
ALTER TABLE `j_workflow_mrp_msg`
  MODIFY `wmm_id` int(10) UNSIGNED NOT NULL AUTO_INCREMENT COMMENT 'v', AUTO_INCREMENT=54;
--
-- 使用表AUTO_INCREMENT `j_workflow_msg`
--
ALTER TABLE `j_workflow_msg`
  MODIFY `wm_id` int(10) UNSIGNED NOT NULL AUTO_INCREMENT COMMENT 'v';
--
-- 使用表AUTO_INCREMENT `j_workflow_order_msg`
--
ALTER TABLE `j_workflow_order_msg`
  MODIFY `wom_id` int(10) UNSIGNED NOT NULL AUTO_INCREMENT COMMENT 'v', AUTO_INCREMENT=189;
--
-- 使用表AUTO_INCREMENT `j_workflow_order_product_board_msg`
--
ALTER TABLE `j_workflow_order_product_board_msg`
  MODIFY `wopbm_id` int(10) UNSIGNED NOT NULL AUTO_INCREMENT COMMENT 'v', AUTO_INCREMENT=9;
--
-- 使用表AUTO_INCREMENT `j_workflow_order_product_classify_msg`
--
ALTER TABLE `j_workflow_order_product_classify_msg`
  MODIFY `wopcm_id` int(10) UNSIGNED NOT NULL AUTO_INCREMENT COMMENT 'v', AUTO_INCREMENT=84915;
--
-- 使用表AUTO_INCREMENT `j_workflow_order_product_msg`
--
ALTER TABLE `j_workflow_order_product_msg`
  MODIFY `wopm_id` int(10) UNSIGNED NOT NULL AUTO_INCREMENT COMMENT 'v', AUTO_INCREMENT=85070;
--
-- 限制导出的表
--

--
-- 限制表 `j_card`
--
ALTER TABLE `j_card`
  ADD CONSTRAINT `card_menu_v` FOREIGN KEY (`c_menu_id`) REFERENCES `j_menu` (`m_id`) ON DELETE CASCADE ON UPDATE CASCADE;

--
-- 限制表 `j_dealer_balance`
--
ALTER TABLE `j_dealer_balance`
  ADD CONSTRAINT `dealer_balace_dealer` FOREIGN KEY (`db_dealer_id`) REFERENCES `j_dealer` (`d_id`) ON DELETE CASCADE ON UPDATE CASCADE;

--
-- 限制表 `j_dealer_delivery`
--
ALTER TABLE `j_dealer_delivery`
  ADD CONSTRAINT `dealer_delivery_dealer` FOREIGN KEY (`dd_dealer_id`) REFERENCES `j_dealer` (`d_id`) ON DELETE CASCADE ON UPDATE CASCADE;

--
-- 限制表 `j_dealer_delivery_shop`
--
ALTER TABLE `j_dealer_delivery_shop`
  ADD CONSTRAINT `dealer_delivery_shop_dealer_delivery` FOREIGN KEY (`dds_dealer_delivery_id`) REFERENCES `j_dealer_delivery` (`dd_id`) ON DELETE CASCADE ON UPDATE CASCADE,
  ADD CONSTRAINT `dealer_delivery_shop_shop` FOREIGN KEY (`dds_shop_id`) REFERENCES `j_shop` (`s_id`) ON DELETE CASCADE ON UPDATE CASCADE;

--
-- 限制表 `j_dealer_linker`
--
ALTER TABLE `j_dealer_linker`
  ADD CONSTRAINT `dealer_linker_dealer` FOREIGN KEY (`dl_dealer_id`) REFERENCES `j_dealer` (`d_id`) ON DELETE CASCADE ON UPDATE CASCADE;

--
-- 限制表 `j_dealer_linker_shop`
--
ALTER TABLE `j_dealer_linker_shop`
  ADD CONSTRAINT `dealer_linker_shop_dealer_linker` FOREIGN KEY (`dls_dealer_linker_id`) REFERENCES `j_dealer_linker` (`dl_id`) ON DELETE CASCADE ON UPDATE CASCADE,
  ADD CONSTRAINT `dealer_linker_shop_shop` FOREIGN KEY (`dls_shop_id`) REFERENCES `j_shop` (`s_id`) ON DELETE CASCADE ON UPDATE CASCADE;

--
-- 限制表 `j_dealer_owner`
--
ALTER TABLE `j_dealer_owner`
  ADD CONSTRAINT `dealer_owner_dealer` FOREIGN KEY (`do_dealer_id`) REFERENCES `j_dealer` (`d_id`) ON DELETE CASCADE ON UPDATE CASCADE;

--
-- 限制表 `j_dealer_track`
--
ALTER TABLE `j_dealer_track`
  ADD CONSTRAINT `dealer_track_dealer` FOREIGN KEY (`dt_dealer_id`) REFERENCES `j_dealer` (`d_id`) ON DELETE CASCADE ON UPDATE CASCADE,
  ADD CONSTRAINT `dealer_track_shop` FOREIGN KEY (`dt_shop_id`) REFERENCES `j_shop` (`s_id`) ON DELETE CASCADE ON UPDATE CASCADE;

--
-- 限制表 `j_element`
--
ALTER TABLE `j_element`
  ADD CONSTRAINT `element_card_v` FOREIGN KEY (`e_card_id`) REFERENCES `j_card` (`c_id`) ON DELETE CASCADE ON UPDATE CASCADE;

--
-- 限制表 `j_form`
--
ALTER TABLE `j_form`
  ADD CONSTRAINT `form_func_v` FOREIGN KEY (`f_func_id`) REFERENCES `j_func` (`f_id`) ON DELETE CASCADE ON UPDATE CASCADE;

--
-- 限制表 `j_form_page`
--
ALTER TABLE `j_form_page`
  ADD CONSTRAINT `form_page_menu_v` FOREIGN KEY (`fp_menu_id`) REFERENCES `j_menu` (`m_id`) ON DELETE CASCADE ON UPDATE CASCADE;

--
-- 限制表 `j_func`
--
ALTER TABLE `j_func`
  ADD CONSTRAINT `func_menu_v` FOREIGN KEY (`f_menu_id`) REFERENCES `j_menu` (`m_id`) ON DELETE CASCADE ON UPDATE CASCADE;

--
-- 限制表 `j_order`
--
ALTER TABLE `j_order`
  ADD CONSTRAINT `o_dealer_id` FOREIGN KEY (`o_dealer_id`) REFERENCES `j_dealer` (`d_id`) ON DELETE NO ACTION ON UPDATE NO ACTION,
  ADD CONSTRAINT `o_status` FOREIGN KEY (`o_status`) REFERENCES `j_workflow_order` (`wo_id`) ON DELETE NO ACTION ON UPDATE NO ACTION;

--
-- 限制表 `j_order_datetime`
--
ALTER TABLE `j_order_datetime`
  ADD CONSTRAINT `od_order_id` FOREIGN KEY (`od_order_id`) REFERENCES `j_order` (`o_id`) ON DELETE CASCADE ON UPDATE CASCADE;

--
-- 限制表 `j_order_finance_flow`
--
ALTER TABLE `j_order_finance_flow`
  ADD CONSTRAINT `order_finance_flow_order` FOREIGN KEY (`off_order_id`) REFERENCES `j_order` (`o_id`) ON DELETE CASCADE ON UPDATE CASCADE;

--
-- 限制表 `j_order_product`
--
ALTER TABLE `j_order_product`
  ADD CONSTRAINT `op_order_id` FOREIGN KEY (`op_order_id`) REFERENCES `j_order` (`o_id`) ON DELETE CASCADE ON UPDATE CASCADE,
  ADD CONSTRAINT `op_workflow_order_product_id` FOREIGN KEY (`op_status`) REFERENCES `j_workflow_order_product` (`wop_id`) ON DELETE NO ACTION ON UPDATE NO ACTION;

--
-- 限制表 `j_order_product_board`
--
ALTER TABLE `j_order_product_board`
  ADD CONSTRAINT `opb_order_product_id` FOREIGN KEY (`opb_order_product_id`) REFERENCES `j_order_product` (`op_id`) ON DELETE CASCADE ON UPDATE CASCADE,
  ADD CONSTRAINT `opb_workflow_order_product_board_id` FOREIGN KEY (`opb_status`) REFERENCES `j_workflow_procedure` (`wp_id`) ON DELETE NO ACTION ON UPDATE NO ACTION;

--
-- 限制表 `j_order_product_board_door`
--
ALTER TABLE `j_order_product_board_door`
  ADD CONSTRAINT `opb_order_product_board_id` FOREIGN KEY (`opbd_order_product_board_id`) REFERENCES `j_order_product_board` (`opb_id`) ON DELETE CASCADE ON UPDATE CASCADE;

--
-- 限制表 `j_order_product_board_plate`
--
ALTER TABLE `j_order_product_board_plate`
  ADD CONSTRAINT `opbp_order_product_board_id` FOREIGN KEY (`opbp_order_product_board_id`) REFERENCES `j_order_product_board` (`opb_id`) ON DELETE CASCADE ON UPDATE CASCADE;

--
-- 限制表 `j_order_product_board_wood`
--
ALTER TABLE `j_order_product_board_wood`
  ADD CONSTRAINT `opw_order_product_board_id` FOREIGN KEY (`opbw_order_product_board_id`) REFERENCES `j_order_product_board` (`opb_id`) ON DELETE CASCADE ON UPDATE CASCADE;

--
-- 限制表 `j_order_product_classify`
--
ALTER TABLE `j_order_product_classify`
  ADD CONSTRAINT `opc_classify_id` FOREIGN KEY (`opc_classify_id`) REFERENCES `j_classify` (`c_id`) ON DELETE NO ACTION ON UPDATE NO ACTION,
  ADD CONSTRAINT `opc_order_product_id` FOREIGN KEY (`opc_order_product_id`) REFERENCES `j_order_product` (`op_id`) ON DELETE CASCADE ON UPDATE CASCADE,
  ADD CONSTRAINT `opc_status_id` FOREIGN KEY (`opc_status`) REFERENCES `j_workflow_procedure` (`wp_id`) ON DELETE NO ACTION ON UPDATE NO ACTION;

--
-- 限制表 `j_order_product_door`
--
ALTER TABLE `j_order_product_door`
  ADD CONSTRAINT `opd_order_product_id` FOREIGN KEY (`opd_order_product_id`) REFERENCES `j_order_product` (`op_id`) ON DELETE NO ACTION ON UPDATE NO ACTION;

--
-- 限制表 `j_order_product_fitting`
--
ALTER TABLE `j_order_product_fitting`
  ADD CONSTRAINT `opf_order_product_id` FOREIGN KEY (`opf_order_product_id`) REFERENCES `j_order_product` (`op_id`) ON DELETE CASCADE ON UPDATE CASCADE;

--
-- 限制表 `j_order_product_other`
--
ALTER TABLE `j_order_product_other`
  ADD CONSTRAINT `opo_order_product_id` FOREIGN KEY (`opo_order_product_id`) REFERENCES `j_order_product` (`op_id`) ON DELETE CASCADE ON UPDATE CASCADE;

--
-- 限制表 `j_order_product_remark`
--
ALTER TABLE `j_order_product_remark`
  ADD CONSTRAINT `opr_order_product_id` FOREIGN KEY (`opr_order_product_id`) REFERENCES `j_order_product` (`op_id`) ON DELETE CASCADE ON UPDATE CASCADE;

--
-- 限制表 `j_order_product_server`
--
ALTER TABLE `j_order_product_server`
  ADD CONSTRAINT `order_product_server_order_product` FOREIGN KEY (`ops_order_product_id`) REFERENCES `j_order_product` (`op_id`) ON DELETE CASCADE ON UPDATE CASCADE;

--
-- 限制表 `j_order_product_wardrobe_struct`
--
ALTER TABLE `j_order_product_wardrobe_struct`
  ADD CONSTRAINT `opws_order_product_id` FOREIGN KEY (`opws_order_product_id`) REFERENCES `j_order_product` (`op_id`) ON DELETE CASCADE ON UPDATE CASCADE;

--
-- 限制表 `j_order_remark`
--
ALTER TABLE `j_order_remark`
  ADD CONSTRAINT `or_order_id` FOREIGN KEY (`or_order_id`) REFERENCES `j_order` (`o_id`) ON DELETE CASCADE ON UPDATE CASCADE;

--
-- 限制表 `j_order_stock_outted`
--
ALTER TABLE `j_order_stock_outted`
  ADD CONSTRAINT `order_stock_outted_order_id` FOREIGN KEY (`oso_order_id`) REFERENCES `j_order` (`o_id`),
  ADD CONSTRAINT `order_stock_outted_stock_outted_id` FOREIGN KEY (`oso_stock_outted_id`) REFERENCES `j_stock_outted` (`so_id`);

--
-- 限制表 `j_page_form`
--
ALTER TABLE `j_page_form`
  ADD CONSTRAINT `page_form_form_page_v` FOREIGN KEY (`pf_form_page_id`) REFERENCES `j_form_page` (`fp_id`) ON DELETE CASCADE ON UPDATE CASCADE;

--
-- 限制表 `j_page_search`
--
ALTER TABLE `j_page_search`
  ADD CONSTRAINT `page_search_menu_v` FOREIGN KEY (`ps_menu_id`) REFERENCES `j_menu` (`m_id`) ON DELETE CASCADE ON UPDATE CASCADE;

--
-- 限制表 `j_production_line_procedure`
--
ALTER TABLE `j_production_line_procedure`
  ADD CONSTRAINT `plp_procedure` FOREIGN KEY (`plp_procedure`) REFERENCES `j_procedure` (`p_id`) ON DELETE CASCADE ON UPDATE CASCADE,
  ADD CONSTRAINT `plp_production_line` FOREIGN KEY (`plp_production_line`) REFERENCES `j_production_line` (`pl_id`) ON DELETE CASCADE ON UPDATE CASCADE;

--
-- 限制表 `j_role_card`
--
ALTER TABLE `j_role_card`
  ADD CONSTRAINT `card_v` FOREIGN KEY (`rc_card_id`) REFERENCES `j_card` (`c_id`) ON DELETE CASCADE ON UPDATE CASCADE,
  ADD CONSTRAINT `role_v` FOREIGN KEY (`rc_role_id`) REFERENCES `j_role` (`r_id`) ON DELETE CASCADE ON UPDATE CASCADE;

--
-- 限制表 `j_role_element`
--
ALTER TABLE `j_role_element`
  ADD CONSTRAINT `role_element_element_v` FOREIGN KEY (`re_element_id`) REFERENCES `j_element` (`e_id`) ON DELETE CASCADE ON UPDATE CASCADE,
  ADD CONSTRAINT `role_element_role_v` FOREIGN KEY (`re_role_id`) REFERENCES `j_role` (`r_id`) ON DELETE CASCADE ON UPDATE CASCADE;

--
-- 限制表 `j_role_form`
--
ALTER TABLE `j_role_form`
  ADD CONSTRAINT `role_form_form_v` FOREIGN KEY (`rf_form_id`) REFERENCES `j_form` (`f_id`) ON DELETE CASCADE ON UPDATE CASCADE,
  ADD CONSTRAINT `role_form_role_v` FOREIGN KEY (`rf_role_id`) REFERENCES `j_role` (`r_id`) ON DELETE CASCADE ON UPDATE CASCADE;

--
-- 限制表 `j_role_form_page`
--
ALTER TABLE `j_role_form_page`
  ADD CONSTRAINT `role_form_page_form_page_v` FOREIGN KEY (`rfp_form_page_id`) REFERENCES `j_form_page` (`fp_id`) ON DELETE CASCADE ON UPDATE CASCADE,
  ADD CONSTRAINT `role_form_page_role_v` FOREIGN KEY (`rfp_role_id`) REFERENCES `j_role` (`r_id`) ON DELETE CASCADE ON UPDATE CASCADE;

--
-- 限制表 `j_role_func`
--
ALTER TABLE `j_role_func`
  ADD CONSTRAINT `role_func_func_v` FOREIGN KEY (`rf_func_id`) REFERENCES `j_func` (`f_id`) ON DELETE CASCADE ON UPDATE CASCADE,
  ADD CONSTRAINT `role_func_role_v` FOREIGN KEY (`rf_role_id`) REFERENCES `j_role` (`r_id`) ON DELETE CASCADE ON UPDATE CASCADE;

--
-- 限制表 `j_role_menu`
--
ALTER TABLE `j_role_menu`
  ADD CONSTRAINT `role_menu_menu_v` FOREIGN KEY (`rm_menu_id`) REFERENCES `j_menu` (`m_id`) ON DELETE CASCADE ON UPDATE CASCADE,
  ADD CONSTRAINT `role_menu_role_v` FOREIGN KEY (`rm_role_id`) REFERENCES `j_role` (`r_id`) ON DELETE CASCADE ON UPDATE CASCADE;

--
-- 限制表 `j_role_page_form`
--
ALTER TABLE `j_role_page_form`
  ADD CONSTRAINT `role_page_form_page_form_v` FOREIGN KEY (`rpf_page_form_id`) REFERENCES `j_page_form` (`pf_id`) ON DELETE CASCADE ON UPDATE CASCADE,
  ADD CONSTRAINT `role_page_form_role_v` FOREIGN KEY (`rpf_role_id`) REFERENCES `j_role` (`r_id`) ON DELETE CASCADE ON UPDATE CASCADE;

--
-- 限制表 `j_role_page_search`
--
ALTER TABLE `j_role_page_search`
  ADD CONSTRAINT `role_page_search_page_search_v` FOREIGN KEY (`rps_page_search_id`) REFERENCES `j_page_search` (`ps_id`) ON DELETE CASCADE ON UPDATE CASCADE,
  ADD CONSTRAINT `role_page_search_role_v` FOREIGN KEY (`rps_role_id`) REFERENCES `j_role` (`r_id`) ON DELETE CASCADE ON UPDATE CASCADE;

--
-- 限制表 `j_role_visit`
--
ALTER TABLE `j_role_visit`
  ADD CONSTRAINT `role_visit_role_v` FOREIGN KEY (`rv_role_id`) REFERENCES `j_role` (`r_id`) ON DELETE CASCADE ON UPDATE CASCADE,
  ADD CONSTRAINT `role_visit_visit_v` FOREIGN KEY (`rv_visit_id`) REFERENCES `j_visit` (`v_id`) ON DELETE CASCADE ON UPDATE CASCADE;

--
-- 限制表 `j_saler_board_price`
--
ALTER TABLE `j_saler_board_price`
  ADD CONSTRAINT `saler_board_price_board` FOREIGN KEY (`sbp_board`) REFERENCES `j_board` (`b_name`) ON DELETE CASCADE ON UPDATE CASCADE;

--
-- 限制表 `j_shop`
--
ALTER TABLE `j_shop`
  ADD CONSTRAINT `shop_dealer` FOREIGN KEY (`s_dealer_id`) REFERENCES `j_dealer` (`d_id`) ON DELETE CASCADE ON UPDATE CASCADE;

--
-- 限制表 `j_user`
--
ALTER TABLE `j_user`
  ADD CONSTRAINT `user_usergroup_v` FOREIGN KEY (`u_usergroup_id`) REFERENCES `j_usergroup` (`u_id`);

--
-- 限制表 `j_usergroup_role`
--
ALTER TABLE `j_usergroup_role`
  ADD CONSTRAINT `usergroup_role_role_id` FOREIGN KEY (`ur_role_id`) REFERENCES `j_role` (`r_id`) ON DELETE CASCADE ON UPDATE CASCADE,
  ADD CONSTRAINT `usergroup_role_usergroup_id` FOREIGN KEY (`ur_usergroup_id`) REFERENCES `j_usergroup` (`u_id`) ON DELETE CASCADE ON UPDATE CASCADE;

--
-- 限制表 `j_warehouse`
--
ALTER TABLE `j_warehouse`
  ADD CONSTRAINT `warehouse_warehouse_shelve_num` FOREIGN KEY (`w_warehouse_shelve_num`) REFERENCES `j_warehouse_shelve` (`ws_num`) ON DELETE CASCADE ON UPDATE CASCADE;

--
-- 限制表 `j_warehouse_shelve`
--
ALTER TABLE `j_warehouse_shelve`
  ADD CONSTRAINT `warehouse_shelve_warehouse_area` FOREIGN KEY (`ws_warehouse_area_num`) REFERENCES `j_warehouse_area` (`wa_num`) ON DELETE CASCADE ON UPDATE CASCADE;

/*!40101 SET CHARACTER_SET_CLIENT=@OLD_CHARACTER_SET_CLIENT */;
/*!40101 SET CHARACTER_SET_RESULTS=@OLD_CHARACTER_SET_RESULTS */;
/*!40101 SET COLLATION_CONNECTION=@OLD_COLLATION_CONNECTION */;
